transaction_id,user_id,age,monthly_income,risk_profile,transaction_date,transaction_hour,category,merchant,amount,payment_method,device,is_salary_day_near,is_late_night,ad_clicked,discount_used,cashback_used,mood_score,financial_stress_level,impulse_purchase
1,29,20,50000,Conservative,2025-10-13,20,Electronics,Netflix,13430.65,UPI,Desktop,0,0,0,0,0,4,7,1
2,412,32,35000,Conservative,2025-08-08,6,Fashion,Uber,3501.93,BNPL,Mobile,0,0,0,1,0,6,5,0
3,377,25,50000,Balanced,2025-06-04,20,Groceries,Netflix,1468.21,Debit Card,Tablet,1,0,0,0,0,10,0,0
4,198,32,25000,Balanced,2025-01-07,19,Rent,Paytm,16404.22,UPI,Mobile,0,0,0,1,1,9,10,0
5,467,37,50000,Conservative,2025-02-10,21,Electronics,Paytm,21819.92,Credit Card,Mobile,0,0,1,0,0,9,10,1
6,478,29,15000,Aggressive,2025-07-01,5,Investment,Swiggy,6542.08,BNPL,Desktop,1,0,1,1,0,3,10,1
7,180,32,75000,Balanced,2025-10-21,14,Utilities,Groww,2629.46,UPI,Mobile,0,0,0,0,0,7,0,0
8,102,43,50000,Balanced,2025-02-05,12,Electronics,Netflix,20746.41,Credit Card,Mobile,1,0,1,1,0,4,10,1
9,419,38,50000,Conservative,2025-12-29,22,Investment,Flipkart,10139.81,Credit Card,Mobile,0,1,0,0,0,8,6,1
10,240,20,75000,Balanced,2025-01-16,6,Fashion,Flipkart,1141.79,UPI,Mobile,0,0,0,1,0,4,0,0
11,179,43,15000,Aggressive,2025-05-31,20,Food Delivery,PhonePe,378.09,Debit Card,Mobile,0,0,1,1,1,10,2,1
12,472,23,25000,Conservative,2025-03-13,4,Food Delivery,Swiggy,462.64,UPI,Desktop,0,0,0,1,0,5,0,0
13,268,23,25000,Conservative,2025-06-10,10,Education,Amazon,1242.36,Credit Card,Mobile,0,0,1,0,0,6,0,0
14,237,39,25000,Balanced,2025-10-08,19,EMI,Croma,9155.56,Credit Card,Mobile,0,0,0,0,0,3,9,1
15,320,41,25000,Balanced,2025-11-30,23,Fashion,Zomato,1914.09,Cash,Mobile,0,1,0,1,0,1,3,1
16,251,43,35000,Conservative,2025-03-17,8,Utilities,Netflix,1548.89,Credit Card,Mobile,0,0,0,0,0,10,0,0
17,358,40,50000,Aggressive,2025-03-01,12,Food Delivery,Amazon,200.68,Credit Card,Mobile,1,0,0,0,0,8,0,0
18,286,23,75000,Balanced,2025-01-23,6,Groceries,Uber,1450.8,Credit Card,Desktop,0,0,1,0,0,5,0,0
19,355,19,35000,Conservative,2025-09-21,8,Travel,Myntra,6890.33,UPI,Mobile,0,0,0,0,1,4,3,0
20,52,32,25000,Conservative,2025-06-06,5,Investment,Croma,3828.41,BNPL,Desktop,0,0,0,0,0,4,8,1
21,341,33,25000,Balanced,2025-06-14,12,Investment,Netflix,3763.68,UPI,Mobile,0,0,0,0,1,8,3,0
22,83,21,25000,Conservative,2025-04-29,14,Food Delivery,Myntra,543.76,Cash,Mobile,0,0,0,0,1,5,0,0
23,31,26,35000,Conservative,2025-08-18,11,Rent,Netflix,11607.79,Credit Card,Desktop,0,0,0,0,0,6,6,0
24,80,42,50000,Conservative,2025-11-14,0,Food Delivery,Croma,241.8,Credit Card,Desktop,0,1,0,1,1,2,2,1
25,136,33,35000,Conservative,2025-04-26,22,Groceries,BigBasket,725.82,BNPL,Mobile,0,1,0,0,0,1,5,1
26,328,25,35000,Conservative,2025-11-08,7,Investment,Uber,6446.08,UPI,Mobile,0,0,0,1,0,7,3,0
27,153,42,25000,Conservative,2025-09-04,1,EMI,Zomato,10114.93,UPI,Desktop,1,1,1,0,1,6,10,1
28,209,39,50000,Balanced,2025-09-28,0,Health,Uber,2911.42,BNPL,Mobile,0,1,1,0,0,6,6,1
29,470,37,25000,Conservative,2025-09-01,13,EMI,Zomato,7821.56,UPI,Mobile,1,0,0,0,0,2,6,0
30,76,33,50000,Aggressive,2025-12-23,7,EMI,Croma,7075.39,UPI,Mobile,0,0,1,0,0,4,2,0
31,457,39,25000,Balanced,2025-04-10,20,Travel,Croma,9007.91,Credit Card,Tablet,0,0,0,1,0,4,9,1
32,171,42,35000,Conservative,2025-01-14,23,Fashion,BigBasket,2714.98,Credit Card,Mobile,0,1,0,0,0,2,3,1
33,492,27,50000,Aggressive,2025-04-12,11,EMI,Croma,2879.27,Debit Card,Mobile,0,0,0,0,0,1,1,0
34,197,41,25000,Aggressive,2025-08-01,20,Entertainment,Swiggy,900.52,UPI,Mobile,1,0,0,0,0,2,0,0
35,310,31,25000,Aggressive,2025-10-31,22,Investment,PhonePe,10652.74,UPI,Mobile,0,1,0,0,0,5,8,0
36,235,18,15000,Balanced,2025-04-12,4,Entertainment,Zomato,1235.24,UPI,Mobile,0,0,0,1,0,3,1,0
37,109,19,15000,Balanced,2025-10-18,11,Health,BigBasket,1447.97,UPI,Desktop,0,0,1,0,0,2,1,0
38,49,30,75000,Conservative,2025-03-22,7,EMI,PhonePe,5733.99,UPI,Desktop,0,0,0,0,0,7,1,0
39,349,22,35000,Balanced,2025-03-27,21,Entertainment,Groww,690.29,UPI,Mobile,0,0,0,0,0,1,0,0
40,497,32,25000,Conservative,2025-02-07,11,Utilities,Netflix,927.66,UPI,Desktop,0,0,0,0,0,2,0,0
41,77,39,50000,Balanced,2025-02-23,22,Entertainment,Paytm,282.4,UPI,Mobile,0,1,0,1,0,1,2,1
42,199,42,100000,Aggressive,2025-07-05,12,Rent,Paytm,13949.14,UPI,Mobile,1,0,0,0,0,6,2,0
43,295,41,35000,Balanced,2025-06-07,11,Education,Uber,1367.41,Credit Card,Mobile,0,0,0,0,1,4,0,0
44,230,29,25000,Conservative,2025-12-15,20,Health,Uber,492.57,Credit Card,Mobile,0,0,1,0,0,10,0,0
45,481,37,35000,Conservative,2025-04-14,2,Electronics,Amazon,14116.42,UPI,Mobile,0,1,1,0,0,9,10,1
46,245,43,35000,Conservative,2025-03-18,9,Travel,Groww,100.0,BNPL,Mobile,0,0,0,1,1,7,3,0
47,275,26,25000,Conservative,2025-12-18,1,EMI,BigBasket,7757.57,Credit Card,Mobile,0,1,0,1,0,9,8,1
48,226,20,35000,Aggressive,2025-01-06,2,Rent,Amazon,12448.64,UPI,Mobile,0,1,0,0,0,5,7,0
49,452,36,50000,Balanced,2025-05-04,4,Education,Myntra,2597.42,UPI,Mobile,1,0,1,1,0,2,1,0
50,227,43,25000,Aggressive,2025-04-24,4,Electronics,Netflix,19464.66,Cash,Desktop,0,0,1,0,1,2,10,1
51,186,27,100000,Aggressive,2025-03-21,7,Travel,Flipkart,10382.69,UPI,Mobile,0,0,0,0,0,9,2,0
52,373,43,15000,Conservative,2025-02-20,4,Entertainment,Paytm,761.46,UPI,Mobile,0,0,0,0,1,9,1,0
53,166,23,15000,Balanced,2025-09-29,7,Fashion,Myntra,3939.76,BNPL,Desktop,0,0,1,1,1,3,10,1
54,307,26,35000,Balanced,2025-08-21,4,Rent,Paytm,7350.62,Credit Card,Mobile,0,0,0,0,1,9,4,0
55,378,28,35000,Balanced,2025-05-25,18,Travel,Croma,5640.81,Credit Card,Mobile,0,0,0,0,0,10,3,0
56,431,27,50000,Balanced,2025-09-21,16,Rent,Myntra,12520.79,Credit Card,Mobile,0,0,0,0,1,10,5,0
57,284,32,25000,Balanced,2025-11-03,17,Entertainment,BigBasket,539.44,UPI,Desktop,1,0,1,0,0,3,2,1
58,199,42,100000,Aggressive,2025-01-13,17,Electronics,Amazon,13113.59,UPI,Mobile,0,0,0,1,0,6,2,0
59,374,20,50000,Aggressive,2025-08-13,6,Investment,Swiggy,2727.33,Debit Card,Mobile,0,0,0,1,0,10,1,0
60,268,23,25000,Conservative,2025-08-28,20,Utilities,Myntra,2222.67,UPI,Mobile,0,0,0,0,0,6,1,0
61,422,22,15000,Aggressive,2025-07-21,11,Electronics,Myntra,8141.1,Debit Card,Desktop,0,0,0,0,0,3,10,1
62,100,35,35000,Aggressive,2025-10-16,8,EMI,Croma,7914.84,Credit Card,Desktop,0,0,0,1,0,9,4,0
63,417,42,50000,Conservative,2025-01-05,21,Investment,Paytm,4276.93,BNPL,Mobile,1,0,0,0,0,3,4,0
64,161,40,50000,Conservative,2025-10-26,0,Fashion,BigBasket,2084.31,UPI,Desktop,0,1,0,0,1,7,0,0
65,53,41,50000,Conservative,2025-06-01,6,Health,PhonePe,2238.35,Credit Card,Desktop,1,0,0,1,0,3,0,0
66,453,19,25000,Balanced,2025-02-17,6,Entertainment,PhonePe,685.26,Debit Card,Desktop,0,0,0,1,0,3,0,0
67,153,42,25000,Conservative,2025-07-07,4,Utilities,PhonePe,2548.4,UPI,Mobile,0,0,0,0,0,2,2,0
68,409,34,15000,Conservative,2025-11-06,12,Electronics,Swiggy,13394.9,Credit Card,Mobile,0,0,1,0,0,7,10,1
69,205,38,35000,Conservative,2025-07-15,18,Travel,Paytm,5376.86,UPI,Mobile,0,0,1,0,0,3,5,1
70,352,27,35000,Aggressive,2025-10-07,19,Travel,Zomato,9928.11,UPI,Mobile,0,0,0,1,0,9,5,0
71,31,26,35000,Conservative,2025-05-16,23,Health,Myntra,1650.09,UPI,Mobile,0,1,0,1,0,5,0,0
72,211,44,35000,Conservative,2025-01-06,10,Entertainment,Amazon,552.89,BNPL,Mobile,0,0,0,0,0,2,5,1
73,50,25,35000,Balanced,2025-11-18,16,Electronics,PhonePe,14897.78,UPI,Mobile,0,0,0,0,0,4,10,1
74,152,29,35000,Balanced,2025-04-10,21,Food Delivery,Flipkart,213.51,UPI,Mobile,0,0,0,0,1,3,0,0
75,454,22,15000,Aggressive,2025-04-21,20,Food Delivery,Paytm,193.73,Credit Card,Desktop,0,0,1,0,1,8,2,1
76,198,32,25000,Balanced,2025-09-17,2,Fashion,Croma,1957.03,UPI,Tablet,0,1,0,0,1,4,3,1
77,401,33,35000,Aggressive,2025-07-20,3,Groceries,Flipkart,1109.95,Debit Card,Tablet,0,0,0,1,0,1,0,0
78,180,32,75000,Balanced,2025-11-27,1,Utilities,Paytm,1067.84,Debit Card,Mobile,0,1,0,0,0,9,0,0
79,194,35,35000,Balanced,2025-04-09,6,Groceries,Myntra,360.4,Credit Card,Mobile,0,0,0,0,0,10,0,0
80,473,34,50000,Conservative,2025-09-05,13,Food Delivery,Croma,526.32,UPI,Mobile,1,0,0,0,1,3,0,0
81,194,35,35000,Balanced,2025-12-20,6,Utilities,Amazon,3091.32,Debit Card,Desktop,0,0,1,0,0,2,1,0
82,5,39,15000,Balanced,2025-01-28,12,Electronics,Groww,19957.72,UPI,Mobile,0,0,0,0,1,7,10,0
83,178,41,35000,Balanced,2025-03-11,1,Education,BigBasket,4389.91,Credit Card,Mobile,0,1,0,0,0,1,4,1
84,333,36,35000,Balanced,2025-07-28,10,Fashion,Uber,3345.78,UPI,Mobile,0,0,0,0,0,7,1,0
85,482,42,25000,Balanced,2025-05-09,13,EMI,Paytm,8049.16,Debit Card,Mobile,0,0,1,0,0,6,6,0
86,242,23,35000,Conservative,2025-05-03,13,Food Delivery,Uber,100.0,Debit Card,Desktop,1,0,0,1,0,8,0,0
87,101,19,25000,Conservative,2025-12-03,23,Entertainment,Paytm,785.67,Credit Card,Mobile,1,1,1,0,1,8,2,1
88,78,28,75000,Balanced,2025-05-18,21,EMI,Swiggy,6450.94,Credit Card,Mobile,0,0,0,1,0,3,1,0
89,31,26,35000,Conservative,2025-06-05,12,Electronics,Flipkart,14493.65,Credit Card,Mobile,1,0,0,0,0,2,10,1
90,439,18,75000,Balanced,2025-10-07,17,Health,Myntra,1927.57,Credit Card,Mobile,0,0,0,1,1,2,2,1
91,329,36,35000,Balanced,2025-02-13,4,Education,PhonePe,5011.23,UPI,Desktop,0,0,1,1,1,4,4,1
92,185,33,50000,Aggressive,2025-06-10,15,Fashion,Myntra,4874.85,BNPL,Mobile,0,0,1,0,0,3,6,1
93,455,21,15000,Conservative,2025-05-27,4,Electronics,Paytm,15397.08,UPI,Mobile,0,0,0,0,1,4,10,1
94,196,35,35000,Conservative,2025-03-25,3,Utilities,Groww,2325.7,UPI,Mobile,0,0,0,0,1,7,1,0
95,228,35,25000,Conservative,2025-01-30,15,Fashion,Swiggy,3178.11,Debit Card,Mobile,0,0,0,1,0,8,2,0
96,177,42,25000,Conservative,2025-08-23,16,Groceries,Amazon,1032.15,Debit Card,Mobile,0,0,0,0,1,10,0,0
97,108,31,75000,Conservative,2025-12-25,6,Food Delivery,Flipkart,482.88,Debit Card,Desktop,0,0,1,0,0,2,2,1
98,255,28,15000,Aggressive,2025-02-16,0,Electronics,Swiggy,11312.03,UPI,Mobile,0,1,0,1,1,5,10,1
99,133,19,25000,Conservative,2025-05-01,9,Health,Swiggy,2443.24,UPI,Mobile,1,0,0,0,1,3,1,0
100,171,42,35000,Conservative,2025-06-06,1,Food Delivery,Swiggy,381.51,Cash,Tablet,0,1,1,0,0,5,2,1
101,131,18,35000,Balanced,2025-09-04,22,Entertainment,Paytm,862.42,UPI,Desktop,1,1,0,0,1,5,0,0
102,462,36,25000,Conservative,2025-08-27,20,Utilities,Amazon,1860.57,Debit Card,Mobile,0,0,1,0,0,1,1,0
103,489,36,15000,Conservative,2025-05-16,2,Investment,Croma,4047.86,Credit Card,Mobile,0,1,1,0,0,7,7,1
104,368,21,50000,Conservative,2025-10-17,4,Education,Groww,3574.14,UPI,Mobile,0,0,0,0,0,5,1,0
105,386,33,50000,Conservative,2025-12-04,4,Fashion,Myntra,4511.49,Credit Card,Mobile,1,0,1,0,0,7,3,1
106,492,27,50000,Aggressive,2025-05-06,11,Investment,Swiggy,3084.39,UPI,Mobile,0,0,0,0,0,7,1,0
107,56,34,100000,Conservative,2025-09-08,3,Electronics,Flipkart,7018.92,Cash,Mobile,0,0,0,0,0,2,1,0
108,273,34,75000,Balanced,2025-07-25,1,Travel,BigBasket,4400.78,UPI,Mobile,0,1,0,0,1,8,1,0
109,117,25,50000,Aggressive,2025-09-09,7,EMI,PhonePe,7213.97,Debit Card,Tablet,0,0,1,0,0,7,2,0
110,432,22,50000,Conservative,2025-02-27,15,Rent,Zomato,11856.57,UPI,Mobile,0,0,0,1,1,10,4,0
111,300,23,25000,Balanced,2025-03-20,15,Education,Groww,2256.1,UPI,Desktop,0,0,0,1,0,10,1,0
112,432,22,50000,Conservative,2025-11-15,3,EMI,Zomato,3813.71,UPI,Mobile,0,0,0,1,0,10,1,0
113,326,41,75000,Conservative,2025-01-04,4,Entertainment,Amazon,897.94,Debit Card,Mobile,1,0,0,0,1,7,0,0
114,97,40,25000,Balanced,2025-10-20,14,Health,Groww,1802.85,Credit Card,Mobile,0,0,0,1,0,5,1,0
115,403,44,75000,Balanced,2025-05-16,11,Investment,Croma,1773.71,UPI,Desktop,0,0,0,0,0,4,0,0
116,37,44,35000,Balanced,2025-03-23,1,Travel,Zomato,10742.79,Credit Card,Mobile,0,1,0,0,0,5,8,1
117,14,42,100000,Aggressive,2025-09-12,1,EMI,Croma,5160.22,Credit Card,Mobile,0,1,0,0,1,5,1,0
118,413,41,15000,Aggressive,2025-12-18,4,Health,Zomato,1699.48,Debit Card,Mobile,0,0,1,0,0,4,2,0
119,327,34,15000,Balanced,2025-08-17,3,Entertainment,Myntra,350.91,Debit Card,Mobile,0,0,0,1,0,8,0,0
120,244,24,25000,Conservative,2025-04-21,2,Rent,Amazon,16509.71,Credit Card,Mobile,0,1,0,1,1,4,10,1
121,138,20,35000,Balanced,2025-08-21,14,Food Delivery,PhonePe,335.31,Credit Card,Mobile,0,0,1,1,1,7,2,1
122,193,30,75000,Aggressive,2025-07-08,14,Electronics,Uber,10574.87,BNPL,Mobile,0,0,0,0,1,6,5,0
123,379,20,50000,Balanced,2025-03-27,20,Entertainment,Amazon,837.37,Debit Card,Mobile,0,0,0,0,0,3,0,0
124,137,44,50000,Balanced,2025-03-29,10,Groceries,BigBasket,1322.3,BNPL,Mobile,0,0,1,0,0,9,3,0
125,494,30,15000,Aggressive,2025-03-08,23,Entertainment,BigBasket,811.83,Credit Card,Mobile,0,1,0,0,0,2,3,1
126,362,39,15000,Aggressive,2025-09-01,6,EMI,BigBasket,6363.35,UPI,Mobile,1,0,0,1,1,8,8,0
127,483,38,25000,Balanced,2025-05-25,21,Electronics,BigBasket,22149.49,UPI,Mobile,0,0,0,0,0,4,10,1
128,112,37,15000,Conservative,2025-10-29,1,Health,Uber,4470.44,Debit Card,Mobile,0,1,0,1,0,4,7,1
129,356,39,35000,Balanced,2025-06-24,10,Fashion,Paytm,2514.0,Debit Card,Mobile,0,0,0,0,0,9,1,0
130,317,44,35000,Conservative,2025-09-26,13,Investment,BigBasket,3035.22,Credit Card,Mobile,0,0,0,0,0,8,1,0
131,77,39,50000,Balanced,2025-06-01,20,Groceries,Zomato,498.75,UPI,Mobile,1,0,1,1,0,1,0,0
132,236,37,25000,Conservative,2025-09-05,23,Groceries,Flipkart,1528.98,Debit Card,Mobile,1,1,0,1,0,7,1,0
133,422,22,15000,Aggressive,2025-12-31,1,Travel,Uber,5941.41,Credit Card,Mobile,0,1,0,0,1,4,9,1
134,406,42,35000,Conservative,2025-07-29,13,Education,Netflix,2302.52,BNPL,Mobile,0,0,0,1,0,5,4,0
135,294,32,50000,Conservative,2025-04-04,10,Rent,Groww,13085.71,BNPL,Tablet,1,0,0,0,0,8,8,0
136,369,28,25000,Conservative,2025-08-15,0,Health,Uber,1323.03,Cash,Mobile,0,1,0,0,0,3,1,0
137,127,39,15000,Conservative,2025-02-14,6,Rent,Zomato,8995.04,Credit Card,Mobile,0,0,0,0,0,3,10,1
138,343,35,15000,Conservative,2025-01-02,14,EMI,Croma,3813.47,Credit Card,Desktop,1,0,1,0,0,4,7,1
139,189,43,25000,Conservative,2025-11-29,3,EMI,Amazon,7514.67,UPI,Tablet,0,0,0,0,1,10,6,0
140,183,26,25000,Conservative,2025-07-13,15,Rent,Amazon,7426.57,Cash,Mobile,0,0,0,0,0,7,5,0
141,172,36,50000,Balanced,2025-10-22,12,Fashion,BigBasket,1477.78,Debit Card,Mobile,0,0,0,0,0,4,0,0
142,58,22,25000,Balanced,2025-08-30,17,Education,Swiggy,4043.61,Debit Card,Mobile,0,0,0,0,0,10,3,0
143,275,26,25000,Conservative,2025-05-29,9,Investment,Flipkart,1229.4,UPI,Mobile,0,0,0,0,0,8,0,0
144,100,35,35000,Aggressive,2025-11-08,18,Education,Myntra,2890.39,Credit Card,Mobile,0,0,0,0,1,5,1,0
145,83,21,25000,Conservative,2025-05-16,6,Electronics,Zomato,17220.27,Credit Card,Mobile,0,0,0,0,0,6,10,1
146,305,22,75000,Balanced,2025-09-10,11,Electronics,Paytm,7304.83,Credit Card,Tablet,0,0,0,1,0,8,1,0
147,288,32,35000,Balanced,2025-11-07,10,Food Delivery,Paytm,555.6,UPI,Desktop,0,0,1,1,0,10,0,0
148,117,25,50000,Aggressive,2025-07-23,8,Investment,Paytm,3031.25,UPI,Mobile,0,0,0,1,0,5,1,0
149,425,35,35000,Aggressive,2025-12-21,18,Groceries,Flipkart,869.39,Cash,Mobile,0,0,0,0,0,2,0,0
150,171,42,35000,Conservative,2025-11-15,2,Entertainment,Swiggy,480.4,UPI,Tablet,0,1,1,1,1,6,2,1
151,356,39,35000,Balanced,2025-06-29,16,Entertainment,PhonePe,989.36,Credit Card,Desktop,0,0,0,0,0,9,0,0
152,349,22,35000,Balanced,2025-04-01,16,Fashion,BigBasket,2678.27,Credit Card,Desktop,1,0,1,0,0,10,3,1
153,232,43,50000,Balanced,2025-10-11,0,Groceries,Uber,631.68,UPI,Mobile,0,1,0,0,1,9,0,0
154,469,38,75000,Aggressive,2025-08-26,6,Travel,Uber,9727.34,Credit Card,Mobile,0,0,0,0,1,9,2,0
155,241,32,15000,Aggressive,2025-06-08,4,Fashion,Swiggy,2524.17,Credit Card,Mobile,0,0,0,0,1,1,5,1
156,322,38,35000,Aggressive,2025-11-05,5,Travel,BigBasket,6621.66,Credit Card,Mobile,1,0,0,0,0,8,3,0
157,494,30,15000,Aggressive,2025-12-18,18,Utilities,Zomato,1283.82,Debit Card,Desktop,0,0,1,1,0,3,1,0
158,413,41,15000,Aggressive,2025-03-23,2,Entertainment,PhonePe,768.58,UPI,Mobile,0,1,0,0,0,5,1,0
159,264,37,35000,Conservative,2025-02-07,2,Fashion,Groww,801.89,Credit Card,Mobile,0,1,1,1,0,3,2,1
160,391,31,15000,Balanced,2025-09-01,7,Entertainment,BigBasket,1197.4,BNPL,Mobile,1,0,1,1,0,7,6,1
161,254,23,25000,Conservative,2025-09-26,16,Investment,Amazon,7466.31,Cash,Mobile,0,0,0,0,1,5,5,0
162,498,34,100000,Conservative,2025-12-26,17,EMI,Uber,4137.34,Debit Card,Mobile,0,0,1,0,0,8,0,0
163,172,36,50000,Balanced,2025-01-12,23,Investment,PhonePe,5739.35,UPI,Mobile,0,1,1,0,1,1,4,1
164,168,19,15000,Conservative,2025-06-18,4,Investment,Uber,718.6,UPI,Mobile,0,0,1,1,0,3,0,0
165,450,25,25000,Balanced,2025-08-16,14,Health,Croma,826.72,Debit Card,Tablet,0,0,0,0,0,4,0,0
166,72,43,100000,Balanced,2025-08-12,6,Education,Flipkart,1857.86,Credit Card,Desktop,0,0,1,0,0,9,0,0
167,280,42,75000,Conservative,2025-09-05,22,Electronics,PhonePe,11511.68,UPI,Desktop,1,1,0,0,0,6,5,1
168,214,23,35000,Aggressive,2025-06-12,8,Utilities,Uber,795.16,UPI,Mobile,0,0,1,1,0,7,0,0
169,291,40,15000,Conservative,2025-04-28,7,Travel,Amazon,7134.55,Credit Card,Mobile,0,0,0,0,1,9,9,0
170,136,33,35000,Conservative,2025-07-25,6,Utilities,Myntra,1114.05,Credit Card,Mobile,0,0,0,0,0,7,0,0
171,235,18,15000,Balanced,2025-09-16,18,Electronics,Myntra,11246.14,Credit Card,Desktop,0,0,0,0,1,10,10,1
172,37,44,35000,Balanced,2025-05-07,9,EMI,Flipkart,5190.37,UPI,Mobile,0,0,1,0,0,7,2,0
173,1,24,50000,Conservative,2025-10-29,22,Electronics,Groww,4740.64,UPI,Mobile,0,1,1,0,0,5,3,1
174,417,42,50000,Conservative,2025-07-10,20,Utilities,Myntra,1806.57,Credit Card,Desktop,0,0,0,0,0,7,0,0
175,118,27,25000,Balanced,2025-05-07,15,Electronics,PhonePe,19461.92,UPI,Mobile,0,0,0,0,1,5,10,0
176,52,32,25000,Conservative,2025-10-04,19,Entertainment,Uber,1148.61,Credit Card,Mobile,1,0,1,0,0,2,2,1
177,216,44,15000,Balanced,2025-07-19,18,Investment,Myntra,4898.34,Credit Card,Mobile,0,0,0,1,0,10,6,0
178,77,39,50000,Balanced,2025-01-06,10,Utilities,Myntra,2591.78,Debit Card,Mobile,0,0,0,1,1,2,1,0
179,113,28,15000,Balanced,2025-01-21,1,Entertainment,Paytm,1321.19,UPI,Mobile,0,1,0,0,1,7,1,0
180,11,36,25000,Aggressive,2025-11-13,22,Entertainment,Swiggy,680.71,Credit Card,Mobile,0,1,0,1,0,4,2,1
181,373,43,15000,Conservative,2025-10-31,1,Investment,BigBasket,7598.69,UPI,Mobile,0,1,0,0,0,10,10,0
182,298,21,50000,Balanced,2025-05-06,11,Investment,Amazon,6837.99,Credit Card,Mobile,0,0,0,0,0,9,2,0
183,27,18,25000,Conservative,2025-04-21,4,Investment,Myntra,3401.03,BNPL,Mobile,0,0,0,0,0,7,5,0
184,101,19,25000,Conservative,2025-12-21,17,Groceries,PhonePe,1517.03,Debit Card,Mobile,0,0,0,1,0,7,1,0
185,331,21,25000,Aggressive,2025-04-02,9,EMI,Groww,2096.51,UPI,Desktop,1,0,0,0,0,9,1,0
186,242,23,35000,Conservative,2025-03-06,2,Fashion,Netflix,133.26,Debit Card,Mobile,0,1,0,0,0,8,0,0
187,380,29,100000,Conservative,2025-04-02,22,Fashion,Zomato,2850.81,UPI,Mobile,1,1,0,1,0,6,0,0
188,99,43,75000,Conservative,2025-01-11,17,Entertainment,Zomato,698.56,UPI,Desktop,0,0,0,0,0,2,0,0
189,158,37,35000,Balanced,2025-02-03,10,Food Delivery,Netflix,414.97,Debit Card,Desktop,1,0,0,1,0,4,0,0
190,305,22,75000,Balanced,2025-03-20,18,Education,Myntra,2084.1,BNPL,Mobile,0,0,0,1,1,5,3,0
191,331,21,25000,Aggressive,2025-03-07,19,EMI,BigBasket,2515.67,UPI,Tablet,0,0,0,0,1,7,2,0
192,212,32,35000,Balanced,2025-08-30,15,Entertainment,Groww,847.32,BNPL,Mobile,0,0,1,0,0,8,5,1
193,205,38,35000,Conservative,2025-02-17,23,Electronics,Netflix,781.93,Credit Card,Mobile,0,1,0,0,1,1,2,1
194,114,38,25000,Aggressive,2025-04-09,10,Groceries,Swiggy,1016.98,Debit Card,Desktop,0,0,0,0,0,6,0,0
195,404,20,15000,Conservative,2025-03-08,8,Electronics,Paytm,10982.83,Debit Card,Mobile,0,0,0,0,0,7,10,0
196,349,22,35000,Balanced,2025-03-07,7,Rent,Croma,13363.42,Debit Card,Mobile,0,0,0,0,0,6,7,0
197,294,32,50000,Conservative,2025-09-02,5,Groceries,Myntra,1291.01,UPI,Desktop,1,0,1,0,1,9,0,0
198,438,19,35000,Aggressive,2025-02-25,8,EMI,Amazon,8359.72,Debit Card,Desktop,0,0,1,1,1,9,6,1
199,196,35,35000,Conservative,2025-06-22,5,Rent,BigBasket,16490.8,Debit Card,Mobile,0,0,0,0,0,9,9,0
200,79,25,35000,Conservative,2025-02-07,20,Health,Groww,2137.64,Credit Card,Desktop,0,0,0,0,0,6,1,0
201,379,20,50000,Balanced,2025-10-14,23,Travel,Flipkart,5470.83,UPI,Mobile,0,1,1,1,0,5,2,0
202,208,25,15000,Balanced,2025-03-09,18,Health,PhonePe,1686.42,UPI,Desktop,0,0,1,1,1,4,4,1
203,230,29,25000,Conservative,2025-11-05,14,Fashion,BigBasket,2218.33,UPI,Mobile,1,0,0,0,1,2,1,0
204,328,25,35000,Conservative,2025-12-21,19,Utilities,PhonePe,2569.25,UPI,Mobile,0,0,0,1,1,8,1,0
205,350,19,75000,Conservative,2025-09-19,13,Food Delivery,Paytm,453.0,UPI,Mobile,0,0,0,1,0,9,0,0
206,42,30,15000,Conservative,2025-08-21,1,Electronics,Groww,15123.23,BNPL,Mobile,0,1,1,1,0,6,10,1
207,36,43,25000,Conservative,2025-04-07,18,Rent,Croma,21048.7,Credit Card,Mobile,0,0,0,0,1,9,10,0
208,183,26,25000,Conservative,2025-05-17,14,Utilities,Myntra,1809.37,UPI,Mobile,0,0,1,0,0,7,1,0
209,495,43,25000,Conservative,2025-01-21,11,Food Delivery,Netflix,365.85,UPI,Tablet,0,0,0,1,0,10,0,0
210,408,24,35000,Balanced,2025-09-07,7,Education,Netflix,4499.53,UPI,Mobile,0,0,0,1,0,2,2,0
211,477,37,15000,Balanced,2025-10-19,2,EMI,Paytm,7542.02,UPI,Mobile,0,1,0,1,1,9,10,1
212,3,36,15000,Balanced,2025-07-15,0,Health,Netflix,1321.72,UPI,Mobile,0,1,0,0,0,10,1,0
213,309,18,15000,Aggressive,2025-06-05,7,Fashion,PhonePe,4408.91,Debit Card,Mobile,1,0,0,0,1,5,5,0
214,318,29,75000,Conservative,2025-08-30,20,Rent,Flipkart,7568.78,UPI,Desktop,0,0,0,1,1,1,2,0
215,37,44,35000,Balanced,2025-11-09,14,Education,Groww,3475.9,Debit Card,Mobile,0,0,0,0,0,8,1,0
216,418,25,75000,Balanced,2025-01-03,6,Rent,Croma,17582.77,Debit Card,Mobile,1,0,1,0,0,2,6,1
217,393,40,50000,Balanced,2025-05-27,18,Rent,Myntra,11709.63,Debit Card,Mobile,0,0,0,0,0,6,4,0
218,376,43,35000,Conservative,2025-03-14,16,Electronics,Netflix,13913.05,UPI,Desktop,0,0,1,0,0,5,9,1
219,341,33,25000,Balanced,2025-01-06,19,Education,Paytm,2420.59,UPI,Mobile,0,0,0,0,0,1,1,0
220,194,35,35000,Balanced,2025-06-17,10,EMI,Netflix,9831.03,Credit Card,Mobile,0,0,0,0,0,2,7,1
221,43,39,75000,Balanced,2025-02-17,19,Health,BigBasket,2156.41,Credit Card,Mobile,0,0,0,1,0,1,0,0
222,66,44,25000,Balanced,2025-04-08,3,Investment,PhonePe,4816.54,UPI,Mobile,0,0,0,0,1,9,3,0
223,410,35,25000,Conservative,2025-10-27,19,Electronics,Groww,15940.94,UPI,Desktop,0,0,0,1,1,7,10,1
224,379,20,50000,Balanced,2025-08-05,8,Utilities,PhonePe,3134.92,Credit Card,Mobile,1,0,0,0,1,8,1,0
225,60,23,25000,Balanced,2025-07-14,14,Rent,Zomato,12786.91,UPI,Mobile,0,0,0,0,0,7,10,0
226,114,38,25000,Aggressive,2025-10-27,22,Entertainment,Uber,582.2,UPI,Tablet,0,1,0,0,0,6,0,0
227,188,43,25000,Balanced,2025-12-10,17,Investment,Myntra,2160.55,UPI,Mobile,0,0,0,1,0,2,1,0
228,435,33,50000,Conservative,2025-11-30,9,Education,Uber,2620.64,BNPL,Mobile,0,0,1,0,0,8,4,0
229,229,38,35000,Balanced,2025-05-24,23,Electronics,Uber,16087.5,UPI,Mobile,0,1,1,0,1,9,10,1
230,165,26,50000,Balanced,2025-07-31,2,Health,BigBasket,2560.6,UPI,Mobile,0,1,1,0,0,7,1,0
231,50,25,35000,Balanced,2025-02-01,4,Electronics,Zomato,1805.36,UPI,Mobile,1,0,0,0,0,2,1,0
232,499,44,15000,Aggressive,2025-08-10,15,Health,Paytm,2418.4,Debit Card,Desktop,0,0,0,1,0,7,3,0
233,472,23,25000,Conservative,2025-09-02,4,Health,Uber,2285.06,Debit Card,Mobile,1,0,1,0,1,5,1,0
234,495,43,25000,Conservative,2025-03-09,20,Electronics,Flipkart,13203.24,UPI,Mobile,0,0,0,0,0,10,10,0
235,346,19,75000,Balanced,2025-06-20,20,Groceries,Amazon,1477.22,UPI,Mobile,0,0,0,0,0,1,0,0
236,212,32,35000,Balanced,2025-01-16,15,Food Delivery,Swiggy,296.16,Credit Card,Mobile,0,0,0,0,0,10,0,0
237,242,23,35000,Conservative,2025-02-09,3,Investment,Uber,4431.78,Cash,Mobile,0,0,0,0,0,2,2,0
238,11,36,25000,Aggressive,2025-10-01,22,Travel,PhonePe,7307.9,Credit Card,Mobile,1,1,0,0,0,6,7,1
239,251,43,35000,Conservative,2025-03-08,1,Fashion,Myntra,3547.54,Credit Card,Mobile,0,1,1,0,0,1,4,1
240,150,33,15000,Conservative,2025-09-20,8,Utilities,BigBasket,1557.79,UPI,Mobile,0,0,0,0,0,6,2,0
241,178,41,35000,Balanced,2025-12-14,22,EMI,Croma,6379.7,Debit Card,Mobile,0,1,0,1,0,1,5,1
242,122,43,25000,Conservative,2025-03-19,9,Electronics,Amazon,2596.48,UPI,Mobile,0,0,1,1,0,5,2,0
243,329,36,35000,Balanced,2025-05-14,10,Travel,Flipkart,6457.85,BNPL,Mobile,0,0,0,1,0,8,6,0
244,397,19,75000,Balanced,2025-01-25,10,Fashion,Amazon,1392.26,UPI,Desktop,0,0,1,1,0,5,0,0
245,425,35,35000,Aggressive,2025-04-09,23,Rent,Flipkart,4253.35,UPI,Desktop,0,1,0,0,0,7,2,0
246,359,38,50000,Balanced,2025-01-25,21,Rent,Zomato,9037.3,UPI,Mobile,0,0,0,0,0,1,3,0
247,25,30,15000,Aggressive,2025-02-02,19,Health,Croma,2045.91,BNPL,Mobile,1,0,0,0,1,10,5,0
248,327,34,15000,Balanced,2025-04-29,23,Electronics,PhonePe,18109.99,Debit Card,Mobile,0,1,0,0,1,7,10,1
249,143,20,25000,Balanced,2025-08-20,9,Utilities,Amazon,1949.83,BNPL,Mobile,0,0,0,0,1,2,4,0
250,46,28,25000,Conservative,2025-05-24,23,Food Delivery,Flipkart,153.81,Credit Card,Mobile,0,1,0,0,1,9,2,1
251,490,42,35000,Conservative,2025-08-15,9,Investment,Netflix,4460.64,Credit Card,Desktop,0,0,1,0,0,1,4,1
252,15,26,15000,Conservative,2025-08-04,8,Investment,Uber,3284.85,Debit Card,Mobile,1,0,0,0,1,8,4,0
253,194,35,35000,Balanced,2025-03-31,15,Food Delivery,Swiggy,214.83,UPI,Desktop,0,0,0,0,1,7,0,0
254,216,44,15000,Balanced,2025-04-01,15,Education,Swiggy,4825.91,UPI,Mobile,1,0,0,1,0,10,6,0
255,302,30,15000,Conservative,2025-04-18,0,Utilities,Myntra,791.01,Credit Card,Mobile,0,1,0,0,0,8,1,0
256,129,37,25000,Conservative,2025-05-22,22,Health,Flipkart,2758.46,Cash,Mobile,0,1,0,1,1,3,4,1
257,196,35,35000,Conservative,2025-09-10,14,Fashion,Amazon,1824.16,Credit Card,Desktop,0,0,0,1,0,6,1,0
258,233,32,35000,Conservative,2025-12-06,1,Entertainment,Myntra,511.38,UPI,Mobile,0,1,0,0,1,10,0,0
259,234,33,15000,Conservative,2025-07-27,12,Fashion,Zomato,2976.32,Credit Card,Desktop,0,0,0,1,1,6,5,1
260,215,35,35000,Conservative,2025-05-16,5,Fashion,Flipkart,4788.36,Credit Card,Mobile,0,0,0,0,1,3,4,1
261,111,39,35000,Conservative,2025-06-20,5,Rent,Groww,7863.84,UPI,Desktop,0,0,0,0,0,5,4,0
262,5,39,15000,Balanced,2025-06-22,0,Electronics,Myntra,16256.45,Debit Card,Mobile,0,1,0,0,0,5,10,1
263,299,37,25000,Aggressive,2025-03-19,9,Education,Swiggy,562.8,BNPL,Mobile,0,0,0,0,0,2,3,0
264,280,42,75000,Conservative,2025-03-21,19,Rent,Myntra,14718.49,Debit Card,Mobile,0,0,1,0,0,5,3,0
265,324,25,35000,Balanced,2025-06-21,17,Education,PhonePe,2081.33,Debit Card,Mobile,0,0,0,0,0,8,1,0
266,417,42,50000,Conservative,2025-05-23,4,Entertainment,Croma,498.57,Credit Card,Mobile,0,0,0,0,0,2,2,1
267,312,25,35000,Conservative,2025-09-04,10,Groceries,Groww,1409.37,Cash,Mobile,1,0,1,1,0,4,0,0
268,474,32,35000,Balanced,2025-10-12,23,Utilities,Myntra,2775.5,UPI,Mobile,0,1,0,0,0,9,1,0
269,292,19,50000,Aggressive,2025-07-25,3,Health,Swiggy,1309.8,UPI,Mobile,0,0,0,1,0,4,0,0
270,198,32,25000,Balanced,2025-08-30,23,Health,Amazon,2077.34,UPI,Mobile,0,1,1,0,0,9,1,0
271,220,34,25000,Balanced,2025-01-22,22,Food Delivery,Amazon,613.91,Debit Card,Mobile,0,1,0,0,0,2,2,1
272,164,28,50000,Aggressive,2025-09-11,18,Education,Amazon,3467.12,UPI,Mobile,0,0,1,0,0,10,1,0
273,201,18,15000,Conservative,2025-03-28,2,Entertainment,PhonePe,796.79,UPI,Mobile,0,1,1,0,0,2,3,1
274,273,34,75000,Balanced,2025-09-07,7,Health,Groww,2023.36,Cash,Mobile,0,0,1,0,0,7,0,0
275,53,41,50000,Conservative,2025-11-02,10,Utilities,Flipkart,1704.4,Debit Card,Mobile,1,0,1,1,0,5,0,0
276,109,19,15000,Balanced,2025-04-15,12,Food Delivery,Groww,100.0,UPI,Mobile,0,0,0,1,1,1,2,1
277,462,36,25000,Conservative,2025-02-11,22,Education,Swiggy,1936.97,UPI,Mobile,0,1,0,0,0,5,1,0
278,260,34,35000,Balanced,2025-07-16,9,Rent,Zomato,5282.41,BNPL,Mobile,0,0,0,0,0,4,8,1
279,75,40,25000,Conservative,2025-08-15,17,Groceries,Flipkart,1100.47,Cash,Mobile,0,0,0,1,0,6,0,0
280,94,26,100000,Conservative,2025-10-01,23,Entertainment,Croma,765.05,UPI,Desktop,1,1,0,0,0,1,2,1
281,18,21,25000,Balanced,2025-05-30,19,Utilities,BigBasket,867.05,Credit Card,Mobile,0,0,0,1,0,7,0,0
282,421,34,100000,Aggressive,2025-07-12,16,Entertainment,BigBasket,1013.71,Credit Card,Desktop,0,0,0,0,1,10,0,0
283,310,31,25000,Aggressive,2025-10-22,1,Fashion,Amazon,2748.9,UPI,Mobile,0,1,0,0,0,9,2,0
284,372,39,15000,Balanced,2025-12-26,11,Groceries,Croma,1388.46,UPI,Mobile,0,0,0,0,0,1,1,0
285,80,42,50000,Conservative,2025-11-12,15,EMI,Amazon,5993.25,UPI,Mobile,0,0,0,0,0,3,2,0
286,180,32,75000,Balanced,2025-03-05,3,EMI,Myntra,4820.56,BNPL,Mobile,1,0,0,1,0,4,4,0
287,357,43,35000,Conservative,2025-10-07,22,Utilities,Flipkart,1098.05,UPI,Mobile,0,1,1,1,0,5,0,0
288,226,20,35000,Aggressive,2025-09-03,12,Fashion,Amazon,3906.12,UPI,Mobile,1,0,0,0,0,8,2,0
289,331,21,25000,Aggressive,2025-02-09,16,EMI,Croma,2745.4,UPI,Desktop,0,0,1,0,0,3,2,0
290,36,43,25000,Conservative,2025-02-24,7,Groceries,Netflix,1068.71,Credit Card,Tablet,0,0,0,0,1,5,0,0
291,151,41,75000,Balanced,2025-03-13,5,Investment,Netflix,7623.5,UPI,Mobile,0,0,0,1,0,2,2,0
292,322,38,35000,Aggressive,2025-12-22,2,Investment,Myntra,3889.82,Cash,Mobile,0,1,0,1,1,9,2,0
293,342,38,35000,Conservative,2025-08-19,10,Fashion,Amazon,3202.61,Credit Card,Mobile,0,0,0,0,0,2,3,1
294,368,21,50000,Conservative,2025-11-07,22,Electronics,Flipkart,19012.85,UPI,Mobile,0,1,1,0,0,8,9,1
295,260,34,35000,Balanced,2025-01-15,4,Travel,Myntra,3526.08,Credit Card,Mobile,0,0,0,1,0,6,2,0
296,63,23,25000,Aggressive,2025-06-17,13,EMI,Flipkart,9580.23,UPI,Desktop,0,0,0,0,0,9,7,0
297,321,28,35000,Conservative,2025-04-07,17,Travel,Paytm,10838.24,Credit Card,Tablet,0,0,0,1,0,7,6,0
298,41,30,35000,Conservative,2025-06-26,19,EMI,BigBasket,5048.74,UPI,Mobile,0,0,0,0,0,9,2,0
299,498,34,100000,Conservative,2025-11-12,10,Travel,BigBasket,10601.88,Credit Card,Mobile,0,0,1,1,1,5,4,1
300,366,43,35000,Conservative,2025-07-04,0,Fashion,Netflix,2328.86,UPI,Mobile,1,1,0,0,1,3,3,1
301,152,29,35000,Balanced,2025-11-20,4,Health,Paytm,2771.78,UPI,Mobile,0,0,0,0,1,10,1,0
302,430,26,15000,Aggressive,2025-05-27,20,Electronics,PhonePe,11772.76,UPI,Mobile,0,0,0,0,0,1,10,1
303,112,37,15000,Conservative,2025-09-27,13,Fashion,Amazon,2861.57,UPI,Desktop,0,0,0,0,0,10,3,0
304,326,41,75000,Conservative,2025-10-31,9,Fashion,Myntra,1829.27,Credit Card,Mobile,0,0,0,0,0,6,0,0
305,138,20,35000,Balanced,2025-01-21,18,Health,Swiggy,2739.11,UPI,Desktop,0,0,0,0,0,2,1,0
306,354,36,35000,Balanced,2025-04-09,15,Food Delivery,Flipkart,390.13,Credit Card,Mobile,0,0,1,0,0,4,2,1
307,332,24,50000,Conservative,2025-03-11,15,Electronics,Myntra,5187.68,Debit Card,Mobile,0,0,0,0,0,6,2,0
308,183,26,25000,Conservative,2025-09-05,16,Fashion,Croma,1626.06,Debit Card,Mobile,1,0,0,1,0,3,1,0
309,153,42,25000,Conservative,2025-11-22,11,Rent,BigBasket,11750.5,UPI,Desktop,0,0,0,0,0,10,9,0
310,45,29,25000,Aggressive,2025-04-27,12,Food Delivery,Zomato,352.6,Debit Card,Tablet,0,0,1,1,1,4,2,1
311,415,23,100000,Aggressive,2025-01-01,12,Electronics,Flipkart,18846.8,BNPL,Mobile,1,0,1,1,0,9,8,1
312,212,32,35000,Balanced,2025-04-25,19,Entertainment,Flipkart,693.62,UPI,Desktop,0,0,0,0,0,4,0,0
313,427,41,50000,Conservative,2025-08-15,1,Rent,Swiggy,10723.31,UPI,Mobile,0,1,0,1,0,2,6,1
314,100,35,35000,Aggressive,2025-02-14,0,Investment,Groww,5296.23,UPI,Mobile,0,1,0,0,1,6,3,0
315,350,19,75000,Conservative,2025-09-26,21,Electronics,Netflix,1976.77,Debit Card,Mobile,0,0,1,0,0,3,2,1
316,119,36,35000,Conservative,2025-02-14,2,Electronics,Amazon,11826.79,Debit Card,Mobile,0,1,0,0,0,6,8,1
317,438,19,35000,Aggressive,2025-05-24,17,Education,Netflix,3469.96,UPI,Mobile,0,0,0,1,0,5,1,0
318,124,38,35000,Balanced,2025-05-05,10,Travel,Croma,11560.36,UPI,Mobile,1,0,0,0,1,4,6,0
319,109,19,15000,Balanced,2025-08-17,13,EMI,Myntra,6846.71,UPI,Tablet,0,0,1,1,0,6,9,0
320,96,18,15000,Conservative,2025-03-30,8,Health,Swiggy,2317.33,UPI,Mobile,0,0,0,0,0,3,3,0
321,315,37,35000,Aggressive,2025-08-24,23,Health,Uber,2031.51,Debit Card,Mobile,0,1,0,1,0,8,1,0
322,488,23,75000,Balanced,2025-09-28,1,Electronics,Myntra,15760.82,UPI,Mobile,0,1,0,0,0,2,6,1
323,255,28,15000,Aggressive,2025-07-09,13,Travel,Myntra,4125.28,Credit Card,Tablet,0,0,0,0,1,5,5,0
324,471,20,25000,Conservative,2025-11-25,1,Rent,Paytm,6790.35,Cash,Mobile,0,1,0,0,1,3,7,1
325,66,44,25000,Balanced,2025-03-20,3,Groceries,BigBasket,945.48,UPI,Tablet,0,0,0,0,0,8,0,0
326,117,25,50000,Aggressive,2025-02-16,21,Education,PhonePe,2961.8,UPI,Mobile,0,0,0,0,0,10,1,0
327,228,35,25000,Conservative,2025-08-07,0,EMI,Amazon,6342.67,BNPL,Desktop,0,1,0,0,0,8,10,1
328,431,27,50000,Balanced,2025-03-23,10,Travel,Zomato,3404.21,Credit Card,Mobile,0,0,0,0,0,2,1,0
329,209,39,50000,Balanced,2025-12-29,6,Entertainment,Groww,883.12,UPI,Mobile,0,0,1,1,1,9,2,1
330,83,21,25000,Conservative,2025-07-04,19,EMI,Groww,5422.73,UPI,Mobile,1,0,1,0,1,8,4,0
331,301,43,75000,Conservative,2025-12-16,0,Utilities,Amazon,2559.49,UPI,Mobile,0,1,0,0,0,9,0,0
332,418,25,75000,Balanced,2025-12-09,2,Education,BigBasket,3207.22,Debit Card,Mobile,0,1,1,0,1,2,2,1
333,318,29,75000,Conservative,2025-04-12,20,Health,Flipkart,3334.72,UPI,Desktop,0,0,0,0,1,2,0,0
334,73,34,25000,Conservative,2025-04-06,1,Investment,Amazon,4233.28,UPI,Desktop,0,1,1,1,0,7,5,1
335,67,36,25000,Conservative,2025-05-21,4,Rent,BigBasket,12197.95,UPI,Mobile,0,0,0,0,0,3,9,0
336,259,28,75000,Aggressive,2025-03-13,21,Education,Zomato,2096.37,UPI,Mobile,0,0,0,0,0,1,0,0
337,445,40,15000,Aggressive,2025-06-14,5,Education,Uber,2565.34,BNPL,Desktop,0,0,0,0,1,4,8,1
338,44,42,15000,Balanced,2025-07-25,16,EMI,Netflix,7353.63,UPI,Tablet,0,0,0,0,0,1,9,0
339,360,19,35000,Balanced,2025-11-09,11,Rent,PhonePe,16925.25,UPI,Desktop,0,0,0,0,0,6,9,0
340,466,37,50000,Balanced,2025-09-09,18,Entertainment,Myntra,1153.56,UPI,Mobile,0,0,1,1,0,3,2,1
341,471,20,25000,Conservative,2025-11-07,22,Electronics,Zomato,11560.12,BNPL,Mobile,0,1,0,1,1,10,10,1
342,448,29,15000,Conservative,2025-09-21,16,EMI,Amazon,5937.07,UPI,Mobile,0,0,0,1,0,5,7,0
343,125,22,35000,Balanced,2025-03-04,4,Travel,PhonePe,8979.14,Credit Card,Mobile,1,0,0,0,0,3,7,1
344,231,31,25000,Conservative,2025-11-18,18,Rent,Myntra,11327.84,UPI,Mobile,0,0,0,1,0,9,9,0
345,471,20,25000,Conservative,2025-06-25,15,EMI,Amazon,3755.15,Credit Card,Desktop,0,0,1,0,0,6,5,1
346,101,19,25000,Conservative,2025-04-22,10,EMI,Zomato,3613.83,BNPL,Mobile,0,0,0,1,0,9,5,0
347,303,18,15000,Aggressive,2025-06-12,20,Travel,Swiggy,4556.76,UPI,Mobile,0,0,0,1,1,2,8,1
348,283,32,35000,Conservative,2025-08-12,2,Groceries,Croma,1287.06,UPI,Mobile,0,1,0,1,0,2,0,0
349,454,22,15000,Aggressive,2025-07-26,12,EMI,Groww,6786.89,BNPL,Mobile,0,0,1,0,0,9,10,1
350,138,20,35000,Balanced,2025-08-09,15,Entertainment,Swiggy,693.15,UPI,Desktop,0,0,0,0,0,7,0,0
351,381,29,25000,Conservative,2025-01-31,10,Health,Zomato,391.8,Cash,Mobile,0,0,0,0,0,5,0,0
352,15,26,15000,Conservative,2025-02-04,14,Food Delivery,Paytm,294.63,UPI,Mobile,1,0,0,1,0,3,0,0
353,85,20,50000,Balanced,2025-02-03,10,Electronics,Paytm,18333.39,Credit Card,Mobile,1,0,0,1,0,10,9,1
354,98,35,35000,Aggressive,2025-01-19,2,Utilities,Amazon,2713.21,Cash,Mobile,0,1,0,0,0,7,1,0
355,227,43,25000,Aggressive,2025-10-23,14,Education,Uber,2978.0,Debit Card,Mobile,0,0,0,0,0,1,2,0
356,368,21,50000,Conservative,2025-10-12,2,Education,Netflix,950.67,Debit Card,Mobile,0,1,0,0,1,2,0,0
357,451,41,50000,Conservative,2025-07-07,6,Food Delivery,Croma,100.0,Credit Card,Mobile,0,0,0,0,0,1,2,1
358,371,39,35000,Balanced,2025-07-21,16,Entertainment,Groww,442.17,Credit Card,Mobile,0,0,0,1,0,2,2,1
359,346,19,75000,Balanced,2025-05-01,12,Electronics,PhonePe,14869.43,Cash,Mobile,1,0,0,0,0,1,5,1
360,97,40,25000,Balanced,2025-11-03,9,Health,Groww,3029.64,Debit Card,Mobile,1,0,0,0,0,8,2,0
361,490,42,35000,Conservative,2025-06-10,19,Rent,Uber,7064.61,Credit Card,Desktop,0,0,0,0,0,2,6,1
362,400,39,25000,Balanced,2025-09-01,13,Entertainment,BigBasket,993.17,UPI,Mobile,1,0,0,1,0,3,0,0
363,394,37,50000,Conservative,2025-08-21,16,Entertainment,Swiggy,965.9,UPI,Tablet,0,0,0,0,1,8,0,0
364,350,19,75000,Conservative,2025-09-24,1,Entertainment,Zomato,1321.64,Credit Card,Mobile,0,1,0,0,0,6,2,1
365,344,40,50000,Conservative,2025-12-25,23,Education,BigBasket,3547.47,Debit Card,Mobile,0,1,0,1,1,7,1,0
366,352,27,35000,Aggressive,2025-03-20,2,EMI,BigBasket,713.11,UPI,Mobile,0,1,0,0,0,10,0,0
367,151,41,75000,Balanced,2025-03-10,19,Electronics,Groww,9343.91,Cash,Mobile,0,0,0,0,0,5,2,0
368,394,37,50000,Conservative,2025-07-09,0,Education,Swiggy,3458.85,Credit Card,Mobile,0,1,0,0,1,2,3,1
369,203,20,35000,Balanced,2025-03-19,11,Travel,BigBasket,6984.14,UPI,Mobile,0,0,1,0,1,7,3,0
370,458,44,75000,Aggressive,2025-03-30,22,Investment,Flipkart,4912.19,UPI,Mobile,0,1,0,1,0,1,1,0
371,216,44,15000,Balanced,2025-02-08,2,Electronics,Flipkart,12730.68,Cash,Mobile,0,1,0,1,0,7,10,1
372,190,22,100000,Aggressive,2025-07-02,17,Food Delivery,Swiggy,188.74,Cash,Desktop,1,0,0,0,0,4,0,0
373,29,20,50000,Conservative,2025-12-28,20,Food Delivery,Uber,449.35,Debit Card,Desktop,0,0,1,0,0,5,0,0
374,471,20,25000,Conservative,2025-08-03,23,Fashion,Paytm,3046.76,Debit Card,Mobile,1,1,0,0,1,3,4,1
375,223,32,15000,Conservative,2025-03-08,16,Education,Myntra,1293.67,Credit Card,Mobile,0,0,0,0,0,2,1,0
376,211,44,35000,Conservative,2025-06-01,7,Entertainment,PhonePe,1077.8,UPI,Mobile,1,0,1,1,0,3,2,1
377,237,39,25000,Balanced,2025-05-16,13,Health,Amazon,493.57,BNPL,Mobile,0,0,0,0,1,3,3,0
378,259,28,75000,Aggressive,2025-03-08,22,Utilities,Zomato,1807.37,Credit Card,Mobile,0,1,0,1,0,1,2,1
379,432,22,50000,Conservative,2025-04-08,1,Travel,Zomato,6840.89,Debit Card,Mobile,0,1,0,1,1,8,2,0
380,15,26,15000,Conservative,2025-02-24,16,Groceries,Groww,1272.87,Debit Card,Mobile,0,0,0,1,0,7,1,0
381,235,18,15000,Balanced,2025-09-23,12,Electronics,Uber,8629.19,Cash,Mobile,0,0,1,0,0,1,10,1
382,126,29,35000,Conservative,2025-03-13,18,Electronics,Netflix,14833.66,UPI,Mobile,0,0,0,0,1,8,8,0
383,255,28,15000,Aggressive,2025-11-25,8,Groceries,PhonePe,1153.89,UPI,Mobile,0,0,0,1,0,6,1,0
384,93,31,75000,Conservative,2025-12-29,8,Electronics,Amazon,13136.1,UPI,Mobile,0,0,0,0,1,4,5,1
385,380,29,100000,Conservative,2025-11-17,7,Entertainment,Myntra,858.59,UPI,Mobile,0,0,0,1,1,1,2,1
386,44,42,15000,Balanced,2025-01-26,13,Education,BigBasket,978.04,UPI,Mobile,0,0,0,1,0,1,1,0
387,170,39,50000,Aggressive,2025-01-20,21,Electronics,Flipkart,11310.77,UPI,Mobile,0,0,0,1,1,2,6,1
388,302,30,15000,Conservative,2025-12-14,3,Electronics,Amazon,8584.23,Credit Card,Desktop,0,0,0,0,1,4,10,1
389,266,23,35000,Conservative,2025-08-03,12,Groceries,Flipkart,747.5,UPI,Desktop,1,0,0,1,0,9,0,0
390,316,19,35000,Balanced,2025-06-13,18,Health,Zomato,1705.06,UPI,Mobile,0,0,0,1,0,6,0,0
391,139,36,50000,Balanced,2025-12-26,0,Fashion,Netflix,3031.66,Credit Card,Desktop,0,1,0,0,0,5,3,1
392,232,43,50000,Balanced,2025-07-14,11,Utilities,Flipkart,974.47,BNPL,Mobile,0,0,0,0,0,6,3,0
393,150,33,15000,Conservative,2025-08-11,0,Groceries,Croma,983.57,UPI,Desktop,0,1,0,0,0,9,1,0
394,53,41,50000,Conservative,2025-09-26,12,Fashion,Amazon,3252.15,UPI,Mobile,0,0,0,0,0,1,1,0
395,70,42,15000,Aggressive,2025-06-26,13,Health,Groww,3220.94,BNPL,Mobile,0,0,1,0,0,1,9,1
396,217,42,35000,Balanced,2025-12-05,6,Education,Netflix,2535.95,Credit Card,Mobile,1,0,1,0,1,6,1,0
397,129,37,25000,Conservative,2025-04-12,11,Education,PhonePe,2830.52,UPI,Mobile,0,0,0,0,0,7,2,0
398,101,19,25000,Conservative,2025-07-19,6,Investment,Amazon,7889.74,Credit Card,Mobile,0,0,0,0,1,7,6,0
399,175,43,50000,Balanced,2025-07-26,12,Rent,Amazon,18418.67,UPI,Mobile,0,0,0,1,0,2,7,0
400,451,41,50000,Conservative,2025-06-11,13,Travel,Zomato,1600.11,BNPL,Desktop,0,0,0,1,1,10,3,0
401,220,34,25000,Balanced,2025-06-26,16,Rent,Myntra,15108.55,Credit Card,Desktop,0,0,0,1,0,2,10,1
402,458,44,75000,Aggressive,2025-09-28,0,EMI,Paytm,4931.04,Credit Card,Mobile,0,1,0,0,1,6,1,0
403,200,30,15000,Conservative,2025-04-21,12,Health,Uber,2258.65,UPI,Mobile,0,0,0,0,0,4,3,0
404,264,37,35000,Conservative,2025-10-05,13,Education,BigBasket,3334.87,Credit Card,Desktop,1,0,1,0,0,10,1,0
405,240,20,75000,Balanced,2025-04-09,19,Travel,Flipkart,11213.6,Debit Card,Desktop,0,0,0,0,0,10,2,0
406,458,44,75000,Aggressive,2025-05-14,4,Travel,Myntra,4150.22,UPI,Mobile,0,0,1,1,0,6,1,0
407,234,33,15000,Conservative,2025-09-03,2,Utilities,Uber,2251.52,UPI,Mobile,1,1,1,0,0,5,5,1
408,283,32,35000,Conservative,2025-08-24,11,EMI,Amazon,4423.53,UPI,Desktop,0,0,0,0,0,5,2,0
409,141,29,25000,Conservative,2025-03-23,5,Fashion,Flipkart,1746.79,Credit Card,Mobile,0,0,0,1,0,8,1,0
410,186,27,100000,Aggressive,2025-01-02,22,Food Delivery,Myntra,516.22,Credit Card,Mobile,1,1,1,0,0,7,2,1
411,200,30,15000,Conservative,2025-09-09,11,Travel,Zomato,6376.51,Debit Card,Mobile,0,0,1,0,0,6,8,0
412,342,38,35000,Conservative,2025-07-13,14,Food Delivery,Paytm,402.69,Credit Card,Desktop,0,0,0,1,0,10,0,0
413,104,27,50000,Aggressive,2025-06-11,10,Electronics,Flipkart,12415.96,Credit Card,Desktop,0,0,0,1,1,8,6,1
414,495,43,25000,Conservative,2025-07-15,23,Utilities,Myntra,2562.8,UPI,Mobile,0,1,0,0,0,4,2,0
415,196,35,35000,Conservative,2025-04-01,19,Rent,Paytm,5504.52,UPI,Desktop,1,0,0,0,0,6,3,0
416,166,23,15000,Balanced,2025-09-17,3,EMI,Amazon,4063.45,UPI,Desktop,0,0,0,1,1,2,7,1
417,337,25,15000,Balanced,2025-09-06,10,Electronics,Amazon,19328.46,Debit Card,Tablet,0,0,1,0,0,9,10,1
418,452,36,50000,Balanced,2025-11-22,5,Electronics,Swiggy,12712.93,Credit Card,Mobile,0,0,0,1,0,1,7,1
419,316,19,35000,Balanced,2025-08-27,19,Rent,Flipkart,9265.88,Credit Card,Mobile,0,0,1,0,0,2,7,1
420,69,35,50000,Balanced,2025-03-03,0,Groceries,BigBasket,1444.92,UPI,Mobile,1,1,1,0,0,1,2,1
421,269,40,35000,Conservative,2025-04-26,17,Travel,Myntra,5871.88,Debit Card,Desktop,0,0,1,1,0,6,3,0
422,44,42,15000,Balanced,2025-01-22,7,Investment,Amazon,2296.43,Credit Card,Desktop,0,0,0,0,0,8,3,0
423,183,26,25000,Conservative,2025-02-10,0,Health,Swiggy,2960.89,Debit Card,Mobile,0,1,1,0,0,8,2,0
424,287,25,50000,Conservative,2025-08-14,1,Education,PhonePe,2320.39,Credit Card,Mobile,0,1,0,1,0,4,2,1
425,57,19,35000,Conservative,2025-03-18,0,Fashion,Swiggy,1621.04,BNPL,Mobile,0,1,0,1,0,7,5,1
426,369,28,25000,Conservative,2025-01-24,20,Groceries,Zomato,1542.15,BNPL,Mobile,0,0,1,1,0,7,4,0
427,212,32,35000,Balanced,2025-01-13,15,Electronics,Flipkart,13959.96,UPI,Mobile,0,0,0,0,0,9,7,0
428,261,42,50000,Balanced,2025-05-30,12,Health,PhonePe,1632.41,Debit Card,Mobile,0,0,0,1,0,2,0,0
429,364,30,50000,Conservative,2025-01-29,10,Travel,Groww,7313.52,Debit Card,Mobile,0,0,1,0,1,2,2,0
430,131,18,35000,Balanced,2025-12-07,15,Travel,Zomato,7834.94,UPI,Desktop,0,0,0,0,0,8,4,0
431,190,22,100000,Aggressive,2025-05-01,22,Food Delivery,Amazon,631.81,Debit Card,Mobile,1,1,1,1,0,5,2,1
432,101,19,25000,Conservative,2025-07-24,2,Electronics,Zomato,4832.14,Credit Card,Mobile,0,1,1,0,1,7,5,1
433,204,22,50000,Conservative,2025-12-25,18,Groceries,Zomato,1311.28,Credit Card,Mobile,0,0,0,1,1,3,2,1
434,103,28,50000,Balanced,2025-10-18,8,EMI,Flipkart,6672.93,UPI,Mobile,0,0,0,1,0,4,2,0
435,422,22,15000,Aggressive,2025-11-17,0,Entertainment,Amazon,692.28,BNPL,Mobile,0,1,0,1,0,9,5,1
436,177,42,25000,Conservative,2025-04-12,19,EMI,Paytm,8953.09,Credit Card,Mobile,0,0,1,1,1,1,9,1
437,414,22,50000,Conservative,2025-01-09,16,Groceries,Flipkart,402.19,Cash,Mobile,0,0,0,0,0,6,0,0
438,394,37,50000,Conservative,2025-01-20,9,Health,Myntra,1305.8,Credit Card,Mobile,0,0,0,1,0,7,0,0
439,28,28,25000,Balanced,2025-02-07,11,Rent,Croma,18115.24,UPI,Mobile,0,0,1,1,0,7,10,0
440,262,43,25000,Balanced,2025-06-18,1,Education,BigBasket,4287.65,UPI,Desktop,0,1,1,1,0,5,5,1
441,43,39,75000,Balanced,2025-05-11,23,Entertainment,Amazon,1137.67,Credit Card,Mobile,0,1,1,1,1,2,2,1
442,38,27,35000,Conservative,2025-12-27,5,Health,Uber,2105.84,Credit Card,Mobile,0,0,0,0,0,7,1,0
443,208,25,15000,Balanced,2025-10-17,14,Rent,Paytm,12252.28,UPI,Mobile,0,0,0,1,0,10,10,0
444,179,43,15000,Aggressive,2025-04-27,21,Electronics,Amazon,7612.15,UPI,Mobile,0,0,0,1,0,6,10,0
445,146,38,25000,Aggressive,2025-02-12,5,Entertainment,Flipkart,1004.8,Credit Card,Mobile,0,0,1,0,1,4,2,1
446,238,31,35000,Balanced,2025-12-22,1,Entertainment,BigBasket,100.0,UPI,Mobile,0,1,1,0,0,8,2,1
447,384,33,75000,Balanced,2025-09-09,0,Health,BigBasket,2276.48,UPI,Desktop,0,1,1,0,0,7,0,0
448,178,41,35000,Balanced,2025-05-16,14,EMI,Groww,2461.57,Debit Card,Mobile,0,0,0,0,0,2,1,0
449,294,32,50000,Conservative,2025-08-06,6,Groceries,Paytm,1068.6,UPI,Desktop,0,0,0,0,0,1,0,0
450,356,39,35000,Balanced,2025-01-05,13,Electronics,Croma,4758.67,UPI,Mobile,1,0,0,0,1,3,2,0
451,326,41,75000,Conservative,2025-01-30,6,Investment,Netflix,5804.14,UPI,Desktop,0,0,0,0,0,3,1,0
452,144,43,50000,Conservative,2025-01-30,23,Electronics,Flipkart,17803.35,UPI,Mobile,0,1,1,1,0,10,9,1
453,33,22,50000,Balanced,2025-12-14,9,Groceries,Zomato,1378.53,UPI,Mobile,0,0,1,1,1,2,2,1
454,124,38,35000,Balanced,2025-07-20,22,Utilities,Flipkart,1764.97,BNPL,Mobile,0,1,0,0,1,4,6,1
455,100,35,35000,Aggressive,2025-04-21,11,Health,Flipkart,2239.13,Debit Card,Desktop,0,0,0,1,0,5,1,0
456,5,39,15000,Balanced,2025-12-14,4,Rent,BigBasket,11440.02,Debit Card,Mobile,0,0,0,1,1,8,10,0
457,174,20,25000,Balanced,2025-02-10,14,Rent,Groww,4744.01,UPI,Mobile,0,0,0,0,0,1,3,0
458,279,44,35000,Aggressive,2025-09-06,14,Education,Amazon,2661.3,Credit Card,Mobile,0,0,0,0,0,9,1,0
459,320,41,25000,Balanced,2025-06-27,13,Electronics,Amazon,11553.85,Credit Card,Desktop,0,0,0,0,0,6,10,1
460,109,19,15000,Balanced,2025-07-25,11,EMI,PhonePe,8853.33,Credit Card,Mobile,0,0,0,1,1,4,10,1
461,113,28,15000,Balanced,2025-12-17,8,Electronics,Paytm,15650.89,Credit Card,Desktop,0,0,0,0,0,6,10,1
462,167,27,25000,Aggressive,2025-07-21,3,Health,Amazon,3507.11,Credit Card,Mobile,0,0,0,1,0,9,2,0
463,99,43,75000,Conservative,2025-09-09,5,Education,Uber,2425.73,Credit Card,Mobile,0,0,1,0,1,10,0,0
464,273,34,75000,Balanced,2025-03-05,2,Food Delivery,Paytm,740.81,UPI,Mobile,1,1,0,1,1,3,2,1
465,444,28,100000,Balanced,2025-09-18,12,Food Delivery,PhonePe,513.96,UPI,Mobile,0,0,0,0,0,9,0,0
466,4,38,35000,Balanced,2025-07-13,20,Food Delivery,Amazon,223.13,Debit Card,Mobile,0,0,0,1,1,5,0,0
467,244,24,25000,Conservative,2025-07-10,9,Education,Swiggy,3001.42,UPI,Mobile,0,0,0,1,0,6,2,0
468,167,27,25000,Aggressive,2025-02-10,2,Education,Zomato,1590.73,UPI,Mobile,0,1,1,0,0,5,1,0
469,126,29,35000,Conservative,2025-10-12,11,Utilities,Swiggy,1332.16,Credit Card,Desktop,0,0,1,1,1,10,2,1
470,283,32,35000,Conservative,2025-05-11,1,Electronics,BigBasket,359.18,UPI,Desktop,0,1,0,0,0,2,2,1
471,17,25,15000,Aggressive,2025-01-11,16,Electronics,Myntra,18565.47,Credit Card,Mobile,0,0,0,0,0,4,10,1
472,328,25,35000,Conservative,2025-09-16,3,Rent,Flipkart,19390.48,UPI,Mobile,0,0,0,0,1,10,10,0
473,337,25,15000,Balanced,2025-03-27,12,Utilities,PhonePe,1930.52,Credit Card,Mobile,0,0,0,1,0,2,2,0
474,385,38,50000,Balanced,2025-05-16,3,Education,Groww,2123.19,UPI,Mobile,0,0,1,0,1,8,0,0
475,171,42,35000,Conservative,2025-01-07,22,Utilities,Zomato,2055.86,Credit Card,Tablet,0,1,0,1,0,7,1,0
476,115,24,15000,Conservative,2025-06-03,20,Food Delivery,Amazon,543.25,Debit Card,Mobile,1,0,0,0,0,9,0,0
477,497,32,25000,Conservative,2025-03-06,13,Health,Netflix,1537.63,Debit Card,Mobile,0,0,0,0,0,6,1,0
478,4,38,35000,Balanced,2025-04-30,23,Food Delivery,Flipkart,596.04,Credit Card,Desktop,0,1,0,0,0,7,2,1
479,226,20,35000,Aggressive,2025-06-18,21,Health,PhonePe,1126.1,BNPL,Mobile,0,0,0,0,0,10,3,0
480,113,28,15000,Balanced,2025-04-01,5,EMI,Flipkart,6072.7,UPI,Mobile,1,0,0,1,1,2,10,1
481,70,42,15000,Aggressive,2025-09-18,17,Food Delivery,Croma,348.26,Credit Card,Mobile,0,0,1,1,0,5,2,1
482,399,32,50000,Balanced,2025-12-03,13,EMI,BigBasket,11083.0,UPI,Mobile,1,0,0,1,0,10,4,0
483,25,30,15000,Aggressive,2025-11-25,23,Travel,Croma,9387.94,Debit Card,Mobile,0,1,0,0,1,7,10,0
484,163,43,35000,Aggressive,2025-04-28,5,Utilities,Groww,2287.06,Credit Card,Desktop,0,0,0,1,0,1,1,0
485,173,44,25000,Conservative,2025-07-09,20,Utilities,Amazon,1419.25,Debit Card,Mobile,0,0,1,1,1,3,3,1
486,327,34,15000,Balanced,2025-12-17,11,Investment,Amazon,3746.15,Credit Card,Mobile,0,0,1,0,0,10,6,1
487,492,27,50000,Aggressive,2025-11-09,8,Travel,Swiggy,5873.74,UPI,Desktop,0,0,0,0,1,5,2,0
488,266,23,35000,Conservative,2025-06-16,14,Fashion,Paytm,599.31,UPI,Mobile,0,0,0,1,1,10,0,0
489,399,32,50000,Balanced,2025-02-17,21,Investment,Flipkart,4489.06,Debit Card,Desktop,0,0,0,1,0,6,1,0
490,184,18,35000,Balanced,2025-03-22,5,Groceries,Myntra,1444.25,Credit Card,Mobile,0,0,0,1,0,9,0,0
491,77,39,50000,Balanced,2025-05-04,19,Education,Flipkart,4507.62,Credit Card,Mobile,1,0,0,1,0,8,1,0
492,161,40,50000,Conservative,2025-05-06,4,Electronics,Uber,12327.61,Credit Card,Desktop,0,0,0,0,0,8,6,1
493,131,18,35000,Balanced,2025-05-06,1,Fashion,Groww,3249.53,Credit Card,Mobile,0,1,0,0,0,10,3,1
494,161,40,50000,Conservative,2025-12-20,23,Health,Amazon,2224.38,Debit Card,Mobile,0,1,0,0,0,6,0,0
495,369,28,25000,Conservative,2025-12-21,5,EMI,Uber,6997.51,Debit Card,Mobile,0,0,1,0,0,1,7,1
496,70,42,15000,Aggressive,2025-12-23,11,Utilities,Groww,1865.35,BNPL,Mobile,0,0,0,0,1,4,5,0
497,141,29,25000,Conservative,2025-06-02,1,EMI,PhonePe,7471.82,Debit Card,Mobile,1,1,1,0,0,4,7,1
498,436,34,15000,Aggressive,2025-12-07,21,Travel,Uber,11944.47,UPI,Mobile,0,0,1,0,0,9,10,0
499,407,42,50000,Balanced,2025-04-13,20,Food Delivery,Netflix,703.06,Debit Card,Desktop,0,0,0,0,1,8,0,0
500,317,44,35000,Conservative,2025-10-17,19,Travel,Swiggy,9181.23,UPI,Mobile,0,0,0,0,0,1,5,0
501,498,34,100000,Conservative,2025-03-30,22,Fashion,Netflix,806.4,Credit Card,Mobile,0,1,0,0,0,5,2,1
502,47,42,25000,Conservative,2025-09-08,15,EMI,Zomato,3022.58,UPI,Desktop,0,0,0,0,0,2,2,0
503,35,32,50000,Balanced,2025-12-17,15,EMI,Groww,448.7,UPI,Mobile,0,0,1,0,1,4,0,0
504,88,30,35000,Aggressive,2025-12-18,7,Utilities,Flipkart,2795.85,Cash,Mobile,0,0,0,1,0,6,1,0
505,434,33,35000,Conservative,2025-06-20,0,Food Delivery,PhonePe,542.18,Credit Card,Mobile,0,1,0,0,0,9,2,1
506,185,33,50000,Aggressive,2025-08-05,2,EMI,PhonePe,6178.44,Credit Card,Mobile,1,1,1,0,0,10,4,1
507,363,23,50000,Conservative,2025-07-12,19,Health,Groww,2399.06,Credit Card,Mobile,0,0,0,0,1,3,0,0
508,275,26,25000,Conservative,2025-03-21,18,Rent,Croma,15245.23,UPI,Mobile,0,0,0,0,0,10,10,0
509,346,19,75000,Balanced,2025-12-12,13,Utilities,Uber,1870.02,UPI,Mobile,0,0,0,0,0,3,0,0
510,227,43,25000,Aggressive,2025-02-02,21,Electronics,Zomato,5416.45,Debit Card,Mobile,1,0,1,1,0,10,6,1
511,25,30,15000,Aggressive,2025-10-28,13,Utilities,Myntra,2850.99,Debit Card,Mobile,0,0,0,0,1,3,3,0
512,318,29,75000,Conservative,2025-04-24,12,Investment,Paytm,4607.47,Debit Card,Mobile,0,0,0,1,0,2,1,0
513,372,39,15000,Balanced,2025-03-26,10,EMI,Croma,5199.82,UPI,Desktop,0,0,0,0,0,2,6,0
514,73,34,25000,Conservative,2025-10-25,9,EMI,Paytm,8722.58,BNPL,Desktop,0,0,1,0,0,1,10,1
515,42,30,15000,Conservative,2025-03-10,21,Groceries,BigBasket,1082.52,UPI,Mobile,0,0,1,1,0,5,1,0
516,217,42,35000,Balanced,2025-12-06,0,Health,Flipkart,2549.62,Debit Card,Mobile,0,1,0,0,0,6,1,0
517,59,19,35000,Balanced,2025-12-20,19,Health,Uber,1423.21,UPI,Mobile,0,0,0,1,0,1,0,0
518,475,31,25000,Conservative,2025-05-16,11,Groceries,Croma,964.38,UPI,Desktop,0,0,0,0,0,7,0,0
519,219,21,35000,Aggressive,2025-12-01,11,Electronics,Swiggy,15931.61,UPI,Mobile,1,0,0,0,1,6,9,0
520,274,35,15000,Balanced,2025-01-24,3,Utilities,Paytm,1852.61,Debit Card,Mobile,0,0,0,1,0,6,2,0
521,161,40,50000,Conservative,2025-06-07,2,Entertainment,Uber,1181.49,UPI,Tablet,0,1,0,0,0,3,2,1
522,166,23,15000,Balanced,2025-04-20,14,Rent,Swiggy,11267.54,UPI,Mobile,0,0,0,1,0,2,10,0
523,217,42,35000,Balanced,2025-09-29,9,Utilities,Flipkart,859.75,UPI,Mobile,0,0,1,1,0,1,0,0
524,110,39,25000,Conservative,2025-02-02,18,EMI,Myntra,5790.39,BNPL,Mobile,1,0,1,0,0,8,9,1
525,402,19,15000,Aggressive,2025-10-21,6,Travel,Swiggy,1795.39,Debit Card,Mobile,0,0,0,0,0,5,2,0
526,279,44,35000,Aggressive,2025-12-25,2,Groceries,Groww,1818.42,UPI,Mobile,0,1,0,0,1,3,1,0
527,244,24,25000,Conservative,2025-07-07,2,Rent,Myntra,16911.75,UPI,Mobile,0,1,0,0,0,3,10,1
528,437,36,50000,Conservative,2025-01-03,15,Food Delivery,BigBasket,544.8,UPI,Mobile,1,0,0,0,1,9,0,0
529,144,43,50000,Conservative,2025-03-29,22,Food Delivery,BigBasket,420.45,UPI,Mobile,0,1,1,0,0,2,2,1
530,130,43,35000,Balanced,2025-03-16,1,Investment,Croma,4901.41,BNPL,Tablet,0,1,0,0,0,6,5,0
531,88,30,35000,Aggressive,2025-02-26,14,Utilities,Amazon,141.29,UPI,Mobile,0,0,0,1,1,1,0,0
532,53,41,50000,Conservative,2025-11-16,8,Education,BigBasket,2988.55,Credit Card,Mobile,0,0,1,0,1,10,1,0
533,71,27,25000,Balanced,2025-11-09,4,Utilities,Uber,1700.21,BNPL,Mobile,0,0,0,0,0,7,4,0
534,53,41,50000,Conservative,2025-02-09,15,Education,Paytm,4192.98,UPI,Mobile,0,0,0,1,0,9,1,0
535,32,33,25000,Balanced,2025-10-12,7,Electronics,Swiggy,10052.78,Credit Card,Desktop,0,0,0,1,1,7,10,1
536,458,44,75000,Aggressive,2025-03-23,2,Health,Netflix,786.82,Credit Card,Tablet,0,1,0,0,0,8,0,0
537,72,43,100000,Balanced,2025-09-10,17,EMI,Uber,6911.86,Debit Card,Mobile,0,0,0,0,1,5,1,0
538,489,36,15000,Conservative,2025-06-12,9,Food Delivery,Paytm,309.02,Debit Card,Mobile,0,0,1,1,0,7,0,0
539,166,23,15000,Balanced,2025-02-28,11,Education,Zomato,3257.24,Credit Card,Mobile,0,0,0,0,1,6,4,0
540,477,37,15000,Balanced,2025-04-26,2,Travel,Swiggy,6573.62,UPI,Desktop,0,1,1,0,0,2,10,1
541,94,26,100000,Conservative,2025-04-28,14,Food Delivery,Zomato,532.44,UPI,Mobile,0,0,1,0,1,4,2,1
542,374,20,50000,Aggressive,2025-09-23,15,Fashion,Groww,1540.02,Credit Card,Mobile,0,0,1,1,0,3,2,1
543,383,42,35000,Conservative,2025-09-03,14,Entertainment,Netflix,743.9,Credit Card,Tablet,1,0,0,1,1,7,2,1
544,29,20,50000,Conservative,2025-09-10,21,Food Delivery,Myntra,474.41,Debit Card,Desktop,0,0,1,0,0,3,2,1
545,187,29,15000,Conservative,2025-06-16,1,Fashion,Uber,1897.6,Credit Card,Desktop,0,1,0,1,0,4,4,1
546,103,28,50000,Balanced,2025-06-05,14,Investment,Zomato,4991.14,Credit Card,Mobile,1,0,0,1,1,4,3,1
547,487,28,50000,Aggressive,2025-02-24,16,Education,Netflix,2610.63,Credit Card,Mobile,0,0,0,1,0,4,1,0
548,425,35,35000,Aggressive,2025-08-30,19,Entertainment,Swiggy,468.89,UPI,Mobile,0,0,1,0,1,4,2,1
549,256,41,75000,Conservative,2025-03-16,5,Utilities,PhonePe,2161.89,UPI,Desktop,0,0,0,1,0,10,0,0
550,158,37,35000,Balanced,2025-10-09,2,Investment,Zomato,7191.34,UPI,Mobile,0,1,0,0,0,3,6,1
551,336,40,25000,Conservative,2025-01-01,6,Groceries,Swiggy,1778.07,Credit Card,Tablet,1,0,0,0,0,6,1,0
552,165,26,50000,Balanced,2025-10-25,3,Investment,Swiggy,2876.86,UPI,Mobile,0,0,0,1,1,7,1,0
553,78,28,75000,Balanced,2025-04-26,18,Health,Paytm,2286.76,UPI,Mobile,0,0,0,0,0,6,0,0
554,157,29,25000,Aggressive,2025-11-11,18,Electronics,Uber,9593.0,Credit Card,Mobile,0,0,0,0,0,3,9,1
555,117,25,50000,Aggressive,2025-05-16,0,Investment,Netflix,5383.71,UPI,Desktop,0,1,1,0,0,7,2,0
556,301,43,75000,Conservative,2025-10-26,9,Utilities,Groww,2663.26,Debit Card,Mobile,0,0,0,0,1,4,0,0
557,26,18,15000,Balanced,2025-11-11,10,Education,PhonePe,2329.8,UPI,Mobile,0,0,1,0,0,2,5,1
558,58,22,25000,Balanced,2025-03-28,17,Groceries,Paytm,1055.58,UPI,Mobile,0,0,1,0,0,10,0,0
559,44,42,15000,Balanced,2025-11-06,7,Travel,Netflix,8599.83,UPI,Mobile,0,0,0,1,1,6,10,0
560,452,36,50000,Balanced,2025-02-24,8,Rent,Myntra,21065.2,BNPL,Mobile,0,0,0,0,1,5,10,0
561,198,32,25000,Balanced,2025-12-11,10,Fashion,Amazon,2299.2,BNPL,Mobile,0,0,0,0,0,9,4,0
562,62,23,25000,Balanced,2025-05-16,13,Investment,Groww,4217.59,Debit Card,Mobile,0,0,1,1,0,8,3,0
563,162,38,35000,Conservative,2025-03-05,15,Food Delivery,Paytm,485.92,Credit Card,Mobile,1,0,0,1,0,7,0,0
564,378,28,35000,Balanced,2025-12-04,23,EMI,Swiggy,7460.78,Debit Card,Mobile,1,1,0,0,0,9,4,0
565,165,26,50000,Balanced,2025-12-29,4,Entertainment,PhonePe,1409.62,UPI,Mobile,0,0,0,0,0,10,0,0
566,21,21,35000,Aggressive,2025-10-10,15,Health,Paytm,3096.83,UPI,Mobile,0,0,0,0,0,2,1,0
567,497,32,25000,Conservative,2025-12-01,16,Groceries,Amazon,488.97,UPI,Mobile,1,0,1,0,1,5,0,0
568,455,21,15000,Conservative,2025-10-20,8,Health,Netflix,1676.72,UPI,Desktop,0,0,1,0,0,4,2,0
569,231,31,25000,Conservative,2025-05-01,9,Health,Groww,1846.71,Debit Card,Mobile,1,0,0,0,0,2,1,0
570,141,29,25000,Conservative,2025-03-28,6,Electronics,PhonePe,11877.79,Credit Card,Mobile,0,0,0,0,0,3,10,1
571,119,36,35000,Conservative,2025-07-26,4,Entertainment,Croma,664.02,Debit Card,Desktop,0,0,0,0,0,1,0,0
572,321,28,35000,Conservative,2025-12-09,22,Travel,Amazon,6449.24,BNPL,Mobile,0,1,0,0,0,6,8,1
573,378,28,35000,Balanced,2025-09-05,13,Utilities,Amazon,368.94,Credit Card,Mobile,1,0,1,0,1,4,2,1
574,499,44,15000,Aggressive,2025-10-23,3,Food Delivery,Myntra,396.71,Credit Card,Mobile,0,0,0,0,0,8,0,0
575,122,43,25000,Conservative,2025-04-09,13,Travel,Swiggy,12342.48,UPI,Mobile,0,0,0,1,0,3,9,0
576,198,32,25000,Balanced,2025-09-16,20,Electronics,Groww,14028.89,Debit Card,Mobile,0,0,0,0,0,5,10,0
577,297,44,35000,Balanced,2025-09-23,11,Travel,Zomato,9191.05,UPI,Desktop,0,0,0,0,0,6,5,0
578,48,42,35000,Conservative,2025-05-08,22,Rent,Groww,5856.74,Debit Card,Desktop,0,1,0,1,0,3,5,1
579,229,38,35000,Balanced,2025-07-22,3,Investment,PhonePe,6877.03,UPI,Mobile,0,0,1,1,0,8,3,0
580,276,18,50000,Balanced,2025-05-31,9,EMI,Flipkart,6910.5,Debit Card,Mobile,0,0,1,1,1,5,2,0
581,329,36,35000,Balanced,2025-08-30,7,Investment,Groww,3899.4,Credit Card,Mobile,0,0,1,1,1,5,4,1
582,309,18,15000,Aggressive,2025-05-06,16,Education,Paytm,3972.85,BNPL,Mobile,0,0,0,0,0,4,10,1
583,468,34,100000,Conservative,2025-05-23,15,Electronics,Amazon,1615.97,Debit Card,Mobile,0,0,1,0,1,5,0,0
584,235,18,15000,Balanced,2025-01-16,13,Travel,Swiggy,9953.7,Credit Card,Desktop,0,0,0,1,0,2,10,1
585,67,36,25000,Conservative,2025-09-14,3,Utilities,Paytm,1928.69,UPI,Mobile,0,0,0,1,0,10,1,0
586,112,37,15000,Conservative,2025-10-10,5,Travel,Uber,5048.06,Credit Card,Mobile,0,0,1,0,1,4,8,1
587,167,27,25000,Aggressive,2025-09-13,12,Education,BigBasket,2982.88,Credit Card,Mobile,0,0,0,0,0,3,2,0
588,59,19,35000,Balanced,2025-01-09,6,Electronics,Paytm,15079.16,BNPL,Desktop,0,0,0,1,0,3,10,1
589,45,29,25000,Aggressive,2025-05-10,1,Investment,Myntra,5162.07,UPI,Mobile,0,1,0,1,0,3,6,1
590,384,33,75000,Balanced,2025-05-16,16,Investment,Groww,2942.4,UPI,Mobile,0,0,0,0,0,9,0,0
591,489,36,15000,Conservative,2025-11-15,9,Rent,Amazon,9147.24,Cash,Desktop,0,0,0,1,1,4,10,1
592,440,25,25000,Conservative,2025-09-11,19,Utilities,Zomato,1130.64,Credit Card,Mobile,0,0,0,0,0,3,0,0
593,149,41,50000,Aggressive,2025-11-10,14,Utilities,Uber,2532.09,UPI,Desktop,0,0,1,0,0,9,1,0
594,380,29,100000,Conservative,2025-05-23,10,Entertainment,Croma,1097.72,UPI,Mobile,0,0,0,0,0,7,0,0
595,480,31,35000,Balanced,2025-04-19,8,Groceries,Swiggy,1223.55,UPI,Desktop,0,0,1,0,0,5,0,0
596,287,25,50000,Conservative,2025-09-23,21,Health,Swiggy,3310.49,UPI,Mobile,0,0,1,0,0,9,1,0
597,57,19,35000,Conservative,2025-07-19,4,Utilities,Croma,2368.5,BNPL,Mobile,0,0,0,0,0,8,4,0
598,139,36,50000,Balanced,2025-02-04,17,Fashion,Netflix,3279.43,UPI,Mobile,1,0,0,0,0,9,1,0
599,312,25,35000,Conservative,2025-08-20,7,Groceries,Swiggy,1521.61,UPI,Desktop,0,0,0,1,0,1,0,0
600,174,20,25000,Balanced,2025-07-06,8,Groceries,Flipkart,917.45,UPI,Mobile,0,0,0,0,0,3,0,0
601,284,32,25000,Balanced,2025-04-15,16,Education,Amazon,3549.57,UPI,Mobile,0,0,0,0,1,4,2,0
602,159,38,15000,Balanced,2025-12-22,9,Groceries,Croma,2474.1,UPI,Mobile,0,0,1,1,0,4,5,1
603,287,25,50000,Conservative,2025-04-06,4,Rent,Flipkart,2902.6,UPI,Mobile,0,0,0,0,1,8,1,0
604,241,32,15000,Aggressive,2025-12-25,16,EMI,PhonePe,6436.92,BNPL,Mobile,0,0,1,0,1,5,10,1
605,110,39,25000,Conservative,2025-10-13,13,Groceries,Uber,1723.26,UPI,Desktop,0,0,0,0,0,8,1,0
606,441,33,50000,Aggressive,2025-04-21,0,Fashion,Croma,2173.94,Debit Card,Tablet,0,1,1,0,0,9,2,1
607,42,30,15000,Conservative,2025-02-23,23,Education,BigBasket,3942.29,UPI,Mobile,0,1,0,0,0,5,5,0
608,305,22,75000,Balanced,2025-01-14,20,Rent,Flipkart,9981.48,Debit Card,Mobile,0,0,1,0,1,6,2,0
609,479,20,25000,Balanced,2025-07-12,6,EMI,Zomato,6548.7,UPI,Mobile,0,0,1,0,0,9,5,0
610,289,24,35000,Aggressive,2025-09-16,0,Rent,Groww,16896.36,UPI,Mobile,0,1,0,1,1,1,10,1
611,429,26,25000,Conservative,2025-01-01,13,EMI,Groww,5118.69,UPI,Desktop,1,0,0,0,0,8,4,0
612,94,26,100000,Conservative,2025-04-07,3,Food Delivery,Croma,313.46,Debit Card,Mobile,0,0,1,1,0,3,2,1
613,461,28,50000,Conservative,2025-03-21,3,Entertainment,Croma,112.69,Credit Card,Mobile,0,0,0,0,0,10,0,0
614,200,30,15000,Conservative,2025-11-04,14,Food Delivery,Flipkart,492.44,UPI,Mobile,1,0,0,1,0,1,0,0
615,13,38,35000,Conservative,2025-11-24,0,Education,Netflix,3323.23,Credit Card,Mobile,0,1,1,0,1,1,3,1
616,11,36,25000,Aggressive,2025-06-22,0,Groceries,Uber,942.56,Cash,Mobile,0,1,0,1,1,3,2,1
617,391,31,15000,Balanced,2025-07-05,1,Groceries,Zomato,438.54,Credit Card,Mobile,1,1,0,1,0,1,2,1
618,158,37,35000,Balanced,2025-02-17,6,Health,Flipkart,2072.71,UPI,Mobile,0,0,1,1,1,9,1,0
619,494,30,15000,Aggressive,2025-01-12,0,Entertainment,Myntra,722.12,UPI,Desktop,0,1,1,0,0,1,2,1
620,86,29,35000,Balanced,2025-02-22,23,EMI,Zomato,6054.67,Debit Card,Mobile,0,1,0,0,0,8,3,0
621,428,21,35000,Conservative,2025-12-28,8,Rent,Uber,9787.44,Cash,Mobile,0,0,0,0,1,8,5,0
622,78,28,75000,Balanced,2025-02-28,18,Rent,Netflix,11966.47,UPI,Mobile,0,0,0,1,1,10,3,0
623,34,44,35000,Conservative,2025-08-16,15,Food Delivery,Paytm,233.32,Debit Card,Desktop,0,0,0,1,1,6,0,0
624,209,39,50000,Balanced,2025-03-30,2,Investment,Uber,6664.21,Credit Card,Mobile,0,1,0,0,0,1,4,1
625,365,30,50000,Balanced,2025-12-24,0,EMI,Swiggy,5009.42,UPI,Mobile,0,1,1,0,1,8,2,0
626,314,38,35000,Conservative,2025-06-05,23,Electronics,Zomato,11228.15,UPI,Mobile,1,1,0,0,1,6,8,1
627,302,30,15000,Conservative,2025-10-16,7,Education,Myntra,3013.23,UPI,Mobile,0,0,0,1,1,6,4,0
628,198,32,25000,Balanced,2025-01-13,6,Utilities,Amazon,756.02,Credit Card,Desktop,0,0,0,0,1,5,0,0
629,155,39,25000,Conservative,2025-06-10,23,Electronics,Myntra,5910.51,Credit Card,Mobile,0,1,0,1,0,6,6,1
630,85,20,50000,Balanced,2025-07-23,5,Utilities,Swiggy,1726.21,UPI,Mobile,0,0,1,1,0,9,0,0
631,126,29,35000,Conservative,2025-02-01,18,Groceries,Netflix,1205.07,UPI,Mobile,1,0,1,0,0,6,0,0
632,349,22,35000,Balanced,2025-11-09,22,Education,BigBasket,1310.32,BNPL,Mobile,0,1,0,0,0,8,3,0
633,444,28,100000,Balanced,2025-10-05,23,Health,Swiggy,2062.43,Credit Card,Desktop,1,1,0,1,0,7,0,0
634,193,30,75000,Aggressive,2025-09-22,17,Groceries,Myntra,949.0,Credit Card,Desktop,0,0,0,1,0,7,0,0
635,127,39,15000,Conservative,2025-06-14,19,EMI,Swiggy,5827.32,UPI,Mobile,0,0,0,1,1,6,7,0
636,130,43,35000,Balanced,2025-09-02,3,Food Delivery,PhonePe,322.25,Cash,Desktop,1,0,0,0,0,9,0,0
637,119,36,35000,Conservative,2025-05-30,15,Education,BigBasket,3710.45,UPI,Desktop,0,0,1,1,1,10,2,0
638,152,29,35000,Balanced,2025-11-26,5,Entertainment,Croma,1263.38,UPI,Mobile,0,0,0,1,0,3,0,0
639,22,25,35000,Balanced,2025-06-29,12,Health,Uber,2426.22,Credit Card,Mobile,0,0,0,1,0,3,1,0
640,241,32,15000,Aggressive,2025-03-05,3,Travel,Zomato,8742.58,UPI,Mobile,1,0,0,0,0,8,10,0
641,150,33,15000,Conservative,2025-11-03,21,Entertainment,Swiggy,976.31,UPI,Mobile,1,0,1,1,0,2,3,1
642,469,38,75000,Aggressive,2025-12-14,19,Electronics,Croma,10471.33,Credit Card,Mobile,0,0,0,1,1,6,4,1
643,207,18,50000,Balanced,2025-10-02,20,Food Delivery,Myntra,532.34,Credit Card,Mobile,1,0,0,0,0,8,0,0
644,214,23,35000,Aggressive,2025-08-06,2,Investment,Zomato,4711.39,Credit Card,Mobile,0,1,0,0,0,1,4,1
645,160,37,50000,Balanced,2025-05-27,21,Food Delivery,PhonePe,401.22,Cash,Mobile,0,0,0,1,0,3,0,0
646,434,33,35000,Conservative,2025-05-23,14,Fashion,Groww,3365.61,UPI,Mobile,0,0,1,0,0,2,3,1
647,8,29,15000,Balanced,2025-11-17,0,Electronics,Swiggy,8591.34,UPI,Desktop,0,1,0,0,0,3,10,1
648,158,37,35000,Balanced,2025-02-07,9,Rent,Myntra,8008.23,Debit Card,Mobile,0,0,0,1,1,6,4,0
649,129,37,25000,Conservative,2025-04-10,4,Entertainment,Zomato,917.82,UPI,Desktop,0,0,0,0,0,1,0,0
650,337,25,15000,Balanced,2025-11-29,12,Health,Paytm,1294.67,UPI,Desktop,0,0,0,1,0,6,1,0
651,451,41,50000,Conservative,2025-09-13,3,Education,Paytm,3533.21,Debit Card,Desktop,0,0,0,0,0,10,1,0
652,165,26,50000,Balanced,2025-05-28,7,Utilities,BigBasket,1677.92,UPI,Mobile,0,0,0,1,0,4,0,0
653,341,33,25000,Balanced,2025-11-04,5,Rent,Myntra,14043.96,UPI,Mobile,1,0,0,1,0,5,10,0
654,265,32,50000,Balanced,2025-07-29,16,Entertainment,Uber,781.28,Cash,Desktop,0,0,0,0,0,7,0,0
655,33,22,50000,Balanced,2025-07-09,22,Investment,Netflix,5467.96,UPI,Desktop,0,1,1,0,0,8,2,0
656,301,43,75000,Conservative,2025-08-30,23,Groceries,PhonePe,1501.4,UPI,Desktop,0,1,0,1,0,4,0,0
657,243,42,50000,Conservative,2025-05-27,20,Education,PhonePe,1577.79,UPI,Mobile,0,0,1,0,0,5,0,0
658,157,29,25000,Aggressive,2025-06-02,8,Rent,Groww,5726.43,UPI,Mobile,1,0,0,0,0,3,4,0
659,207,18,50000,Balanced,2025-10-09,20,Investment,Zomato,4880.76,Credit Card,Desktop,0,0,0,0,1,10,1,0
660,34,44,35000,Conservative,2025-07-19,12,Electronics,Paytm,10224.55,Cash,Mobile,0,0,0,0,0,8,5,0
661,395,27,35000,Balanced,2025-04-20,17,Travel,BigBasket,5033.25,UPI,Desktop,0,0,0,0,0,5,2,0
662,481,37,35000,Conservative,2025-02-03,22,Investment,PhonePe,1948.5,BNPL,Mobile,1,1,0,1,0,1,6,1
663,160,37,50000,Balanced,2025-09-08,4,Electronics,Swiggy,6691.81,Debit Card,Mobile,0,0,0,0,0,6,2,0
664,14,42,100000,Aggressive,2025-11-28,11,Utilities,Croma,2585.69,Debit Card,Desktop,0,0,0,0,0,4,0,0
665,42,30,15000,Conservative,2025-11-22,1,Food Delivery,Uber,109.08,UPI,Mobile,0,1,1,1,0,4,2,1
666,478,29,15000,Aggressive,2025-07-11,7,EMI,Groww,9512.31,Credit Card,Mobile,0,0,0,0,0,8,10,0
667,259,28,75000,Aggressive,2025-07-11,22,Rent,Amazon,9699.01,UPI,Mobile,0,1,1,0,1,3,4,1
668,393,40,50000,Balanced,2025-12-30,15,Investment,Flipkart,3324.06,Credit Card,Mobile,0,0,0,0,0,10,1,0
669,339,25,15000,Conservative,2025-06-21,15,Education,Zomato,3786.85,Credit Card,Desktop,0,0,1,0,0,3,7,1
670,128,22,15000,Conservative,2025-06-12,9,EMI,Paytm,1844.92,Cash,Mobile,0,0,0,0,0,5,2,0
671,99,43,75000,Conservative,2025-03-28,14,Travel,Flipkart,5533.87,UPI,Mobile,0,0,0,1,0,7,1,0
672,314,38,35000,Conservative,2025-01-16,3,Education,Flipkart,3120.08,UPI,Desktop,0,0,0,0,0,1,1,0
673,279,44,35000,Aggressive,2025-08-03,13,Utilities,PhonePe,2342.62,Credit Card,Mobile,1,0,0,0,0,2,1,0
674,268,23,25000,Conservative,2025-11-12,20,Entertainment,Paytm,878.64,UPI,Mobile,0,0,0,0,0,7,0,0
675,252,44,100000,Balanced,2025-02-03,4,Electronics,Flipkart,9433.03,UPI,Mobile,1,0,0,0,1,6,1,0
676,108,31,75000,Conservative,2025-10-15,15,Groceries,Paytm,1268.19,UPI,Mobile,0,0,1,1,0,1,0,0
677,54,34,25000,Conservative,2025-04-19,23,Electronics,Groww,13492.1,UPI,Mobile,0,1,0,1,0,7,10,1
678,146,38,25000,Aggressive,2025-01-17,12,Electronics,Uber,7994.31,UPI,Mobile,0,0,0,0,0,4,8,1
679,466,37,50000,Balanced,2025-03-15,0,Travel,Groww,8042.0,UPI,Mobile,0,1,0,0,0,2,5,1
680,394,37,50000,Conservative,2025-07-11,10,Health,Netflix,1365.13,UPI,Mobile,0,0,0,0,0,1,0,0
681,240,20,75000,Balanced,2025-10-24,19,Health,Paytm,2354.06,UPI,Mobile,0,0,1,1,1,1,2,1
682,285,25,25000,Balanced,2025-08-23,23,Health,Croma,1183.72,UPI,Desktop,0,1,0,0,1,8,0,0
683,320,41,25000,Balanced,2025-06-21,8,Entertainment,PhonePe,521.57,Debit Card,Mobile,0,0,0,1,0,6,0,0
684,150,33,15000,Conservative,2025-06-04,20,Fashion,Flipkart,358.03,Debit Card,Desktop,1,0,1,0,0,2,2,1
685,155,39,25000,Conservative,2025-04-19,15,Fashion,Paytm,4614.25,UPI,Mobile,0,0,0,0,1,1,5,1
686,83,21,25000,Conservative,2025-05-26,1,Entertainment,Groww,1192.14,Credit Card,Desktop,0,1,0,1,0,1,2,1
687,453,19,25000,Balanced,2025-05-12,1,Rent,Swiggy,18590.86,Debit Card,Mobile,0,1,0,1,1,6,10,1
688,361,43,50000,Conservative,2025-09-12,23,Entertainment,Paytm,523.06,UPI,Desktop,0,1,0,1,0,8,0,0
689,109,19,15000,Balanced,2025-04-03,20,Electronics,Flipkart,17728.14,Credit Card,Mobile,1,0,0,0,0,9,10,1
690,103,28,50000,Balanced,2025-02-24,9,Entertainment,BigBasket,454.68,UPI,Desktop,0,0,1,0,1,6,0,0
691,331,21,25000,Aggressive,2025-06-09,8,EMI,Flipkart,8730.8,Credit Card,Desktop,0,0,0,0,1,6,6,0
692,108,31,75000,Conservative,2025-08-02,1,Investment,Groww,6009.98,Debit Card,Mobile,1,1,0,0,0,1,1,0
693,184,18,35000,Balanced,2025-07-08,1,Groceries,Netflix,620.78,UPI,Mobile,0,1,0,1,0,7,0,0
694,430,26,15000,Aggressive,2025-12-13,7,Fashion,Paytm,2296.08,BNPL,Mobile,0,0,0,0,1,1,8,1
695,114,38,25000,Aggressive,2025-02-17,16,EMI,Flipkart,7551.61,Credit Card,Mobile,0,0,0,0,1,4,8,1
696,456,34,50000,Balanced,2025-06-22,23,Electronics,Swiggy,11439.26,Debit Card,Mobile,0,1,0,0,0,4,6,1
697,240,20,75000,Balanced,2025-08-19,17,Rent,Croma,9244.08,UPI,Desktop,0,0,0,0,0,2,2,0
698,407,42,50000,Balanced,2025-02-18,6,Fashion,Paytm,2113.98,Credit Card,Mobile,0,0,0,0,0,6,0,0
699,371,39,35000,Balanced,2025-10-28,18,Investment,Paytm,3937.61,UPI,Mobile,0,0,0,1,0,1,2,0
700,143,20,25000,Balanced,2025-07-28,6,Groceries,Myntra,1220.54,Debit Card,Mobile,0,0,1,0,0,6,0,0
701,354,36,35000,Balanced,2025-05-01,21,Food Delivery,Myntra,128.6,Cash,Mobile,1,0,1,1,0,9,0,0
702,476,25,50000,Aggressive,2025-09-24,3,Travel,Uber,10566.05,UPI,Mobile,0,0,0,0,1,2,4,0
703,424,34,25000,Conservative,2025-12-22,3,Travel,Zomato,7791.57,Debit Card,Mobile,0,0,1,0,1,7,6,0
704,30,24,50000,Aggressive,2025-03-18,14,EMI,Uber,7388.79,Debit Card,Mobile,0,0,1,1,0,6,2,0
705,188,43,25000,Balanced,2025-01-19,10,Investment,Groww,6115.12,Credit Card,Mobile,0,0,1,1,1,10,6,1
706,490,42,35000,Conservative,2025-07-07,16,Groceries,Croma,1954.97,UPI,Mobile,0,0,0,0,0,3,1,0
707,353,40,50000,Balanced,2025-11-24,21,Travel,Flipkart,8549.1,Credit Card,Desktop,0,0,1,0,0,3,5,1
708,305,22,75000,Balanced,2025-03-22,7,Travel,Zomato,8365.08,UPI,Desktop,0,0,1,0,0,6,2,0
709,201,18,15000,Conservative,2025-05-03,21,Health,Flipkart,2071.88,UPI,Desktop,1,0,0,0,0,2,2,0
710,215,35,35000,Conservative,2025-06-21,1,Travel,Croma,4391.81,UPI,Mobile,0,1,0,0,0,10,2,0
711,160,37,50000,Balanced,2025-01-06,11,EMI,Paytm,4581.21,Credit Card,Desktop,0,0,0,0,1,1,1,0
712,466,37,50000,Balanced,2025-05-21,16,Electronics,Zomato,8675.8,BNPL,Mobile,0,0,0,0,0,7,8,1
713,454,22,15000,Aggressive,2025-05-22,3,Investment,Netflix,5053.62,Debit Card,Desktop,0,0,1,0,0,2,8,1
714,334,40,100000,Aggressive,2025-01-31,11,Rent,Flipkart,10874.51,Credit Card,Mobile,0,0,0,1,0,3,2,0
715,385,38,50000,Balanced,2025-01-29,7,Education,PhonePe,3121.45,Debit Card,Tablet,0,0,0,0,1,10,1,0
716,116,37,35000,Balanced,2025-07-10,11,Education,Myntra,2407.59,Credit Card,Desktop,0,0,0,1,0,3,1,0
717,158,37,35000,Balanced,2025-03-23,8,Entertainment,Flipkart,808.42,Credit Card,Desktop,0,0,0,0,0,2,2,1
718,449,31,25000,Balanced,2025-08-26,4,EMI,Groww,6556.44,Credit Card,Mobile,0,0,0,1,0,2,7,1
719,433,32,15000,Balanced,2025-05-30,7,Travel,Amazon,5035.08,UPI,Mobile,0,0,1,0,0,3,8,1
720,400,39,25000,Balanced,2025-03-08,18,Food Delivery,Netflix,226.54,Credit Card,Desktop,0,0,0,1,0,9,0,0
721,439,18,75000,Balanced,2025-12-05,9,Entertainment,Amazon,480.65,UPI,Mobile,1,0,1,1,1,5,2,1
722,277,25,50000,Balanced,2025-07-19,18,Food Delivery,Flipkart,254.93,UPI,Mobile,0,0,0,1,0,2,0,0
723,297,44,35000,Balanced,2025-09-19,6,Utilities,Zomato,1419.0,UPI,Mobile,0,0,0,0,1,9,0,0
724,178,41,35000,Balanced,2025-05-12,8,Entertainment,Groww,748.67,Credit Card,Tablet,0,0,0,1,0,1,2,1
725,399,32,50000,Balanced,2025-10-18,21,Fashion,Groww,3436.27,Debit Card,Mobile,0,0,0,0,0,6,1,0
726,444,28,100000,Balanced,2025-09-06,9,Food Delivery,Uber,255.01,BNPL,Mobile,0,0,0,0,0,4,5,1
727,301,43,75000,Conservative,2025-11-22,16,Health,Flipkart,2937.56,Credit Card,Mobile,0,0,1,1,1,2,2,1
728,58,22,25000,Balanced,2025-09-20,8,Food Delivery,Groww,352.33,Credit Card,Mobile,0,0,1,1,0,8,2,1
729,109,19,15000,Balanced,2025-12-29,18,Rent,Amazon,15987.98,BNPL,Mobile,0,0,0,1,0,1,10,1
730,435,33,50000,Conservative,2025-07-02,22,Travel,Uber,7997.11,UPI,Mobile,1,1,0,1,0,10,3,0
731,39,24,35000,Balanced,2025-04-26,15,Food Delivery,Swiggy,450.99,Credit Card,Desktop,0,0,1,0,0,9,2,1
732,348,40,15000,Aggressive,2025-12-31,13,Entertainment,BigBasket,711.93,UPI,Mobile,0,0,1,1,0,1,2,1
733,53,41,50000,Conservative,2025-11-02,18,Health,BigBasket,2581.55,Credit Card,Mobile,1,0,0,0,0,4,1,0
734,336,40,25000,Conservative,2025-08-09,23,Entertainment,Amazon,845.17,Credit Card,Desktop,0,1,1,0,1,2,2,1
735,47,42,25000,Conservative,2025-07-02,15,Electronics,PhonePe,19477.86,BNPL,Desktop,1,0,0,0,0,6,10,1
736,400,39,25000,Balanced,2025-11-27,17,Health,Croma,1997.53,Credit Card,Mobile,0,0,0,0,0,7,1,0
737,223,32,15000,Conservative,2025-05-14,8,Investment,Netflix,7002.33,UPI,Mobile,0,0,0,0,0,9,9,0
738,371,39,35000,Balanced,2025-07-02,5,Health,Croma,2531.7,Credit Card,Mobile,1,0,0,1,0,2,1,0
739,381,29,25000,Conservative,2025-09-06,5,Entertainment,Croma,759.67,Debit Card,Desktop,0,0,1,0,1,7,0,0
740,235,18,15000,Balanced,2025-06-07,0,Education,Paytm,1356.37,UPI,Desktop,0,1,0,0,0,2,1,0
741,499,44,15000,Aggressive,2025-12-29,14,Fashion,Uber,3843.41,Debit Card,Desktop,0,0,0,0,0,2,7,1
742,361,43,50000,Conservative,2025-03-12,1,Fashion,Netflix,3445.73,Credit Card,Mobile,0,1,0,0,0,3,3,1
743,309,18,15000,Aggressive,2025-08-29,21,Investment,Amazon,1066.65,UPI,Desktop,0,0,0,0,0,10,1,0
744,429,26,25000,Conservative,2025-07-31,1,Entertainment,Zomato,1289.12,Cash,Tablet,0,1,1,0,0,10,3,1
745,147,41,50000,Aggressive,2025-01-19,14,Fashion,Swiggy,2391.03,BNPL,Desktop,0,0,0,0,0,5,3,0
746,140,18,100000,Aggressive,2025-01-10,21,Education,Uber,3014.63,Debit Card,Desktop,0,0,0,0,0,10,0,0
747,63,23,25000,Aggressive,2025-08-30,15,Groceries,Paytm,1304.58,Credit Card,Mobile,0,0,0,0,1,7,1,0
748,377,25,50000,Balanced,2025-03-27,20,Entertainment,Zomato,611.4,UPI,Tablet,0,0,0,0,0,5,0,0
749,250,27,25000,Conservative,2025-09-16,20,Education,Paytm,3448.34,UPI,Mobile,0,0,0,1,0,5,2,0
750,188,43,25000,Balanced,2025-01-01,13,EMI,Amazon,5875.47,Credit Card,Mobile,1,0,0,1,0,1,6,1
751,115,24,15000,Conservative,2025-02-17,14,Entertainment,PhonePe,425.87,Credit Card,Mobile,0,0,1,1,0,3,2,1
752,37,44,35000,Balanced,2025-04-09,15,Rent,Zomato,17880.4,Cash,Mobile,0,0,0,0,0,5,10,0
753,272,32,35000,Balanced,2025-10-02,22,Utilities,Groww,2423.02,UPI,Tablet,1,1,1,0,0,1,3,1
754,120,22,25000,Conservative,2025-01-17,3,Health,Myntra,1647.15,UPI,Mobile,0,0,1,0,0,10,1,0
755,295,41,35000,Balanced,2025-12-14,1,Rent,Groww,11578.21,Credit Card,Mobile,0,1,1,1,0,8,8,1
756,153,42,25000,Conservative,2025-11-21,7,Investment,Swiggy,4471.32,UPI,Mobile,0,0,1,0,0,8,3,0
757,336,40,25000,Conservative,2025-05-09,9,Groceries,Myntra,697.99,Debit Card,Mobile,0,0,1,1,1,4,2,1
758,460,20,35000,Conservative,2025-02-15,21,Electronics,Flipkart,9931.66,UPI,Mobile,0,0,1,1,0,1,7,1
759,282,36,35000,Balanced,2025-08-09,0,Groceries,Zomato,1055.61,UPI,Mobile,0,1,0,0,0,1,0,0
760,272,32,35000,Balanced,2025-05-23,20,Electronics,Paytm,9301.36,Debit Card,Mobile,0,0,0,0,0,3,7,1
761,362,39,15000,Aggressive,2025-08-17,17,Health,Netflix,1945.8,UPI,Mobile,0,0,0,1,0,7,2,0
762,427,41,50000,Conservative,2025-07-30,11,Utilities,BigBasket,834.5,Credit Card,Mobile,0,0,1,1,0,4,2,1
763,277,25,50000,Balanced,2025-03-04,0,Food Delivery,Netflix,311.84,Credit Card,Mobile,1,1,0,0,0,2,2,1
764,399,32,50000,Balanced,2025-09-11,0,EMI,Croma,8510.38,BNPL,Desktop,0,1,0,0,1,4,8,1
765,238,31,35000,Balanced,2025-04-30,16,Groceries,Paytm,1340.77,Debit Card,Mobile,0,0,0,1,1,5,0,0
766,428,21,35000,Conservative,2025-10-19,17,Entertainment,Amazon,506.03,Cash,Mobile,0,0,0,1,1,9,0,0
767,52,32,25000,Conservative,2025-06-05,20,Investment,Netflix,4546.69,UPI,Mobile,1,0,0,1,0,8,3,0
768,125,22,35000,Balanced,2025-12-21,15,Utilities,PhonePe,994.04,UPI,Desktop,0,0,0,0,1,10,0,0
769,91,33,25000,Conservative,2025-08-11,9,Rent,Amazon,10199.56,BNPL,Desktop,0,0,0,0,0,5,10,0
770,213,31,50000,Conservative,2025-07-13,1,Groceries,PhonePe,1027.45,Credit Card,Mobile,0,1,1,0,0,8,2,1
771,91,33,25000,Conservative,2025-05-14,16,Travel,PhonePe,7230.7,UPI,Mobile,0,0,0,0,0,5,5,0
772,406,42,35000,Conservative,2025-11-29,19,Health,Croma,1742.67,UPI,Mobile,0,0,0,1,0,5,0,0
773,196,35,35000,Conservative,2025-09-09,4,Investment,PhonePe,6320.17,UPI,Mobile,0,0,0,0,0,5,3,0
774,375,44,35000,Conservative,2025-06-28,2,Electronics,Swiggy,13432.77,Cash,Mobile,0,1,0,0,0,2,9,1
775,384,33,75000,Balanced,2025-06-13,8,Entertainment,Zomato,892.53,UPI,Mobile,0,0,1,1,0,2,2,1
776,252,44,100000,Balanced,2025-08-23,20,Rent,Netflix,16811.57,UPI,Mobile,0,0,0,0,1,10,3,0
777,122,43,25000,Conservative,2025-06-14,9,Travel,Paytm,10004.27,Credit Card,Desktop,0,0,1,1,0,1,10,1
778,66,44,25000,Balanced,2025-09-16,13,Health,Netflix,3064.08,Debit Card,Mobile,0,0,1,0,0,7,2,0
779,323,26,15000,Balanced,2025-05-10,8,Health,Croma,2154.25,UPI,Mobile,0,0,0,0,1,9,2,0
780,184,18,35000,Balanced,2025-03-22,22,Electronics,PhonePe,9215.12,Cash,Mobile,0,1,0,0,0,6,7,1
781,133,19,25000,Conservative,2025-05-06,18,EMI,Netflix,9298.61,Credit Card,Tablet,0,0,0,1,0,7,7,0
782,291,40,15000,Conservative,2025-10-15,1,Fashion,Paytm,1093.33,BNPL,Mobile,0,1,0,1,0,3,6,1
783,378,28,35000,Balanced,2025-07-20,7,Electronics,Flipkart,15905.88,UPI,Mobile,0,0,0,1,0,1,10,1
784,93,31,75000,Conservative,2025-07-02,20,Entertainment,Flipkart,100.0,BNPL,Desktop,1,0,0,1,1,6,5,1
785,464,34,15000,Aggressive,2025-01-17,11,Fashion,Groww,2465.38,Cash,Mobile,0,0,0,0,1,4,5,1
786,316,19,35000,Balanced,2025-10-11,5,Travel,Amazon,11212.21,Credit Card,Desktop,0,0,1,0,0,9,8,1
787,63,23,25000,Aggressive,2025-03-06,17,Groceries,Paytm,1847.98,UPI,Desktop,0,0,1,0,0,4,1,0
788,379,20,50000,Balanced,2025-08-29,17,Groceries,Netflix,892.18,Credit Card,Mobile,0,0,0,0,0,7,0,0
789,143,20,25000,Balanced,2025-11-02,11,Investment,Croma,3916.14,UPI,Mobile,1,0,0,1,1,6,3,0
790,230,29,25000,Conservative,2025-09-01,6,Travel,Paytm,8305.61,Debit Card,Mobile,1,0,0,0,0,5,6,0
791,20,35,50000,Aggressive,2025-05-29,0,Rent,PhonePe,16437.3,UPI,Mobile,0,1,0,0,1,3,8,1
792,346,19,75000,Balanced,2025-10-13,14,Groceries,Amazon,2045.23,Debit Card,Mobile,0,0,0,0,0,4,0,0
793,36,43,25000,Conservative,2025-04-03,16,EMI,BigBasket,8548.16,Credit Card,Desktop,1,0,0,0,0,4,8,1
794,479,20,25000,Balanced,2025-07-11,4,Rent,BigBasket,7510.25,UPI,Desktop,0,0,0,1,0,9,6,0
795,196,35,35000,Conservative,2025-03-04,22,EMI,Netflix,5093.07,Credit Card,Mobile,1,1,0,0,0,1,4,1
796,223,32,15000,Conservative,2025-03-04,4,Health,PhonePe,2535.1,Cash,Mobile,1,0,1,1,0,7,3,0
797,133,19,25000,Conservative,2025-08-10,11,Investment,Croma,7776.76,Debit Card,Desktop,0,0,0,0,0,5,6,0
798,174,20,25000,Balanced,2025-06-12,16,Entertainment,Amazon,1510.18,Credit Card,Mobile,0,0,0,0,0,1,3,1
799,223,32,15000,Conservative,2025-11-10,23,Education,Zomato,3014.22,BNPL,Tablet,0,1,0,0,0,8,9,1
800,356,39,35000,Balanced,2025-12-16,22,Utilities,Flipkart,871.84,Credit Card,Mobile,0,1,0,0,0,2,2,1
801,198,32,25000,Balanced,2025-03-19,7,Utilities,Amazon,1009.81,UPI,Mobile,0,0,0,0,0,4,0,0
802,43,39,75000,Balanced,2025-11-05,4,Groceries,Uber,1343.22,Credit Card,Mobile,1,0,0,0,1,8,0,0
803,55,24,35000,Conservative,2025-10-11,19,Groceries,Netflix,1836.17,BNPL,Mobile,0,0,1,0,0,5,4,0
804,370,34,50000,Balanced,2025-05-06,12,Entertainment,Netflix,978.85,Credit Card,Mobile,0,0,0,0,0,7,0,0
805,415,23,100000,Aggressive,2025-02-03,4,Education,Croma,2860.55,Credit Card,Mobile,1,0,0,1,0,7,0,0
806,167,27,25000,Aggressive,2025-02-15,12,Travel,Myntra,1816.19,Credit Card,Desktop,0,0,0,1,0,9,1,0
807,397,19,75000,Balanced,2025-02-16,18,Investment,Zomato,5844.16,UPI,Mobile,0,0,0,0,0,1,1,0
808,206,36,25000,Conservative,2025-06-29,21,Entertainment,Flipkart,1167.38,Cash,Tablet,0,0,0,0,0,7,0,0
809,451,41,50000,Conservative,2025-11-17,6,Health,Groww,1918.19,UPI,Mobile,0,0,0,0,1,3,0,0
810,458,44,75000,Aggressive,2025-05-07,4,Travel,Flipkart,8533.29,UPI,Tablet,0,0,0,0,0,3,2,0
811,230,29,25000,Conservative,2025-04-25,14,Rent,Flipkart,14619.84,UPI,Mobile,0,0,0,0,1,3,10,0
812,360,19,35000,Balanced,2025-03-22,6,EMI,Paytm,12033.49,BNPL,Mobile,0,0,0,1,0,2,10,1
813,471,20,25000,Conservative,2025-04-24,19,Food Delivery,Swiggy,100.0,UPI,Tablet,0,0,1,0,1,8,0,0
814,53,41,50000,Conservative,2025-01-11,19,Groceries,Myntra,1482.47,UPI,Mobile,0,0,0,0,0,2,0,0
815,243,42,50000,Conservative,2025-01-07,2,Utilities,Netflix,2181.19,Debit Card,Desktop,0,1,0,0,0,6,0,0
816,314,38,35000,Conservative,2025-05-08,18,Entertainment,Uber,518.58,Credit Card,Mobile,0,0,0,0,0,1,2,1
817,14,42,100000,Aggressive,2025-01-27,1,Education,Myntra,1596.87,UPI,Mobile,0,1,1,1,0,10,0,0
818,312,25,35000,Conservative,2025-04-20,4,Fashion,Netflix,2532.16,Debit Card,Mobile,0,0,0,1,1,10,1,0
819,409,34,15000,Conservative,2025-05-05,7,Groceries,Flipkart,1220.24,UPI,Tablet,1,0,0,0,0,9,1,0
820,133,19,25000,Conservative,2025-09-22,0,Groceries,Croma,760.48,UPI,Mobile,0,1,1,0,1,6,0,0
821,342,38,35000,Conservative,2025-05-05,4,Food Delivery,Zomato,295.13,UPI,Mobile,1,0,1,1,0,3,2,1
822,341,33,25000,Balanced,2025-12-18,23,Utilities,Uber,1791.5,UPI,Mobile,0,1,0,0,0,3,1,0
823,366,43,35000,Conservative,2025-08-20,3,Education,BigBasket,2062.96,UPI,Tablet,0,0,0,0,0,7,1,0
824,479,20,25000,Balanced,2025-05-05,3,Investment,Netflix,8388.73,Cash,Mobile,1,0,0,0,0,9,6,0
825,388,26,75000,Conservative,2025-04-30,2,Electronics,Myntra,7681.33,Debit Card,Mobile,0,1,0,1,0,2,4,1
826,47,42,25000,Conservative,2025-02-10,14,Fashion,Myntra,1387.79,UPI,Mobile,0,0,0,0,0,6,1,0
827,200,30,15000,Conservative,2025-07-06,19,EMI,Myntra,3525.95,UPI,Mobile,0,0,0,0,0,10,4,0
828,292,19,50000,Aggressive,2025-02-02,23,Entertainment,Amazon,568.09,UPI,Mobile,1,1,0,1,0,8,0,0
829,340,31,35000,Aggressive,2025-09-27,4,Rent,PhonePe,7142.04,Cash,Mobile,0,0,1,0,1,10,4,0
830,83,21,25000,Conservative,2025-10-10,11,Groceries,Zomato,1370.14,UPI,Mobile,0,0,0,0,0,1,1,0
831,366,43,35000,Conservative,2025-07-15,18,Travel,Flipkart,8051.17,UPI,Mobile,0,0,0,1,1,10,4,0
832,358,40,50000,Aggressive,2025-11-04,3,Groceries,Groww,100.0,Debit Card,Mobile,1,0,0,0,0,7,0,0
833,154,34,35000,Aggressive,2025-10-18,16,Utilities,BigBasket,1696.02,Cash,Mobile,0,0,0,1,1,1,0,0
834,450,25,25000,Balanced,2025-12-06,0,Travel,Myntra,12117.43,BNPL,Mobile,0,1,0,1,0,2,10,1
835,111,39,35000,Conservative,2025-01-12,3,EMI,Paytm,4803.86,Credit Card,Mobile,0,0,1,1,1,10,4,1
836,94,26,100000,Conservative,2025-03-28,4,Health,BigBasket,1498.86,Credit Card,Tablet,0,0,0,1,1,9,0,0
837,433,32,15000,Balanced,2025-12-05,15,Groceries,Myntra,1129.83,Cash,Desktop,1,0,1,0,0,4,1,0
838,210,29,50000,Aggressive,2025-03-15,13,Utilities,BigBasket,920.57,UPI,Mobile,0,0,1,0,0,8,0,0
839,292,19,50000,Aggressive,2025-10-22,13,Groceries,Zomato,766.54,Debit Card,Mobile,0,0,0,0,0,6,0,0
840,284,32,25000,Balanced,2025-01-22,12,Utilities,Uber,2198.12,UPI,Mobile,0,0,1,0,1,3,1,0
841,368,21,50000,Conservative,2025-02-28,13,Electronics,BigBasket,19552.3,UPI,Mobile,0,0,1,1,1,1,9,1
842,422,22,15000,Aggressive,2025-01-08,12,Entertainment,Myntra,656.46,Debit Card,Mobile,0,0,1,1,0,7,0,0
843,43,39,75000,Balanced,2025-04-29,23,Food Delivery,Netflix,542.65,Cash,Mobile,0,1,1,0,0,10,2,1
844,275,26,25000,Conservative,2025-09-13,7,Health,Myntra,295.58,UPI,Mobile,0,0,0,0,0,1,0,0
845,229,38,35000,Balanced,2025-03-29,22,Travel,Groww,1426.95,BNPL,Mobile,0,1,0,1,1,4,5,1
846,198,32,25000,Balanced,2025-08-24,1,Electronics,Myntra,14907.45,Debit Card,Desktop,0,1,0,0,0,2,10,1
847,472,23,25000,Conservative,2025-06-20,18,Utilities,Croma,2551.36,UPI,Mobile,0,0,0,1,0,1,2,0
848,486,31,100000,Balanced,2025-10-10,22,Fashion,Zomato,1316.14,UPI,Mobile,0,1,0,0,0,10,0,0
849,37,44,35000,Balanced,2025-04-21,11,Fashion,Netflix,1813.47,BNPL,Mobile,0,0,0,1,0,7,4,0
850,75,40,25000,Conservative,2025-05-20,21,Electronics,Uber,13928.47,BNPL,Desktop,0,0,0,1,0,6,10,1
851,345,36,35000,Balanced,2025-09-29,8,Utilities,Netflix,1775.71,UPI,Mobile,0,0,0,0,0,6,1,0
852,16,32,50000,Balanced,2025-12-09,22,Education,Paytm,2603.07,UPI,Mobile,0,1,0,0,0,3,1,0
853,275,26,25000,Conservative,2025-11-28,8,Groceries,Croma,1743.37,Credit Card,Mobile,0,0,0,0,0,7,1,0
854,176,26,50000,Balanced,2025-09-13,21,Health,Swiggy,3450.57,Debit Card,Tablet,0,0,0,1,0,6,1,0
855,258,41,15000,Conservative,2025-07-28,8,Food Delivery,Flipkart,444.23,Credit Card,Mobile,0,0,1,0,1,9,2,1
856,126,29,35000,Conservative,2025-08-22,19,Electronics,Croma,10972.95,UPI,Mobile,0,0,0,1,0,8,6,0
857,232,43,50000,Balanced,2025-03-21,21,Education,BigBasket,3644.2,Credit Card,Desktop,0,0,0,0,0,3,1,0
858,402,19,15000,Aggressive,2025-04-01,21,Investment,Zomato,1004.75,UPI,Desktop,1,0,0,0,1,3,1,0
859,197,41,25000,Aggressive,2025-01-08,2,Food Delivery,Amazon,306.25,Credit Card,Desktop,0,1,0,1,0,4,2,1
860,234,33,15000,Conservative,2025-08-03,21,Food Delivery,Uber,311.57,UPI,Desktop,1,0,1,0,1,7,0,0
861,161,40,50000,Conservative,2025-08-18,1,Electronics,Myntra,20846.88,Debit Card,Mobile,0,1,0,1,1,7,10,1
862,425,35,35000,Aggressive,2025-07-09,6,Rent,Netflix,8553.07,UPI,Tablet,0,0,0,0,0,2,4,0
863,421,34,100000,Aggressive,2025-02-20,19,Education,BigBasket,6030.95,Credit Card,Mobile,0,0,0,0,1,10,1,0
864,405,34,35000,Balanced,2025-10-31,22,Groceries,Swiggy,1347.43,UPI,Mobile,0,1,0,1,1,8,0,0
865,284,32,25000,Balanced,2025-10-06,5,Electronics,Groww,16592.51,UPI,Mobile,0,0,1,0,0,8,10,1
866,424,34,25000,Conservative,2025-08-28,12,Food Delivery,PhonePe,275.55,UPI,Desktop,0,0,0,1,1,10,0,0
867,133,19,25000,Conservative,2025-04-24,17,EMI,Netflix,1889.96,BNPL,Mobile,0,0,0,0,1,2,4,0
868,321,28,35000,Conservative,2025-12-03,13,Investment,PhonePe,5565.17,BNPL,Mobile,1,0,0,0,0,5,6,0
869,86,29,35000,Balanced,2025-10-26,22,Groceries,Paytm,1189.97,Credit Card,Desktop,0,1,0,0,0,9,0,0
870,215,35,35000,Conservative,2025-05-09,3,Fashion,Swiggy,3523.06,Cash,Mobile,0,0,0,1,0,4,2,0
871,84,37,25000,Balanced,2025-05-22,10,Investment,BigBasket,5207.54,Credit Card,Mobile,0,0,1,1,0,3,6,1
872,257,36,15000,Balanced,2025-11-11,21,Fashion,Croma,3624.82,Credit Card,Mobile,0,0,0,0,0,7,6,1
873,227,43,25000,Aggressive,2025-11-19,10,Education,Paytm,2408.3,UPI,Desktop,0,0,0,1,1,9,1,0
874,260,34,35000,Balanced,2025-11-04,8,Groceries,PhonePe,972.57,Debit Card,Desktop,1,0,0,1,0,3,0,0
875,166,23,15000,Balanced,2025-12-20,9,Fashion,Paytm,4402.25,Credit Card,Tablet,0,0,0,0,1,7,7,1
876,142,31,15000,Conservative,2025-03-27,10,Electronics,Uber,15663.99,Credit Card,Tablet,0,0,1,0,1,6,10,1
877,314,38,35000,Conservative,2025-08-17,12,Electronics,PhonePe,15808.23,Credit Card,Mobile,0,0,1,1,1,5,10,1
878,377,25,50000,Balanced,2025-06-12,22,Health,Myntra,2248.51,Credit Card,Mobile,0,1,0,1,0,8,0,0
879,428,21,35000,Conservative,2025-11-13,7,Utilities,Zomato,1802.17,UPI,Mobile,0,0,0,1,1,6,1,0
880,115,24,15000,Conservative,2025-04-04,11,Travel,BigBasket,3693.54,Credit Card,Mobile,1,0,1,1,0,7,6,1
881,78,28,75000,Balanced,2025-09-16,20,Groceries,Uber,2056.54,Credit Card,Mobile,0,0,1,1,1,1,2,1
882,372,39,15000,Balanced,2025-12-08,12,Entertainment,Uber,1079.02,UPI,Desktop,0,0,0,0,0,5,1,0
883,145,36,25000,Conservative,2025-05-25,2,Education,Uber,2409.01,Debit Card,Mobile,0,1,0,0,0,9,1,0
884,416,41,35000,Balanced,2025-10-21,8,Health,PhonePe,2504.69,BNPL,Mobile,0,0,0,0,0,10,4,0
885,250,27,25000,Conservative,2025-06-03,10,Health,Flipkart,1588.3,UPI,Desktop,1,0,0,0,0,6,1,0
886,112,37,15000,Conservative,2025-04-02,3,Fashion,Croma,3413.87,UPI,Mobile,1,0,1,1,0,7,6,1
887,236,37,25000,Conservative,2025-03-12,5,Health,Swiggy,4158.94,UPI,Mobile,0,0,0,1,1,2,5,1
888,191,39,15000,Conservative,2025-10-25,11,Education,Myntra,3654.6,Debit Card,Mobile,0,0,0,1,0,2,4,0
889,132,43,35000,Balanced,2025-09-07,1,Education,Croma,2230.25,UPI,Mobile,0,1,0,0,1,2,1,0
890,120,22,25000,Conservative,2025-09-22,6,Investment,Groww,3048.29,Credit Card,Mobile,0,0,1,1,0,2,4,1
891,359,38,50000,Balanced,2025-12-12,12,Education,Croma,1516.34,Credit Card,Desktop,0,0,1,0,0,3,2,1
892,399,32,50000,Balanced,2025-10-14,10,Food Delivery,Zomato,225.96,Cash,Mobile,0,0,1,1,0,9,0,0
893,223,32,15000,Conservative,2025-11-23,20,Groceries,Paytm,1633.58,UPI,Desktop,0,0,0,0,0,6,2,0
894,145,36,25000,Conservative,2025-09-30,13,Rent,Uber,12249.09,Debit Card,Mobile,0,0,0,1,0,2,9,0
895,37,44,35000,Balanced,2025-05-24,17,Entertainment,Groww,792.83,UPI,Mobile,0,0,0,1,0,10,0,0
896,279,44,35000,Aggressive,2025-09-22,9,Education,Amazon,4772.87,UPI,Mobile,0,0,0,1,0,2,2,0
897,374,20,50000,Aggressive,2025-01-08,23,Rent,Zomato,15722.17,Debit Card,Desktop,0,1,1,1,0,6,8,1
898,98,35,35000,Aggressive,2025-07-16,13,Food Delivery,Amazon,278.43,Debit Card,Mobile,0,0,0,0,0,7,0,0
899,238,31,35000,Balanced,2025-12-14,22,EMI,Zomato,4668.62,Credit Card,Desktop,0,1,1,0,0,2,4,1
900,131,18,35000,Balanced,2025-06-27,12,Electronics,Myntra,10129.46,UPI,Mobile,0,0,1,1,1,2,7,1
901,260,34,35000,Balanced,2025-01-08,17,Electronics,BigBasket,13234.07,UPI,Mobile,0,0,1,0,0,4,9,1
902,385,38,50000,Balanced,2025-08-16,19,Entertainment,Myntra,628.7,UPI,Mobile,0,0,0,0,1,7,0,0
903,161,40,50000,Conservative,2025-10-25,23,EMI,Croma,2738.82,Credit Card,Mobile,0,1,0,0,0,1,3,1
904,486,31,100000,Balanced,2025-03-13,20,Health,Flipkart,1507.8,Credit Card,Desktop,0,0,0,1,1,7,0,0
905,43,39,75000,Balanced,2025-06-20,0,Fashion,Flipkart,2592.46,Credit Card,Mobile,0,1,1,0,0,7,2,1
906,375,44,35000,Conservative,2025-07-07,3,Rent,Groww,14404.41,BNPL,Mobile,0,0,0,0,0,5,10,0
907,230,29,25000,Conservative,2025-02-25,8,Groceries,Zomato,1350.69,Cash,Mobile,0,0,0,1,0,4,1,0
908,480,31,35000,Balanced,2025-08-22,12,Rent,BigBasket,9908.43,Cash,Mobile,0,0,1,0,0,5,5,0
909,415,23,100000,Aggressive,2025-01-13,3,EMI,Myntra,9041.86,Credit Card,Mobile,0,0,0,0,0,6,1,0
910,385,38,50000,Balanced,2025-08-16,22,Food Delivery,Zomato,307.56,BNPL,Mobile,0,1,0,1,0,6,5,1
911,296,32,35000,Balanced,2025-08-06,2,Electronics,Zomato,16850.98,Credit Card,Mobile,0,1,0,0,0,10,10,1
912,120,22,25000,Conservative,2025-04-06,16,Travel,Swiggy,6502.33,UPI,Mobile,0,0,0,0,0,10,5,0
913,488,23,75000,Balanced,2025-10-24,13,Education,Flipkart,3007.11,Credit Card,Mobile,0,0,1,0,0,1,2,1
914,198,32,25000,Balanced,2025-09-10,9,Electronics,Uber,6143.48,UPI,Mobile,0,0,0,0,0,2,6,1
915,146,38,25000,Aggressive,2025-04-21,2,Groceries,Uber,923.26,Credit Card,Mobile,0,1,0,1,1,4,2,1
916,268,23,25000,Conservative,2025-03-28,6,Rent,PhonePe,15587.48,UPI,Tablet,0,0,0,0,0,10,10,0
917,375,44,35000,Conservative,2025-04-05,4,EMI,Croma,4487.17,UPI,Mobile,1,0,1,0,1,5,2,0
918,41,30,35000,Conservative,2025-06-23,15,Food Delivery,Groww,536.64,UPI,Mobile,0,0,1,0,0,7,0,0
919,57,19,35000,Conservative,2025-03-24,21,Fashion,Uber,2307.8,Credit Card,Desktop,0,0,0,0,0,9,1,0
920,338,20,75000,Balanced,2025-05-18,11,Electronics,Swiggy,17173.78,Cash,Desktop,0,0,0,1,0,7,4,0
921,415,23,100000,Aggressive,2025-09-15,17,Groceries,Groww,1163.27,Cash,Desktop,0,0,0,1,0,2,0,0
922,197,41,25000,Aggressive,2025-01-03,10,EMI,Myntra,8620.3,UPI,Mobile,1,0,0,0,0,1,6,0
923,34,44,35000,Conservative,2025-02-23,8,EMI,Netflix,3894.0,Debit Card,Mobile,0,0,1,1,0,3,2,0
924,107,18,15000,Conservative,2025-05-12,5,Electronics,Netflix,7764.84,Debit Card,Mobile,0,0,0,1,0,8,10,0
925,150,33,15000,Conservative,2025-07-22,7,Education,Groww,2353.65,UPI,Desktop,0,0,0,1,0,6,3,0
926,264,37,35000,Conservative,2025-10-09,11,Food Delivery,Uber,451.39,UPI,Desktop,0,0,1,0,0,9,0,0
927,266,23,35000,Conservative,2025-11-24,19,Food Delivery,Swiggy,467.57,UPI,Mobile,0,0,0,0,1,10,0,0
928,70,42,15000,Aggressive,2025-09-09,7,EMI,PhonePe,5014.41,UPI,Desktop,0,0,0,0,0,6,6,0
929,50,25,35000,Balanced,2025-08-17,15,Electronics,Croma,13167.72,UPI,Mobile,0,0,0,0,0,8,7,0
930,358,40,50000,Aggressive,2025-01-14,13,Rent,Myntra,20601.83,UPI,Mobile,0,0,1,1,1,4,10,1
931,297,44,35000,Balanced,2025-02-28,13,Health,Swiggy,2429.4,BNPL,Mobile,0,0,0,0,1,10,4,0
932,445,40,15000,Aggressive,2025-12-31,3,Utilities,Uber,1824.96,Credit Card,Desktop,0,0,0,1,0,5,2,0
933,28,28,25000,Balanced,2025-04-15,3,Entertainment,Groww,891.16,Cash,Mobile,0,0,0,0,0,2,0,0
934,226,20,35000,Aggressive,2025-06-28,20,Electronics,BigBasket,8526.17,UPI,Mobile,0,0,0,0,0,5,4,0
935,256,41,75000,Conservative,2025-11-03,20,Entertainment,Paytm,825.5,Credit Card,Desktop,1,0,1,0,0,6,2,1
936,163,43,35000,Aggressive,2025-12-18,21,Entertainment,Croma,746.27,Credit Card,Mobile,0,0,1,1,0,4,2,1
937,122,43,25000,Conservative,2025-12-16,22,Electronics,Croma,10901.71,UPI,Tablet,0,1,0,0,0,5,10,1
938,245,43,35000,Conservative,2025-12-02,18,Electronics,Netflix,12055.46,Cash,Tablet,1,0,1,0,0,1,8,1
939,152,29,35000,Balanced,2025-10-14,9,Utilities,Paytm,868.24,UPI,Mobile,0,0,0,1,0,5,0,0
940,363,23,50000,Conservative,2025-12-04,11,Utilities,BigBasket,1625.39,Credit Card,Tablet,1,0,0,1,0,5,0,0
941,166,23,15000,Balanced,2025-07-15,22,Rent,Uber,8783.29,Credit Card,Tablet,0,1,1,0,0,7,10,1
942,480,31,35000,Balanced,2025-08-08,12,Rent,Croma,18386.03,UPI,Mobile,0,0,0,1,0,9,10,0
943,224,28,15000,Balanced,2025-11-07,6,EMI,BigBasket,3645.71,Credit Card,Tablet,0,0,1,0,0,5,6,1
944,422,22,15000,Aggressive,2025-09-23,12,Fashion,Myntra,1347.92,UPI,Mobile,0,0,0,1,0,7,1,0
945,11,36,25000,Aggressive,2025-06-30,4,Entertainment,Groww,1070.3,BNPL,Mobile,0,0,0,1,0,5,3,0
946,383,42,35000,Conservative,2025-10-19,2,Food Delivery,PhonePe,294.66,Debit Card,Tablet,0,1,0,0,1,2,2,1
947,35,32,50000,Balanced,2025-06-30,20,Entertainment,Groww,189.38,Credit Card,Mobile,0,0,0,0,1,9,0,0
948,397,19,75000,Balanced,2025-07-18,3,Education,Swiggy,3290.56,BNPL,Mobile,0,0,1,0,0,10,3,0
949,232,43,50000,Balanced,2025-05-14,17,Travel,BigBasket,8383.83,UPI,Mobile,0,0,0,1,1,1,5,1
950,396,41,25000,Conservative,2025-06-10,22,Utilities,Zomato,1366.19,UPI,Mobile,0,1,1,0,0,1,3,1
951,119,36,35000,Conservative,2025-04-09,8,Groceries,Zomato,1164.71,BNPL,Mobile,0,0,1,0,0,7,3,0
952,477,37,15000,Balanced,2025-08-10,3,Fashion,Flipkart,2440.21,UPI,Tablet,0,0,0,0,0,3,5,1
953,370,34,50000,Balanced,2025-03-27,14,Rent,Zomato,6460.26,UPI,Desktop,0,0,1,0,0,3,2,0
954,298,21,50000,Balanced,2025-05-02,14,Groceries,Croma,678.75,Debit Card,Tablet,1,0,0,0,0,6,0,0
955,419,38,50000,Conservative,2025-03-29,14,Travel,PhonePe,13557.26,BNPL,Mobile,0,0,0,1,0,2,10,1
956,17,25,15000,Aggressive,2025-04-12,19,Utilities,PhonePe,100.0,BNPL,Mobile,0,0,0,0,0,2,3,0
957,409,34,15000,Conservative,2025-04-03,19,Investment,Zomato,2350.1,UPI,Desktop,1,0,0,0,1,7,3,0
958,406,42,35000,Conservative,2025-08-29,9,Groceries,BigBasket,1296.02,BNPL,Desktop,0,0,0,1,0,7,3,0
959,128,22,15000,Conservative,2025-01-14,21,Rent,Uber,16985.92,Debit Card,Mobile,0,0,1,0,0,6,10,0
960,96,18,15000,Conservative,2025-09-08,18,Education,Amazon,100.0,Cash,Desktop,0,0,0,0,0,9,0,0
961,367,39,50000,Conservative,2025-07-24,15,Fashion,Uber,4481.23,Credit Card,Tablet,0,0,0,0,1,5,1,0
962,361,43,50000,Conservative,2025-08-15,1,Food Delivery,Amazon,483.12,UPI,Mobile,0,1,0,1,0,9,0,0
963,477,37,15000,Balanced,2025-09-11,7,Investment,Paytm,5294.58,UPI,Mobile,0,0,0,0,0,2,7,0
964,35,32,50000,Balanced,2025-03-29,14,Utilities,Myntra,1472.8,BNPL,Desktop,0,0,0,1,1,6,3,0
965,36,43,25000,Conservative,2025-10-04,11,EMI,Swiggy,3726.78,UPI,Desktop,1,0,1,1,1,6,2,0
966,345,36,35000,Balanced,2025-08-22,17,Electronics,Uber,5751.03,BNPL,Mobile,0,0,0,0,0,5,8,1
967,330,34,35000,Balanced,2025-02-12,0,Travel,Uber,9243.51,Cash,Mobile,0,1,0,1,0,4,7,1
968,83,21,25000,Conservative,2025-07-17,21,Utilities,Paytm,706.97,BNPL,Mobile,0,0,0,0,0,3,3,0
969,176,26,50000,Balanced,2025-10-31,18,Fashion,Swiggy,3996.02,Credit Card,Mobile,0,0,0,0,0,3,3,1
970,108,31,75000,Conservative,2025-11-19,10,Health,Groww,1503.36,BNPL,Mobile,0,0,0,0,0,10,3,0
971,86,29,35000,Balanced,2025-11-11,1,Rent,Groww,4328.71,Credit Card,Mobile,0,1,1,1,0,7,4,1
972,204,22,50000,Conservative,2025-09-27,2,Fashion,PhonePe,1360.76,UPI,Mobile,0,1,0,1,0,1,2,1
973,250,27,25000,Conservative,2025-12-17,17,Groceries,Paytm,1280.43,BNPL,Mobile,0,0,1,0,0,8,4,0
974,289,24,35000,Aggressive,2025-09-23,17,Health,Flipkart,2281.88,UPI,Mobile,0,0,0,1,0,6,1,0
975,283,32,35000,Conservative,2025-04-15,17,EMI,Flipkart,6477.71,Credit Card,Mobile,0,0,0,0,0,1,5,1
976,240,20,75000,Balanced,2025-11-17,15,Health,Paytm,2497.01,UPI,Desktop,0,0,1,1,0,3,0,0
977,54,34,25000,Conservative,2025-07-13,6,EMI,Groww,6949.62,Credit Card,Desktop,0,0,1,0,1,5,7,1
978,96,18,15000,Conservative,2025-02-08,13,Travel,Uber,10113.34,Credit Card,Mobile,0,0,0,1,0,5,10,0
979,12,42,15000,Balanced,2025-11-28,10,Utilities,Swiggy,2269.65,Credit Card,Mobile,0,0,1,1,0,10,5,1
980,41,30,35000,Conservative,2025-04-01,11,Fashion,Zomato,1881.22,UPI,Mobile,1,0,0,0,0,2,1,0
981,280,42,75000,Conservative,2025-05-03,14,Investment,Netflix,5432.12,Credit Card,Mobile,1,0,0,0,1,9,1,0
982,60,23,25000,Balanced,2025-11-18,18,Electronics,Myntra,10259.42,UPI,Mobile,0,0,1,0,0,8,10,1
983,319,42,35000,Balanced,2025-04-06,7,Food Delivery,Paytm,461.05,UPI,Mobile,0,0,0,1,0,9,0,0
984,442,42,75000,Conservative,2025-03-30,21,Education,Paytm,4912.18,UPI,Mobile,0,0,1,0,0,4,1,0
985,426,20,50000,Conservative,2025-06-21,12,Travel,Zomato,7495.57,Debit Card,Mobile,0,0,1,0,0,4,2,0
986,192,38,50000,Balanced,2025-08-20,2,Rent,Myntra,9502.09,Credit Card,Mobile,0,1,1,0,0,6,5,1
987,79,25,35000,Conservative,2025-09-16,8,EMI,Paytm,7890.97,Debit Card,Mobile,0,0,0,0,0,6,4,0
988,317,44,35000,Conservative,2025-03-13,2,Fashion,Paytm,3282.08,Debit Card,Mobile,0,1,1,0,0,2,3,1
989,420,28,25000,Conservative,2025-08-19,21,Entertainment,BigBasket,1178.2,UPI,Desktop,0,0,0,0,0,10,0,0
990,202,34,35000,Balanced,2025-11-17,10,Investment,Groww,1892.95,UPI,Mobile,0,0,0,0,0,3,1,0
991,224,28,15000,Balanced,2025-08-25,22,Electronics,Groww,16152.0,Credit Card,Mobile,0,1,0,0,0,9,10,1
992,356,39,35000,Balanced,2025-10-15,17,Rent,Amazon,9518.58,UPI,Desktop,0,0,0,0,1,4,5,0
993,296,32,35000,Balanced,2025-01-20,15,Groceries,Uber,798.57,Credit Card,Mobile,0,0,0,0,1,9,0,0
994,292,19,50000,Aggressive,2025-05-08,14,Fashion,Swiggy,3190.08,Credit Card,Tablet,0,0,0,0,0,5,1,0
995,332,24,50000,Conservative,2025-02-05,3,Groceries,Swiggy,1369.54,UPI,Mobile,1,0,1,1,0,7,0,0
996,228,35,25000,Conservative,2025-10-14,4,Health,Zomato,3008.55,UPI,Mobile,0,0,0,1,0,5,2,0
997,468,34,100000,Conservative,2025-04-23,12,Electronics,Paytm,12645.91,UPI,Mobile,0,0,0,0,0,4,2,0
998,44,42,15000,Balanced,2025-06-16,22,Education,Netflix,2156.38,UPI,Mobile,0,1,0,1,0,10,2,0
999,328,25,35000,Conservative,2025-04-19,0,Rent,Groww,13699.53,BNPL,Mobile,0,1,1,0,0,7,10,1
1000,475,31,25000,Conservative,2025-12-18,1,Investment,Amazon,2525.15,Debit Card,Desktop,0,1,0,0,1,9,2,0
1001,87,39,25000,Aggressive,2025-07-13,15,Entertainment,Paytm,617.96,Credit Card,Mobile,0,0,1,0,0,7,2,1
1002,118,27,25000,Balanced,2025-02-12,3,Education,Netflix,1364.3,UPI,Mobile,0,0,1,0,1,5,1,0
1003,150,33,15000,Conservative,2025-10-10,13,Travel,Amazon,2505.69,UPI,Mobile,0,0,0,1,0,6,3,0
1004,49,30,75000,Conservative,2025-06-30,7,Fashion,Groww,2098.38,Debit Card,Mobile,0,0,0,0,0,9,0,0
1005,407,42,50000,Balanced,2025-12-24,17,Utilities,Croma,1932.04,UPI,Mobile,0,0,1,1,1,7,0,0
1006,469,38,75000,Aggressive,2025-06-30,5,EMI,Uber,5586.69,UPI,Mobile,0,0,0,0,0,9,1,0
1007,53,41,50000,Conservative,2025-06-21,20,Food Delivery,Croma,353.93,BNPL,Mobile,0,0,1,0,0,2,5,1
1008,213,31,50000,Conservative,2025-04-19,4,Entertainment,BigBasket,442.2,UPI,Tablet,0,0,1,0,0,7,0,0
1009,267,21,25000,Balanced,2025-06-06,5,Groceries,BigBasket,704.92,UPI,Mobile,0,0,0,0,0,1,0,0
1010,446,38,50000,Conservative,2025-06-06,17,Food Delivery,Myntra,707.67,Credit Card,Desktop,0,0,0,0,1,6,0,0
1011,254,23,25000,Conservative,2025-11-14,18,Travel,Paytm,6361.9,UPI,Mobile,0,0,0,1,0,8,5,0
1012,8,29,15000,Balanced,2025-11-21,8,Education,PhonePe,3273.72,UPI,Mobile,0,0,1,1,1,6,6,1
1013,368,21,50000,Conservative,2025-01-18,11,Health,Groww,1482.21,UPI,Mobile,0,0,1,0,0,3,0,0
1014,427,41,50000,Conservative,2025-06-18,20,EMI,Swiggy,2856.18,Debit Card,Mobile,0,0,0,0,0,5,1,0
1015,441,33,50000,Aggressive,2025-06-30,10,EMI,Uber,7110.5,Debit Card,Mobile,0,0,1,0,1,5,2,0
1016,330,34,35000,Balanced,2025-07-24,23,Fashion,BigBasket,2214.44,Debit Card,Mobile,0,1,1,1,1,1,3,1
1017,350,19,75000,Conservative,2025-07-31,1,Food Delivery,Croma,565.42,BNPL,Mobile,0,1,0,1,0,3,5,1
1018,346,19,75000,Balanced,2025-11-02,19,Electronics,PhonePe,3843.64,UPI,Mobile,1,0,0,0,0,9,1,0
1019,350,19,75000,Conservative,2025-05-29,20,Health,Croma,1637.35,UPI,Desktop,0,0,0,0,1,2,0,0
1020,327,34,15000,Balanced,2025-04-18,14,Rent,Swiggy,18490.46,BNPL,Mobile,0,0,0,0,1,8,10,0
1021,258,41,15000,Conservative,2025-10-03,14,Health,Zomato,762.66,BNPL,Mobile,1,0,1,1,0,7,4,0
1022,92,34,15000,Aggressive,2025-01-29,4,Health,Uber,2851.58,BNPL,Desktop,0,0,0,1,1,10,8,1
1023,95,31,100000,Aggressive,2025-10-08,8,Rent,Netflix,6961.46,BNPL,Mobile,0,0,0,0,0,1,4,0
1024,483,38,25000,Balanced,2025-07-11,20,Investment,Swiggy,2703.45,UPI,Tablet,0,0,0,0,0,5,2,0
1025,196,35,35000,Conservative,2025-04-21,21,Health,Paytm,2728.27,Credit Card,Mobile,0,0,0,1,0,3,1,0
1026,318,29,75000,Conservative,2025-08-07,23,Travel,Croma,5872.54,UPI,Desktop,0,1,0,1,0,3,1,0
1027,104,27,50000,Aggressive,2025-04-22,13,Rent,Amazon,9207.79,Debit Card,Mobile,0,0,1,0,0,5,3,0
1028,55,24,35000,Conservative,2025-03-27,22,Food Delivery,Swiggy,572.98,UPI,Mobile,0,1,0,1,1,6,2,1
1029,282,36,35000,Balanced,2025-12-21,8,Entertainment,Uber,1349.66,UPI,Mobile,0,0,1,1,0,4,2,1
1030,252,44,100000,Balanced,2025-02-12,9,EMI,Myntra,5495.2,UPI,Mobile,0,0,1,0,0,6,1,0
1031,274,35,15000,Balanced,2025-08-17,1,Utilities,Amazon,710.37,UPI,Mobile,0,1,0,0,0,6,0,0
1032,15,26,15000,Conservative,2025-07-08,16,Utilities,Swiggy,1808.68,UPI,Mobile,0,0,0,0,0,6,2,0
1033,197,41,25000,Aggressive,2025-10-30,3,Electronics,Groww,14146.59,UPI,Mobile,0,0,0,0,0,3,10,1
1034,212,32,35000,Balanced,2025-10-18,17,Entertainment,Amazon,969.53,UPI,Mobile,0,0,0,1,0,4,0,0
1035,422,22,15000,Aggressive,2025-07-27,15,Travel,Zomato,9744.7,UPI,Mobile,0,0,0,1,0,9,10,0
1036,67,36,25000,Conservative,2025-06-15,16,Utilities,Croma,2305.36,UPI,Mobile,0,0,1,0,0,9,1,0
1037,89,44,50000,Balanced,2025-02-22,12,Groceries,Amazon,1652.85,Credit Card,Desktop,0,0,0,1,1,2,2,1
1038,427,41,50000,Conservative,2025-02-17,5,Health,Groww,2573.49,UPI,Desktop,0,0,1,0,0,1,1,0
1039,165,26,50000,Balanced,2025-01-25,3,EMI,PhonePe,7645.35,UPI,Tablet,0,0,0,1,0,1,3,0
1040,468,34,100000,Conservative,2025-10-03,8,Entertainment,Zomato,635.06,UPI,Mobile,1,0,0,0,0,1,0,0
1041,77,39,50000,Balanced,2025-11-02,22,Electronics,Croma,15486.81,UPI,Mobile,1,1,0,1,0,2,8,1
1042,497,32,25000,Conservative,2025-03-26,2,EMI,Amazon,7374.93,UPI,Mobile,0,1,1,0,0,5,7,1
1043,416,41,35000,Balanced,2025-08-17,22,Travel,Zomato,1413.64,UPI,Mobile,0,1,0,0,1,6,0,0
1044,66,44,25000,Balanced,2025-04-18,16,Education,Zomato,3616.87,BNPL,Mobile,0,0,0,0,0,7,5,0
1045,124,38,35000,Balanced,2025-01-10,14,Rent,BigBasket,6938.14,UPI,Mobile,0,0,0,1,0,5,3,0
1046,152,29,35000,Balanced,2025-03-02,21,Entertainment,PhonePe,1398.34,UPI,Mobile,1,0,1,0,0,3,2,1
1047,401,33,35000,Aggressive,2025-11-21,12,Fashion,Flipkart,3263.49,UPI,Mobile,0,0,0,1,0,1,1,0
1048,155,39,25000,Conservative,2025-03-10,18,Health,Amazon,1954.13,Credit Card,Mobile,0,0,0,0,0,6,1,0
1049,194,35,35000,Balanced,2025-11-15,22,Electronics,Paytm,14429.81,Debit Card,Desktop,0,1,1,0,1,8,10,1
1050,270,25,50000,Conservative,2025-02-23,20,Education,Amazon,4755.19,UPI,Mobile,0,0,1,0,0,8,1,0
1051,207,18,50000,Balanced,2025-11-06,21,Investment,Zomato,10676.95,UPI,Mobile,0,0,0,0,1,9,4,0
1052,42,30,15000,Conservative,2025-02-06,0,Utilities,Flipkart,803.59,Credit Card,Mobile,0,1,0,1,0,10,1,0
1053,209,39,50000,Balanced,2025-05-01,4,Fashion,Amazon,2513.0,UPI,Mobile,1,0,1,0,0,2,3,1
1054,429,26,25000,Conservative,2025-01-27,6,Investment,PhonePe,6546.93,BNPL,Mobile,0,0,0,0,0,2,10,1
1055,241,32,15000,Aggressive,2025-08-25,3,EMI,Zomato,3979.61,UPI,Mobile,0,0,0,0,0,4,5,0
1056,334,40,100000,Aggressive,2025-05-22,17,Groceries,Swiggy,858.36,Debit Card,Desktop,0,0,0,0,1,5,0,0
1057,309,18,15000,Aggressive,2025-01-23,18,EMI,Netflix,4275.05,BNPL,Mobile,0,0,1,0,0,2,10,1
1058,67,36,25000,Conservative,2025-02-14,3,Health,Swiggy,2223.22,Credit Card,Mobile,0,0,1,0,0,7,1,0
1059,154,34,35000,Aggressive,2025-12-03,14,Entertainment,Amazon,781.08,UPI,Tablet,1,0,0,0,0,3,0,0
1060,446,38,50000,Conservative,2025-03-29,15,Electronics,Paytm,7283.37,UPI,Mobile,0,0,1,1,0,3,4,1
1061,110,39,25000,Conservative,2025-04-27,2,EMI,Groww,7055.8,UPI,Mobile,0,1,0,1,1,2,7,1
1062,389,27,35000,Aggressive,2025-12-21,22,Entertainment,Flipkart,621.2,Debit Card,Desktop,0,1,0,1,0,3,2,1
1063,83,21,25000,Conservative,2025-09-04,14,Travel,Paytm,10040.26,Cash,Desktop,1,0,1,0,0,6,8,0
1064,298,21,50000,Balanced,2025-12-15,23,EMI,BigBasket,5658.04,Debit Card,Mobile,0,1,1,0,0,1,4,1
1065,469,38,75000,Aggressive,2025-02-01,13,Food Delivery,Amazon,268.93,UPI,Desktop,1,0,0,0,1,3,0,0
1066,39,24,35000,Balanced,2025-01-31,12,Education,Croma,2025.02,UPI,Mobile,0,0,1,0,0,2,1,0
1067,149,41,50000,Aggressive,2025-06-13,13,Investment,Paytm,3753.96,Credit Card,Tablet,0,0,0,0,0,9,1,0
1068,491,39,35000,Balanced,2025-12-06,7,EMI,Myntra,6098.99,UPI,Mobile,0,0,1,0,0,6,3,0
1069,179,43,15000,Aggressive,2025-02-18,19,Groceries,PhonePe,1103.87,Credit Card,Desktop,0,0,0,0,0,1,1,0
1070,297,44,35000,Balanced,2025-07-21,8,Entertainment,Amazon,1507.52,UPI,Mobile,0,0,0,1,0,10,0,0
1071,84,37,25000,Balanced,2025-01-16,14,Investment,Myntra,5874.7,BNPL,Mobile,0,0,1,1,0,2,9,1
1072,119,36,35000,Conservative,2025-02-07,22,Investment,Amazon,839.91,UPI,Mobile,0,1,0,1,0,4,0,0
1073,258,41,15000,Conservative,2025-12-12,18,Electronics,PhonePe,15516.43,Debit Card,Desktop,0,0,0,1,0,5,10,0
1074,62,23,25000,Balanced,2025-06-13,4,Travel,Myntra,10369.09,Debit Card,Mobile,0,0,1,0,0,10,8,0
1075,410,35,25000,Conservative,2025-03-20,11,Electronics,Uber,14939.21,UPI,Mobile,0,0,0,0,0,5,10,0
1076,283,32,35000,Conservative,2025-08-17,7,EMI,PhonePe,6132.46,UPI,Mobile,0,0,0,0,0,1,3,0
1077,152,29,35000,Balanced,2025-08-02,22,Food Delivery,Uber,100.0,UPI,Mobile,1,1,0,1,1,3,2,1
1078,418,25,75000,Balanced,2025-08-24,19,Electronics,Zomato,6652.61,Credit Card,Desktop,0,0,1,0,0,1,3,1
1079,179,43,15000,Aggressive,2025-07-12,13,Travel,Groww,9660.32,UPI,Mobile,0,0,0,0,0,5,10,0
1080,178,41,35000,Balanced,2025-09-17,8,Food Delivery,Groww,495.96,UPI,Mobile,0,0,0,0,0,3,0,0
1081,266,23,35000,Conservative,2025-06-06,19,Groceries,Zomato,966.28,Debit Card,Mobile,0,0,0,0,1,8,0,0
1082,280,42,75000,Conservative,2025-01-23,16,Investment,Zomato,3283.04,UPI,Mobile,0,0,1,0,0,9,0,0
1083,300,23,25000,Balanced,2025-05-19,22,Groceries,Zomato,968.39,UPI,Mobile,0,1,0,0,0,2,0,0
1084,96,18,15000,Conservative,2025-04-27,17,Rent,Swiggy,16102.77,UPI,Mobile,0,0,1,0,0,9,10,0
1085,309,18,15000,Aggressive,2025-10-22,7,Fashion,Paytm,2272.53,Debit Card,Desktop,0,0,1,0,0,7,5,1
1086,233,32,35000,Conservative,2025-07-22,11,Food Delivery,PhonePe,504.5,UPI,Mobile,0,0,1,0,0,1,2,1
1087,141,29,25000,Conservative,2025-08-10,5,Health,BigBasket,100.0,Credit Card,Mobile,0,0,0,1,1,6,0,0
1088,22,25,35000,Balanced,2025-06-17,15,Fashion,Myntra,2875.24,UPI,Desktop,0,0,0,0,0,3,1,0
1089,398,43,50000,Conservative,2025-09-28,21,Utilities,BigBasket,1469.57,UPI,Mobile,0,0,0,0,0,9,0,0
1090,78,28,75000,Balanced,2025-01-02,12,Travel,Swiggy,914.1,UPI,Mobile,1,0,1,1,1,8,0,0
1091,134,36,35000,Aggressive,2025-10-15,5,Fashion,Myntra,3210.58,Credit Card,Mobile,0,0,1,0,1,9,3,1
1092,226,20,35000,Aggressive,2025-06-27,7,EMI,Myntra,5354.16,Debit Card,Desktop,0,0,0,0,0,6,3,0
1093,315,37,35000,Aggressive,2025-10-03,14,Education,Flipkart,966.18,UPI,Mobile,1,0,0,0,0,8,0,0
1094,263,23,100000,Balanced,2025-08-28,7,Investment,Myntra,4294.94,Credit Card,Mobile,0,0,0,0,0,9,0,0
1095,91,33,25000,Conservative,2025-07-12,22,Food Delivery,Paytm,389.62,UPI,Desktop,0,1,1,0,0,1,2,1
1096,192,38,50000,Balanced,2025-12-12,1,Education,BigBasket,1797.11,BNPL,Mobile,0,1,1,0,0,3,5,1
1097,65,23,50000,Aggressive,2025-09-09,17,Education,Groww,4282.55,Debit Card,Mobile,0,0,0,0,1,6,1,0
1098,29,20,50000,Conservative,2025-10-19,10,Entertainment,Flipkart,938.77,Cash,Mobile,0,0,0,0,1,2,0,0
1099,114,38,25000,Aggressive,2025-03-09,5,Food Delivery,Myntra,527.13,Cash,Mobile,0,0,0,0,1,7,0,0
1100,293,18,15000,Balanced,2025-06-05,9,Groceries,Uber,1495.95,Debit Card,Mobile,1,0,0,0,0,7,1,0
1101,214,23,35000,Aggressive,2025-06-05,10,Health,Flipkart,1243.97,UPI,Desktop,1,0,0,0,0,3,0,0
1102,239,31,15000,Conservative,2025-02-16,9,Health,Netflix,2089.89,Credit Card,Mobile,0,0,0,1,0,6,2,0
1103,163,43,35000,Aggressive,2025-07-03,10,Fashion,Amazon,1924.6,UPI,Mobile,1,0,0,1,0,10,1,0
1104,411,42,25000,Aggressive,2025-10-28,18,Health,Amazon,2934.84,Debit Card,Mobile,0,0,0,0,1,4,2,0
1105,154,34,35000,Aggressive,2025-12-08,11,EMI,Uber,5455.62,UPI,Mobile,0,0,0,1,0,10,3,0
1106,236,37,25000,Conservative,2025-05-14,3,Electronics,Paytm,7834.8,UPI,Mobile,0,0,0,0,0,9,6,0
1107,233,32,35000,Conservative,2025-08-03,13,Investment,Netflix,5400.19,BNPL,Tablet,1,0,1,1,0,2,8,1
1108,256,41,75000,Conservative,2025-07-20,1,Entertainment,Paytm,1311.24,UPI,Mobile,0,1,0,0,1,7,0,0
1109,47,42,25000,Conservative,2025-04-20,14,Groceries,Groww,161.04,Debit Card,Desktop,0,0,0,1,0,4,0,0
1110,421,34,100000,Aggressive,2025-11-02,17,Utilities,Paytm,100.0,UPI,Mobile,1,0,0,1,0,3,0,0
1111,433,32,15000,Balanced,2025-01-24,17,Entertainment,Croma,831.21,UPI,Mobile,0,0,1,1,1,1,3,1
1112,32,33,25000,Balanced,2025-08-30,17,Rent,Uber,6420.59,Credit Card,Desktop,0,0,0,0,0,4,7,1
1113,110,39,25000,Conservative,2025-07-25,5,Groceries,Netflix,765.8,UPI,Tablet,0,0,1,0,1,1,0,0
1114,66,44,25000,Balanced,2025-01-18,15,Utilities,Amazon,1639.24,UPI,Mobile,0,0,1,0,0,7,1,0
1115,486,31,100000,Balanced,2025-03-30,9,Entertainment,Amazon,1112.58,UPI,Mobile,0,0,1,1,1,9,2,1
1116,262,43,25000,Balanced,2025-02-05,0,EMI,Uber,9371.84,UPI,Mobile,1,1,1,0,0,3,9,1
1117,493,18,35000,Conservative,2025-09-13,15,Electronics,Amazon,15825.11,UPI,Mobile,0,0,0,0,0,1,10,1
1118,194,35,35000,Balanced,2025-01-20,4,Groceries,PhonePe,1859.38,UPI,Tablet,0,0,1,0,0,10,1,0
1119,271,22,15000,Conservative,2025-10-01,20,Travel,Uber,1183.01,UPI,Mobile,1,0,0,0,0,1,1,0
1120,181,28,75000,Conservative,2025-05-21,0,Education,Zomato,5148.65,Debit Card,Mobile,0,1,1,1,1,5,3,1
1121,459,32,100000,Balanced,2025-01-09,5,Electronics,Swiggy,10306.31,BNPL,Mobile,0,0,0,0,0,4,7,1
1122,355,19,35000,Conservative,2025-04-21,21,Entertainment,Myntra,1194.44,UPI,Mobile,0,0,1,0,0,1,2,1
1123,410,35,25000,Conservative,2025-12-01,18,Education,Swiggy,2337.02,Credit Card,Mobile,1,0,0,0,0,7,1,0
1124,38,27,35000,Conservative,2025-06-22,20,Electronics,Swiggy,5671.98,Debit Card,Mobile,0,0,0,0,1,6,3,0
1125,497,32,25000,Conservative,2025-07-10,1,Groceries,Myntra,106.58,BNPL,Mobile,0,1,0,0,0,1,5,1
1126,490,42,35000,Conservative,2025-04-14,3,Health,Uber,473.12,UPI,Mobile,0,0,1,0,0,8,0,0
1127,278,20,25000,Aggressive,2025-11-23,13,Entertainment,PhonePe,874.23,Debit Card,Mobile,0,0,0,0,1,3,0,0
1128,321,28,35000,Conservative,2025-02-15,9,Investment,Uber,6802.46,UPI,Mobile,0,0,0,0,0,7,3,0
1129,338,20,75000,Balanced,2025-11-28,0,Utilities,Groww,936.4,BNPL,Desktop,0,1,0,1,1,9,5,1
1130,109,19,15000,Balanced,2025-10-04,20,Utilities,Groww,2178.23,Credit Card,Mobile,1,0,0,1,0,9,2,0
1131,62,23,25000,Balanced,2025-12-29,19,Investment,Croma,2826.74,UPI,Mobile,0,0,0,0,0,2,2,0
1132,291,40,15000,Conservative,2025-02-21,13,Education,Uber,2597.51,Credit Card,Desktop,0,0,1,0,0,10,5,1
1133,218,40,35000,Balanced,2025-11-21,1,Fashion,Groww,2142.67,Credit Card,Mobile,0,1,0,0,0,10,3,1
1134,103,28,50000,Balanced,2025-03-12,22,Electronics,PhonePe,20155.37,UPI,Mobile,0,1,1,1,0,2,10,1
1135,347,28,25000,Conservative,2025-10-26,14,Education,BigBasket,3998.16,Credit Card,Mobile,0,0,0,0,0,7,3,0
1136,376,43,35000,Conservative,2025-03-19,11,Education,Croma,4785.16,UPI,Mobile,0,0,0,0,1,3,2,0
1137,89,44,50000,Balanced,2025-10-17,1,Groceries,PhonePe,1319.19,UPI,Mobile,0,1,0,1,0,6,0,0
1138,257,36,15000,Balanced,2025-05-17,0,Fashion,Netflix,2863.7,UPI,Mobile,0,1,0,0,1,4,5,1
1139,435,33,50000,Conservative,2025-01-25,8,EMI,BigBasket,6374.3,BNPL,Desktop,0,0,0,0,0,6,5,0
1140,203,20,35000,Balanced,2025-08-06,20,Health,Groww,2518.37,Credit Card,Mobile,0,0,1,0,0,3,3,1
1141,374,20,50000,Aggressive,2025-04-03,16,Entertainment,Myntra,950.25,Credit Card,Mobile,1,0,0,0,0,10,0,0
1142,343,35,15000,Conservative,2025-03-04,5,Entertainment,Groww,390.8,Debit Card,Mobile,1,0,0,0,0,5,0,0
1143,350,19,75000,Conservative,2025-05-10,21,Investment,Paytm,2808.54,UPI,Mobile,0,0,1,1,0,4,0,0
1144,183,26,25000,Conservative,2025-07-11,11,Fashion,Zomato,4342.84,UPI,Mobile,0,0,1,0,1,9,5,1
1145,99,43,75000,Conservative,2025-10-20,16,Fashion,Myntra,3101.29,UPI,Mobile,0,0,0,0,1,2,0,0
1146,356,39,35000,Balanced,2025-01-24,3,Entertainment,Uber,371.42,Credit Card,Mobile,0,0,0,0,0,5,0,0
1147,304,29,15000,Aggressive,2025-12-12,16,Health,Uber,2412.73,UPI,Tablet,0,0,0,1,1,4,5,1
1148,282,36,35000,Balanced,2025-06-05,9,Food Delivery,Groww,520.66,Debit Card,Mobile,1,0,1,0,0,6,0,0
1149,229,38,35000,Balanced,2025-02-20,19,Rent,Flipkart,14999.36,UPI,Desktop,0,0,0,1,1,1,10,1
1150,234,33,15000,Conservative,2025-05-17,3,Investment,Croma,8036.82,Credit Card,Desktop,0,0,0,0,0,3,10,1
1151,405,34,35000,Balanced,2025-04-09,1,Food Delivery,BigBasket,464.75,Credit Card,Desktop,0,1,1,1,0,6,2,1
1152,9,27,15000,Aggressive,2025-01-14,11,EMI,Swiggy,1940.28,BNPL,Mobile,0,0,1,0,0,5,5,0
1153,147,41,50000,Aggressive,2025-05-29,16,Fashion,Netflix,3616.22,UPI,Mobile,0,0,0,1,0,1,1,0
1154,145,36,25000,Conservative,2025-04-22,12,Rent,Swiggy,15420.32,Cash,Mobile,0,0,0,0,0,2,10,0
1155,136,33,35000,Conservative,2025-04-30,23,Travel,PhonePe,11826.18,UPI,Mobile,0,1,1,0,0,1,8,1
1156,326,41,75000,Conservative,2025-02-11,19,Rent,Amazon,8579.42,Credit Card,Mobile,0,0,1,0,0,1,4,1
1157,131,18,35000,Balanced,2025-08-26,6,Food Delivery,Uber,365.66,UPI,Mobile,0,0,0,0,0,5,0,0
1158,123,39,50000,Balanced,2025-08-03,23,Investment,Myntra,2137.95,Debit Card,Mobile,1,1,0,1,0,5,0,0
1159,357,43,35000,Conservative,2025-11-29,11,Education,PhonePe,2762.26,BNPL,Mobile,0,0,0,0,1,6,4,0
1160,263,23,100000,Balanced,2025-04-09,3,Rent,Netflix,15436.9,UPI,Mobile,0,0,1,0,0,3,5,1
1161,305,22,75000,Balanced,2025-07-29,9,Fashion,Uber,1667.83,UPI,Mobile,0,0,0,0,1,2,0,0
1162,57,19,35000,Conservative,2025-09-23,9,Groceries,Uber,1483.54,UPI,Mobile,0,0,0,0,0,10,0,0
1163,183,26,25000,Conservative,2025-11-19,4,Electronics,Myntra,8659.91,Cash,Desktop,0,0,1,1,0,4,8,1
1164,49,30,75000,Conservative,2025-08-14,3,Groceries,BigBasket,100.0,UPI,Mobile,0,0,0,0,0,10,0,0
1165,357,43,35000,Conservative,2025-10-19,17,Health,PhonePe,1272.09,Credit Card,Mobile,0,0,0,0,0,5,0,0
1166,265,32,50000,Balanced,2025-09-08,0,Fashion,Paytm,162.45,Debit Card,Tablet,0,1,0,1,0,1,2,1
1167,101,19,25000,Conservative,2025-01-20,14,EMI,PhonePe,8058.84,BNPL,Mobile,0,0,0,1,1,4,10,1
1168,392,36,75000,Aggressive,2025-06-02,12,Food Delivery,Amazon,182.83,Credit Card,Mobile,1,0,1,1,0,10,2,1
1169,123,39,50000,Balanced,2025-05-01,14,Groceries,Zomato,1553.52,UPI,Mobile,1,0,1,1,0,6,0,0
1170,171,42,35000,Conservative,2025-03-30,13,Investment,PhonePe,7206.44,Debit Card,Mobile,0,0,1,0,0,4,6,1
1171,79,25,35000,Conservative,2025-10-20,6,Electronics,Croma,16161.87,UPI,Mobile,0,0,1,1,0,9,10,1
1172,450,25,25000,Balanced,2025-07-28,20,Fashion,Swiggy,2638.75,UPI,Mobile,0,0,1,0,0,3,4,1
1173,15,26,15000,Conservative,2025-02-24,23,Entertainment,Paytm,761.11,Credit Card,Tablet,0,1,0,0,1,5,3,1
1174,373,43,15000,Conservative,2025-01-21,22,Travel,Netflix,9367.27,Credit Card,Mobile,0,1,0,0,0,4,10,1
1175,451,41,50000,Conservative,2025-11-23,6,EMI,PhonePe,6122.27,Credit Card,Desktop,0,0,0,1,1,4,4,1
1176,197,41,25000,Aggressive,2025-08-03,11,Food Delivery,Flipkart,321.87,UPI,Mobile,1,0,1,0,0,5,0,0
1177,136,33,35000,Conservative,2025-09-27,15,Education,PhonePe,2003.06,Credit Card,Mobile,0,0,0,1,0,7,1,0
1178,103,28,50000,Balanced,2025-05-18,13,Investment,PhonePe,5610.18,Cash,Desktop,0,0,1,0,0,3,2,0
1179,143,20,25000,Balanced,2025-03-03,11,Fashion,BigBasket,3338.71,Credit Card,Desktop,1,0,1,0,0,4,4,1
1180,358,40,50000,Aggressive,2025-10-26,4,EMI,PhonePe,6796.78,UPI,Mobile,0,0,0,1,0,7,2,0
1181,182,36,100000,Balanced,2025-04-14,18,EMI,Flipkart,3376.11,Credit Card,Desktop,0,0,0,0,0,8,0,0
1182,60,23,25000,Balanced,2025-12-29,10,Rent,BigBasket,18082.33,Debit Card,Desktop,0,0,0,0,1,7,10,0
1183,84,37,25000,Balanced,2025-06-22,4,EMI,Flipkart,11585.65,UPI,Mobile,0,0,0,0,1,7,9,0
1184,488,23,75000,Balanced,2025-12-30,6,Health,Swiggy,1690.12,UPI,Mobile,0,0,1,0,1,8,0,0
1185,421,34,100000,Aggressive,2025-01-06,17,Utilities,Croma,2331.9,Debit Card,Desktop,0,0,0,1,0,3,0,0
1186,2,25,35000,Conservative,2025-10-05,2,Entertainment,Paytm,1412.26,Credit Card,Mobile,1,1,0,0,0,7,2,1
1187,328,25,35000,Conservative,2025-08-23,18,Groceries,Zomato,1344.4,UPI,Mobile,0,0,0,1,0,7,0,0
1188,383,42,35000,Conservative,2025-06-13,0,Entertainment,BigBasket,516.93,Credit Card,Mobile,0,1,0,0,0,1,2,1
1189,175,43,50000,Balanced,2025-02-04,2,Groceries,BigBasket,823.88,BNPL,Desktop,1,1,0,0,1,1,5,1
1190,72,43,100000,Balanced,2025-04-14,17,Utilities,Croma,991.34,Credit Card,Desktop,0,0,0,1,0,7,0,0
1191,93,31,75000,Conservative,2025-02-28,23,EMI,Swiggy,3648.04,UPI,Mobile,0,1,0,1,0,8,0,0
1192,336,40,25000,Conservative,2025-04-17,1,Health,Swiggy,498.57,Debit Card,Mobile,0,1,0,1,0,1,0,0
1193,19,23,25000,Balanced,2025-02-06,12,Fashion,Croma,3595.48,UPI,Mobile,0,0,0,0,1,3,2,0
1194,309,18,15000,Aggressive,2025-06-25,10,Electronics,Flipkart,16261.63,Credit Card,Mobile,0,0,1,1,1,10,10,1
1195,170,39,50000,Aggressive,2025-11-21,0,Entertainment,Amazon,730.39,Credit Card,Mobile,0,1,0,0,1,4,2,1
1196,58,22,25000,Balanced,2025-12-23,22,Fashion,Amazon,1966.69,UPI,Mobile,0,1,0,1,0,1,3,1
1197,409,34,15000,Conservative,2025-10-31,14,Entertainment,Zomato,936.37,UPI,Tablet,0,0,0,1,1,3,3,1
1198,428,21,35000,Conservative,2025-05-09,11,Utilities,BigBasket,1077.52,Debit Card,Mobile,0,0,1,1,0,1,0,0
1199,470,37,25000,Conservative,2025-04-08,3,EMI,Croma,4839.65,Debit Card,Mobile,0,0,0,0,0,2,3,0
1200,121,26,50000,Conservative,2025-04-19,2,Health,Groww,2392.6,UPI,Mobile,0,1,0,1,1,1,2,1
1201,116,37,35000,Balanced,2025-03-14,22,Travel,Uber,9627.51,UPI,Mobile,0,1,1,1,1,3,7,1
1202,109,19,15000,Balanced,2025-07-05,22,EMI,BigBasket,7688.64,UPI,Mobile,1,1,0,0,0,6,10,0
1203,407,42,50000,Balanced,2025-11-21,21,Rent,Uber,14498.87,Debit Card,Mobile,0,0,0,0,1,7,5,0
1204,268,23,25000,Conservative,2025-01-13,17,Utilities,Netflix,1583.49,Credit Card,Mobile,0,0,1,0,0,4,3,1
1205,72,43,100000,Balanced,2025-05-10,17,Fashion,Swiggy,2637.99,Debit Card,Mobile,0,0,1,1,0,2,2,1
1206,436,34,15000,Aggressive,2025-03-11,13,Rent,Netflix,8506.17,UPI,Desktop,0,0,1,0,0,10,10,0
1207,341,33,25000,Balanced,2025-10-22,20,Food Delivery,Uber,412.51,UPI,Desktop,0,0,1,0,0,1,2,1
1208,161,40,50000,Conservative,2025-03-25,6,Investment,BigBasket,4049.72,Debit Card,Mobile,0,0,0,1,0,1,1,0
1209,394,37,50000,Conservative,2025-04-20,0,EMI,BigBasket,7179.16,Credit Card,Desktop,0,1,0,0,0,6,2,0
1210,305,22,75000,Balanced,2025-10-10,20,Food Delivery,Paytm,270.16,Cash,Mobile,0,0,0,1,0,5,0,0
1211,276,18,50000,Balanced,2025-03-23,10,Groceries,Netflix,1761.34,UPI,Desktop,0,0,0,1,1,1,0,0
1212,434,33,35000,Conservative,2025-05-31,2,Food Delivery,BigBasket,521.44,Cash,Mobile,0,1,0,1,0,8,0,0
1213,382,44,100000,Balanced,2025-12-25,3,Education,Amazon,3269.77,UPI,Mobile,0,0,1,0,0,3,0,0
1214,210,29,50000,Aggressive,2025-04-03,21,EMI,Uber,11164.44,Debit Card,Mobile,1,0,0,0,0,7,4,0
1215,452,36,50000,Balanced,2025-01-30,15,Fashion,Amazon,4185.57,Cash,Mobile,0,0,0,0,1,3,1,0
1216,349,22,35000,Balanced,2025-12-10,18,Utilities,PhonePe,1692.72,BNPL,Desktop,0,0,1,1,0,3,5,1
1217,295,41,35000,Balanced,2025-06-14,13,EMI,Zomato,7632.71,Credit Card,Desktop,0,0,0,0,1,3,6,1
1218,434,33,35000,Conservative,2025-09-30,6,Health,Netflix,3639.66,UPI,Mobile,0,0,0,0,0,9,2,0
1219,291,40,15000,Conservative,2025-11-18,14,Utilities,PhonePe,1882.62,Credit Card,Mobile,0,0,0,0,0,9,2,0
1220,446,38,50000,Conservative,2025-09-27,11,Health,Groww,2738.81,BNPL,Mobile,0,0,0,1,1,5,4,0
1221,443,44,50000,Conservative,2025-09-18,16,Food Delivery,Myntra,685.12,Debit Card,Mobile,0,0,1,0,0,7,0,0
1222,206,36,25000,Conservative,2025-03-10,11,Health,Uber,2018.86,UPI,Mobile,0,0,0,1,0,5,1,0
1223,363,23,50000,Conservative,2025-08-18,22,Rent,Netflix,13588.5,UPI,Mobile,0,1,1,1,1,6,7,1
1224,111,39,35000,Conservative,2025-08-17,5,Utilities,Myntra,1825.72,UPI,Tablet,0,0,0,1,1,2,1,0
1225,243,42,50000,Conservative,2025-10-29,4,Food Delivery,Swiggy,531.38,UPI,Mobile,0,0,0,0,0,8,0,0
1226,271,22,15000,Conservative,2025-09-18,4,Travel,Uber,6261.83,Debit Card,Desktop,0,0,0,1,1,7,8,0
1227,128,22,15000,Conservative,2025-06-08,9,Education,Swiggy,1726.1,BNPL,Desktop,0,0,1,1,0,10,5,0
1228,312,25,35000,Conservative,2025-11-05,21,Groceries,Groww,1727.11,Credit Card,Desktop,1,0,1,0,0,2,2,1
1229,352,27,35000,Aggressive,2025-11-23,12,Health,PhonePe,2215.03,UPI,Desktop,0,0,0,0,1,1,1,0
1230,296,32,35000,Balanced,2025-12-18,0,Groceries,Amazon,697.52,UPI,Mobile,0,1,0,0,0,1,0,0
1231,22,25,35000,Balanced,2025-10-05,7,Electronics,PhonePe,17002.49,Debit Card,Desktop,1,0,1,0,0,6,10,1
1232,392,36,75000,Aggressive,2025-01-29,19,Groceries,Paytm,1548.24,BNPL,Desktop,0,0,1,0,0,2,5,1
1233,91,33,25000,Conservative,2025-10-28,17,Travel,Flipkart,9107.11,Debit Card,Mobile,0,0,1,0,1,7,7,0
1234,479,20,25000,Balanced,2025-09-23,8,Food Delivery,PhonePe,439.83,BNPL,Mobile,0,0,0,0,0,3,5,1
1235,415,23,100000,Aggressive,2025-01-01,7,Education,Myntra,2910.87,Debit Card,Mobile,1,0,1,1,0,4,0,0
1236,460,20,35000,Conservative,2025-05-14,23,Education,Swiggy,2648.33,Debit Card,Mobile,0,1,0,1,0,6,1,0
1237,143,20,25000,Balanced,2025-01-03,0,Rent,PhonePe,18491.23,Credit Card,Mobile,1,1,0,0,0,8,10,1
1238,119,36,35000,Conservative,2025-01-04,13,Education,Croma,984.97,Credit Card,Mobile,1,0,0,0,0,2,0,0
1239,42,30,15000,Conservative,2025-11-15,7,Travel,Flipkart,9975.61,Credit Card,Mobile,0,0,0,0,0,6,10,0
1240,20,35,50000,Aggressive,2025-03-31,6,Education,PhonePe,6340.85,UPI,Mobile,0,0,0,0,0,10,2,0
1241,66,44,25000,Balanced,2025-03-03,7,Electronics,Croma,15080.67,Credit Card,Mobile,1,0,1,0,0,10,10,1
1242,348,40,15000,Aggressive,2025-06-04,14,Entertainment,Flipkart,1248.98,Credit Card,Desktop,1,0,1,0,0,8,3,1
1243,199,42,100000,Aggressive,2025-03-20,3,Rent,Netflix,11204.79,UPI,Mobile,0,0,0,1,0,6,2,0
1244,8,29,15000,Balanced,2025-03-22,16,Rent,Amazon,3459.77,Credit Card,Mobile,0,0,0,1,0,7,4,0
1245,428,21,35000,Conservative,2025-03-11,21,Health,Amazon,1319.22,UPI,Mobile,0,0,0,0,0,5,0,0
1246,404,20,15000,Conservative,2025-12-04,13,Travel,Uber,5362.4,UPI,Desktop,1,0,0,0,1,3,7,0
1247,185,33,50000,Aggressive,2025-09-08,5,Food Delivery,Croma,438.49,Credit Card,Mobile,0,0,0,1,0,3,2,1
1248,254,23,25000,Conservative,2025-02-27,11,Groceries,Zomato,1181.48,UPI,Mobile,0,0,1,1,0,6,0,0
1249,372,39,15000,Balanced,2025-09-10,18,Health,Amazon,1881.89,BNPL,Desktop,0,0,0,1,1,6,5,0
1250,340,31,35000,Aggressive,2025-05-09,9,EMI,BigBasket,6690.77,BNPL,Mobile,0,0,1,0,0,2,8,1
1251,252,44,100000,Balanced,2025-01-15,23,Health,Myntra,1553.12,UPI,Desktop,0,1,1,1,0,10,0,0
1252,497,32,25000,Conservative,2025-05-23,8,Electronics,Croma,13232.54,UPI,Desktop,0,0,0,0,0,3,10,1
1253,294,32,50000,Conservative,2025-06-20,23,Health,BigBasket,2702.82,UPI,Mobile,0,1,0,0,0,1,1,0
1254,97,40,25000,Balanced,2025-07-31,21,Education,BigBasket,3092.86,Debit Card,Mobile,0,0,1,0,0,6,2,0
1255,441,33,50000,Aggressive,2025-02-20,17,Groceries,Groww,1155.13,Credit Card,Mobile,0,0,1,1,0,4,2,1
1256,111,39,35000,Conservative,2025-03-14,7,Health,Swiggy,1000.41,UPI,Mobile,0,0,0,1,0,5,0,0
1257,496,24,25000,Balanced,2025-03-14,1,Food Delivery,Myntra,100.0,Credit Card,Mobile,0,1,0,0,0,9,2,1
1258,216,44,15000,Balanced,2025-10-05,10,Electronics,Netflix,25730.69,UPI,Tablet,1,0,1,0,1,1,10,1
1259,389,27,35000,Aggressive,2025-06-28,2,Rent,Myntra,11199.25,Credit Card,Mobile,0,1,1,0,0,10,8,1
1260,452,36,50000,Balanced,2025-07-13,11,Rent,Myntra,16502.22,UPI,Mobile,0,0,0,0,1,6,6,0
1261,89,44,50000,Balanced,2025-03-04,23,Utilities,Myntra,1925.57,BNPL,Mobile,1,1,1,1,1,9,5,1
1262,301,43,75000,Conservative,2025-08-02,5,EMI,Swiggy,3731.79,Credit Card,Mobile,1,0,1,1,0,10,0,0
1263,94,26,100000,Conservative,2025-03-02,22,Investment,Flipkart,7967.6,UPI,Mobile,1,1,0,0,1,8,1,0
1264,14,42,100000,Aggressive,2025-02-18,9,Fashion,Paytm,2778.07,Credit Card,Mobile,0,0,0,0,1,9,0,0
1265,306,27,50000,Conservative,2025-11-14,18,Rent,Netflix,13589.72,Credit Card,Mobile,0,0,0,0,0,4,7,1
1266,154,34,35000,Aggressive,2025-05-02,16,Investment,Flipkart,4924.97,UPI,Mobile,1,0,0,1,0,10,2,0
1267,497,32,25000,Conservative,2025-04-10,6,Investment,Netflix,4957.51,Credit Card,Desktop,0,0,1,0,0,10,5,1
1268,250,27,25000,Conservative,2025-04-03,20,Fashion,PhonePe,1901.25,UPI,Desktop,1,0,0,0,1,9,1,0
1269,198,32,25000,Balanced,2025-10-23,3,Health,Netflix,2204.72,Debit Card,Mobile,0,0,1,0,1,9,1,0
1270,388,26,75000,Conservative,2025-09-10,6,Groceries,Amazon,1227.3,Credit Card,Desktop,0,0,0,0,1,4,0,0
1271,447,21,35000,Balanced,2025-03-07,0,Entertainment,Netflix,1583.2,Credit Card,Mobile,0,1,0,0,0,10,2,1
1272,381,29,25000,Conservative,2025-12-20,8,Groceries,Flipkart,1516.63,Cash,Mobile,0,0,0,0,0,1,1,0
1273,289,24,35000,Aggressive,2025-05-29,20,Food Delivery,Amazon,221.28,UPI,Mobile,0,0,0,1,0,5,0,0
1274,201,18,15000,Conservative,2025-04-01,4,Utilities,PhonePe,2419.55,Debit Card,Mobile,1,0,0,1,0,1,3,0
1275,271,22,15000,Conservative,2025-03-23,1,Food Delivery,Paytm,345.08,Debit Card,Mobile,0,1,0,0,0,2,2,1
1276,83,21,25000,Conservative,2025-06-17,12,Groceries,Croma,1027.92,Credit Card,Mobile,0,0,1,0,0,10,0,0
1277,225,25,50000,Balanced,2025-04-21,8,Fashion,Croma,3534.11,UPI,Mobile,0,0,1,0,0,3,3,1
1278,495,43,25000,Conservative,2025-06-01,21,Food Delivery,Croma,498.28,Debit Card,Mobile,1,0,0,0,0,7,0,0
1279,30,24,50000,Aggressive,2025-05-09,1,Investment,Groww,3072.18,Credit Card,Mobile,0,1,0,1,0,2,3,1
1280,416,41,35000,Balanced,2025-08-30,11,Utilities,Amazon,1452.01,UPI,Mobile,0,0,0,0,0,3,0,0
1281,433,32,15000,Balanced,2025-12-21,8,Fashion,Amazon,2866.08,Credit Card,Mobile,0,0,0,0,1,3,5,1
1282,164,28,50000,Aggressive,2025-01-18,8,Food Delivery,Croma,446.66,Cash,Tablet,0,0,0,0,0,7,0,0
1283,33,22,50000,Balanced,2025-06-19,18,Fashion,Zomato,1940.62,Credit Card,Mobile,0,0,0,0,0,8,0,0
1284,205,38,35000,Conservative,2025-05-31,3,Travel,Groww,13125.87,UPI,Mobile,0,0,1,1,0,1,9,1
1285,259,28,75000,Aggressive,2025-09-05,7,Utilities,Swiggy,2519.48,Credit Card,Mobile,1,0,0,0,1,2,0,0
1286,75,40,25000,Conservative,2025-04-02,1,Rent,Groww,12051.05,UPI,Mobile,1,1,0,1,0,9,9,0
1287,499,44,15000,Aggressive,2025-03-04,10,Utilities,Amazon,2624.76,Cash,Mobile,1,0,0,0,0,5,3,0
1288,36,43,25000,Conservative,2025-07-24,3,Rent,Amazon,10101.04,Credit Card,Mobile,0,0,1,0,0,6,10,1
1289,338,20,75000,Balanced,2025-03-18,17,Health,Amazon,1203.19,Debit Card,Mobile,0,0,0,1,0,1,0,0
1290,68,26,50000,Conservative,2025-11-25,18,Travel,Uber,108.39,UPI,Desktop,0,0,1,1,0,8,0,0
1291,159,38,15000,Balanced,2025-09-27,8,Electronics,Amazon,15543.13,UPI,Desktop,0,0,0,0,0,6,10,0
1292,68,26,50000,Conservative,2025-03-01,7,Travel,Netflix,6643.13,UPI,Mobile,1,0,0,1,0,4,2,0
1293,7,18,25000,Balanced,2025-07-06,3,EMI,Swiggy,7074.64,UPI,Desktop,0,0,0,1,0,2,5,0
1294,175,43,50000,Balanced,2025-12-22,10,Utilities,Amazon,2080.03,UPI,Mobile,0,0,1,0,0,4,0,0
1295,193,30,75000,Aggressive,2025-11-18,16,Education,Amazon,3598.01,Credit Card,Desktop,0,0,0,0,1,7,0,0
1296,428,21,35000,Conservative,2025-08-04,6,Investment,Croma,5239.99,BNPL,Desktop,1,0,0,0,0,2,5,0
1297,404,20,15000,Conservative,2025-11-06,19,EMI,Groww,10283.39,Credit Card,Mobile,0,0,0,1,0,2,10,1
1298,486,31,100000,Balanced,2025-10-12,12,Rent,Myntra,16783.48,UPI,Desktop,0,0,1,0,1,7,3,0
1299,86,29,35000,Balanced,2025-08-24,16,Groceries,Paytm,1055.25,UPI,Mobile,0,0,0,1,0,9,0,0
1300,14,42,100000,Aggressive,2025-03-24,16,Groceries,Zomato,1228.96,Credit Card,Mobile,0,0,1,0,0,4,2,1
1301,179,43,15000,Aggressive,2025-04-18,18,Health,Amazon,1392.79,Cash,Mobile,0,0,0,1,1,10,1,0
1302,247,20,35000,Balanced,2025-04-25,19,Utilities,Groww,2328.21,UPI,Mobile,0,0,0,0,1,9,1,0
1303,186,27,100000,Aggressive,2025-02-05,4,Food Delivery,Groww,100.0,Credit Card,Tablet,1,0,1,0,0,2,2,1
1304,248,21,35000,Balanced,2025-08-24,6,Entertainment,Flipkart,1234.37,Cash,Desktop,0,0,0,1,0,5,0,0
1305,91,33,25000,Conservative,2025-02-06,8,Investment,BigBasket,1765.58,UPI,Mobile,0,0,1,0,0,8,1,0
1306,350,19,75000,Conservative,2025-01-22,23,Health,Flipkart,3081.18,Cash,Mobile,0,1,0,1,1,2,2,1
1307,422,22,15000,Aggressive,2025-11-29,0,Electronics,Groww,890.91,Debit Card,Mobile,0,1,0,0,1,2,3,1
1308,279,44,35000,Aggressive,2025-10-26,16,Groceries,Flipkart,1354.55,Debit Card,Mobile,0,0,0,1,0,7,0,0
1309,499,44,15000,Aggressive,2025-04-11,10,Food Delivery,Groww,471.19,BNPL,Tablet,0,0,1,0,0,2,5,1
1310,272,32,35000,Balanced,2025-03-18,16,Fashion,Zomato,3287.9,Credit Card,Mobile,0,0,0,1,0,3,3,1
1311,428,21,35000,Conservative,2025-05-03,4,Health,Flipkart,867.79,UPI,Mobile,1,0,0,0,0,2,0,0
1312,166,23,15000,Balanced,2025-08-24,7,Groceries,Croma,547.56,Credit Card,Mobile,0,0,0,0,0,4,0,0
1313,192,38,50000,Balanced,2025-04-13,22,Education,PhonePe,2249.49,UPI,Mobile,0,1,0,0,1,5,0,0
1314,290,42,25000,Conservative,2025-08-21,20,Investment,Zomato,6566.84,UPI,Desktop,0,0,0,1,1,3,7,1
1315,360,19,35000,Balanced,2025-10-29,12,Travel,Groww,12616.95,UPI,Mobile,0,0,1,1,0,1,9,1
1316,348,40,15000,Aggressive,2025-09-22,4,Rent,Croma,7728.66,UPI,Mobile,0,0,0,1,0,1,10,0
1317,163,43,35000,Aggressive,2025-07-06,9,Entertainment,Swiggy,336.41,UPI,Mobile,0,0,0,0,0,8,0,0
1318,357,43,35000,Conservative,2025-08-23,20,Health,Swiggy,1721.43,BNPL,Desktop,0,0,1,0,0,7,3,0
1319,194,35,35000,Balanced,2025-07-20,15,Travel,Croma,8360.62,UPI,Mobile,0,0,0,1,0,7,4,0
1320,160,37,50000,Balanced,2025-12-21,2,Food Delivery,BigBasket,623.75,Debit Card,Desktop,0,1,0,0,0,2,2,1
1321,485,38,15000,Conservative,2025-01-14,3,EMI,Netflix,8764.9,Credit Card,Mobile,0,0,0,0,0,7,10,0
1322,404,20,15000,Conservative,2025-05-14,0,Rent,Uber,14340.4,Credit Card,Mobile,0,1,0,0,0,7,10,1
1323,275,26,25000,Conservative,2025-07-28,22,Groceries,Groww,1517.01,UPI,Mobile,0,1,0,0,1,3,1,0
1324,5,39,15000,Balanced,2025-04-17,6,Groceries,Myntra,514.58,Credit Card,Mobile,0,0,0,0,0,4,0,0
1325,222,28,35000,Conservative,2025-09-03,17,Food Delivery,Netflix,402.44,Credit Card,Desktop,1,0,0,0,0,10,0,0
1326,347,28,25000,Conservative,2025-10-09,9,Utilities,Flipkart,2041.61,UPI,Tablet,0,0,1,0,0,6,1,0
1327,91,33,25000,Conservative,2025-12-30,13,Electronics,Myntra,16835.09,UPI,Mobile,0,0,0,0,0,4,10,1
1328,170,39,50000,Aggressive,2025-04-16,17,Investment,Swiggy,454.4,UPI,Mobile,0,0,0,1,0,10,0,0
1329,349,22,35000,Balanced,2025-02-17,23,Utilities,Netflix,1179.25,UPI,Mobile,0,1,0,0,0,1,0,0
1330,108,31,75000,Conservative,2025-01-09,16,Travel,Myntra,9470.46,UPI,Mobile,0,0,0,0,0,10,2,0
1331,145,36,25000,Conservative,2025-04-18,10,Education,Myntra,957.44,UPI,Mobile,0,0,1,0,0,1,0,0
1332,140,18,100000,Aggressive,2025-09-10,0,Food Delivery,Amazon,289.53,UPI,Mobile,0,1,1,0,1,10,2,1
1333,198,32,25000,Balanced,2025-06-28,21,Entertainment,Groww,945.29,Cash,Mobile,0,0,1,0,0,7,0,0
1334,103,28,50000,Balanced,2025-04-24,17,Education,PhonePe,4136.75,UPI,Mobile,0,0,0,1,0,7,1,0
1335,423,34,35000,Balanced,2025-01-15,1,Health,PhonePe,1950.54,BNPL,Mobile,0,1,1,0,0,3,6,1
1336,248,21,35000,Balanced,2025-04-01,17,Health,BigBasket,2560.46,UPI,Mobile,1,0,1,0,1,3,1,0
1337,436,34,15000,Aggressive,2025-01-05,23,Rent,Netflix,10386.14,UPI,Mobile,1,1,0,1,1,6,10,1
1338,298,21,50000,Balanced,2025-02-14,8,EMI,Swiggy,3848.36,UPI,Mobile,0,0,0,0,0,5,1,0
1339,45,29,25000,Aggressive,2025-07-17,3,Health,Paytm,1593.35,BNPL,Desktop,0,0,0,1,0,6,4,0
1340,222,28,35000,Conservative,2025-01-31,13,EMI,PhonePe,3203.06,BNPL,Mobile,0,0,1,1,0,8,4,0
1341,212,32,35000,Balanced,2025-04-21,6,Entertainment,Zomato,819.6,Cash,Mobile,0,0,0,1,1,5,0,0
1342,34,44,35000,Conservative,2025-09-21,21,Entertainment,Myntra,100.0,Credit Card,Desktop,0,0,1,0,0,4,2,1
1343,428,21,35000,Conservative,2025-01-13,12,Food Delivery,Myntra,339.24,Credit Card,Mobile,0,0,1,0,0,8,2,1
1344,487,28,50000,Aggressive,2025-10-23,21,Travel,Myntra,6920.8,UPI,Mobile,0,0,0,0,1,1,2,0
1345,318,29,75000,Conservative,2025-11-30,8,Health,Groww,3115.05,Credit Card,Mobile,0,0,0,1,0,7,0,0
1346,247,20,35000,Balanced,2025-02-09,22,Travel,Netflix,6959.72,UPI,Mobile,0,1,0,0,1,8,3,0
1347,189,43,25000,Conservative,2025-09-10,15,Entertainment,Zomato,1181.84,Credit Card,Mobile,0,0,0,0,0,6,0,0
1348,290,42,25000,Conservative,2025-06-20,13,Electronics,Myntra,15293.06,BNPL,Mobile,0,0,0,1,1,3,10,1
1349,320,41,25000,Balanced,2025-06-24,16,Health,Uber,2153.5,Debit Card,Mobile,0,0,1,0,0,6,1,0
1350,446,38,50000,Conservative,2025-11-06,16,Fashion,Zomato,2249.08,BNPL,Desktop,0,0,1,1,0,2,5,1
1351,146,38,25000,Aggressive,2025-09-12,16,Entertainment,Groww,1076.72,UPI,Desktop,0,0,0,0,0,4,0,0
1352,10,32,35000,Balanced,2025-12-16,16,Fashion,Paytm,1674.49,Debit Card,Mobile,0,0,1,1,1,5,2,1
1353,421,34,100000,Aggressive,2025-08-29,11,Health,Flipkart,2589.54,Credit Card,Mobile,0,0,1,0,0,8,0,0
1354,413,41,15000,Aggressive,2025-09-08,13,Utilities,BigBasket,1186.69,UPI,Mobile,0,0,0,0,0,9,1,0
1355,120,22,25000,Conservative,2025-02-17,2,Education,Paytm,5102.55,BNPL,Mobile,0,1,1,0,0,8,9,1
1356,156,21,15000,Aggressive,2025-07-25,19,Travel,Zomato,11049.56,UPI,Mobile,0,0,1,0,1,10,10,0
1357,357,43,35000,Conservative,2025-09-23,19,Entertainment,Swiggy,283.67,Debit Card,Mobile,0,0,1,1,0,5,0,0
1358,282,36,35000,Balanced,2025-10-09,19,Travel,Uber,11445.06,Cash,Mobile,0,0,1,0,1,10,6,0
1359,97,40,25000,Balanced,2025-06-13,7,Rent,Swiggy,13585.09,Credit Card,Mobile,0,0,0,1,1,1,10,1
1360,318,29,75000,Conservative,2025-07-22,13,Entertainment,PhonePe,1096.29,UPI,Desktop,0,0,0,1,0,8,0,0
1361,422,22,15000,Aggressive,2025-07-18,3,Rent,Groww,14202.88,BNPL,Mobile,0,0,0,0,0,7,10,0
1362,293,18,15000,Balanced,2025-03-13,7,Rent,Myntra,21918.95,Debit Card,Mobile,0,0,0,0,0,5,10,0
1363,450,25,25000,Balanced,2025-04-03,1,Rent,Croma,14990.62,Cash,Tablet,1,1,1,0,0,6,10,1
1364,202,34,35000,Balanced,2025-02-17,2,EMI,Croma,4923.22,UPI,Mobile,0,1,0,0,0,6,2,0
1365,418,25,75000,Balanced,2025-12-13,14,Travel,Flipkart,5726.22,Credit Card,Mobile,0,0,1,1,0,6,1,0
1366,236,37,25000,Conservative,2025-01-29,4,Education,Paytm,3225.9,Cash,Mobile,0,0,0,0,1,8,2,0
1367,181,28,75000,Conservative,2025-04-24,3,Investment,Flipkart,8431.94,Cash,Mobile,0,0,1,0,0,5,2,0
1368,329,36,35000,Balanced,2025-05-14,10,EMI,Netflix,4408.66,UPI,Mobile,0,0,0,0,1,3,2,0
1369,127,39,15000,Conservative,2025-07-03,22,Groceries,Amazon,1562.83,Credit Card,Mobile,1,1,0,1,0,5,2,0
1370,499,44,15000,Aggressive,2025-01-23,5,Fashion,Paytm,2314.25,BNPL,Desktop,0,0,0,0,0,10,8,1
1371,176,26,50000,Balanced,2025-02-02,21,Investment,BigBasket,4844.71,BNPL,Mobile,1,0,0,1,0,10,4,0
1372,337,25,15000,Balanced,2025-09-30,9,Entertainment,Paytm,402.59,Debit Card,Desktop,0,0,1,1,0,1,2,1
1373,107,18,15000,Conservative,2025-04-17,22,EMI,Groww,2528.8,UPI,Desktop,0,1,0,0,0,4,5,1
1374,72,43,100000,Balanced,2025-03-03,16,Fashion,BigBasket,2499.75,UPI,Desktop,1,0,1,0,1,5,0,0
1375,139,36,50000,Balanced,2025-08-25,10,Fashion,Flipkart,3278.4,Cash,Mobile,0,0,1,0,0,7,1,0
1376,171,42,35000,Conservative,2025-03-17,15,Travel,Croma,9843.34,Credit Card,Mobile,0,0,0,0,0,4,7,1
1377,218,40,35000,Balanced,2025-06-23,23,Food Delivery,Myntra,675.18,UPI,Mobile,0,1,0,0,0,6,0,0
1378,9,27,15000,Aggressive,2025-08-14,0,Entertainment,Zomato,1309.83,UPI,Mobile,0,1,0,0,0,2,3,1
1379,239,31,15000,Conservative,2025-10-30,16,Food Delivery,Flipkart,460.17,UPI,Mobile,0,0,1,0,0,4,2,1
1380,189,43,25000,Conservative,2025-03-01,7,Rent,Croma,9855.86,UPI,Tablet,1,0,0,0,1,1,7,0
1381,95,31,100000,Aggressive,2025-07-14,19,Investment,Myntra,6171.44,Debit Card,Mobile,0,0,1,0,0,4,1,0
1382,390,43,35000,Aggressive,2025-03-01,20,Electronics,Groww,6392.12,UPI,Tablet,1,0,1,0,0,10,5,1
1383,11,36,25000,Aggressive,2025-04-20,17,Electronics,Groww,9687.79,UPI,Desktop,0,0,0,1,1,1,9,1
1384,376,43,35000,Conservative,2025-04-21,3,Rent,Uber,12063.36,Credit Card,Mobile,0,0,0,1,0,3,8,1
1385,128,22,15000,Conservative,2025-08-20,12,Electronics,Amazon,7446.12,Debit Card,Desktop,0,0,1,1,1,4,10,1
1386,286,23,75000,Balanced,2025-02-14,12,Utilities,PhonePe,632.87,UPI,Mobile,0,0,0,0,0,4,0,0
1387,175,43,50000,Balanced,2025-04-29,4,Utilities,Myntra,1717.08,UPI,Desktop,0,0,0,0,0,10,0,0
1388,480,31,35000,Balanced,2025-02-27,15,Entertainment,Myntra,1069.99,Credit Card,Mobile,0,0,0,0,1,6,0,0
1389,401,33,35000,Aggressive,2025-06-04,18,Investment,Paytm,5152.41,UPI,Mobile,1,0,0,0,0,3,2,0
1390,230,29,25000,Conservative,2025-10-11,19,Rent,BigBasket,10693.22,Credit Card,Mobile,0,0,1,0,0,9,10,1
1391,35,32,50000,Balanced,2025-06-17,5,Education,Amazon,3173.79,BNPL,Desktop,0,0,0,1,1,7,4,0
1392,82,33,100000,Conservative,2025-02-21,9,Entertainment,Netflix,1140.2,Credit Card,Mobile,0,0,0,1,0,3,2,1
1393,322,38,35000,Aggressive,2025-03-29,20,Travel,Myntra,14705.24,Credit Card,Mobile,0,0,1,1,1,3,10,1
1394,449,31,25000,Balanced,2025-01-27,4,Food Delivery,Paytm,530.27,UPI,Mobile,0,0,0,0,0,8,0,0
1395,314,38,35000,Conservative,2025-07-12,3,Education,Amazon,2657.91,UPI,Desktop,0,0,0,0,0,7,1,0
1396,98,35,35000,Aggressive,2025-09-14,19,Travel,Croma,7511.24,Credit Card,Mobile,0,0,0,0,0,5,4,0
1397,409,34,15000,Conservative,2025-09-22,12,Utilities,Paytm,2505.85,UPI,Mobile,0,0,0,1,0,3,3,0
1398,265,32,50000,Balanced,2025-12-15,6,Health,Zomato,711.89,UPI,Mobile,0,0,0,0,1,8,0,0
1399,176,26,50000,Balanced,2025-12-11,17,Electronics,Amazon,12244.37,UPI,Mobile,0,0,0,1,0,7,4,0
1400,425,35,35000,Aggressive,2025-01-26,18,Food Delivery,PhonePe,449.06,Credit Card,Tablet,0,0,0,0,0,3,2,1
1401,303,18,15000,Aggressive,2025-06-27,14,Travel,Zomato,15165.36,UPI,Mobile,0,0,1,0,0,7,10,0
1402,116,37,35000,Balanced,2025-03-11,0,Entertainment,Groww,1088.29,BNPL,Mobile,0,1,0,1,0,2,5,1
1403,87,39,25000,Aggressive,2025-04-15,6,EMI,Myntra,3027.17,UPI,Desktop,0,0,1,0,0,2,2,0
1404,7,18,25000,Balanced,2025-10-03,13,Entertainment,Amazon,635.58,BNPL,Mobile,1,0,0,0,1,10,3,0
1405,232,43,50000,Balanced,2025-09-10,7,Entertainment,Swiggy,1023.75,Credit Card,Mobile,0,0,0,1,0,2,2,1
1406,273,34,75000,Balanced,2025-12-21,16,Education,Flipkart,3454.46,UPI,Mobile,0,0,1,0,0,6,0,0
1407,111,39,35000,Conservative,2025-03-25,0,Rent,Flipkart,10842.54,UPI,Mobile,0,1,0,1,1,10,8,1
1408,97,40,25000,Balanced,2025-10-24,17,Rent,Myntra,13685.77,UPI,Mobile,0,0,0,0,1,6,10,0
1409,357,43,35000,Conservative,2025-09-23,13,Food Delivery,PhonePe,197.44,Debit Card,Desktop,0,0,0,0,0,10,0,0
1410,443,44,50000,Conservative,2025-09-29,3,Entertainment,Flipkart,786.71,Credit Card,Mobile,0,0,1,0,0,2,2,1
1411,379,20,50000,Balanced,2025-09-26,3,Investment,BigBasket,3471.31,UPI,Mobile,0,0,1,0,0,4,1,0
1412,158,37,35000,Balanced,2025-04-25,18,Health,Croma,2177.97,UPI,Mobile,0,0,0,1,0,6,1,0
1413,449,31,25000,Balanced,2025-08-18,17,Electronics,Croma,13817.89,Debit Card,Desktop,0,0,0,1,0,8,10,0
1414,180,32,75000,Balanced,2025-10-28,12,Groceries,Amazon,923.07,UPI,Mobile,0,0,1,1,0,5,0,0
1415,293,18,15000,Balanced,2025-09-06,8,Fashion,Groww,1461.11,UPI,Desktop,0,0,0,1,1,10,1,0
1416,125,22,35000,Balanced,2025-02-08,19,Entertainment,Amazon,580.21,BNPL,Desktop,0,0,0,1,0,9,3,0
1417,51,18,15000,Conservative,2025-08-21,23,Groceries,Myntra,726.84,UPI,Mobile,0,1,0,0,0,3,0,0
1418,160,37,50000,Balanced,2025-06-18,13,Investment,Swiggy,6675.38,Credit Card,Mobile,0,0,1,0,0,7,2,0
1419,270,25,50000,Conservative,2025-04-08,14,Groceries,Groww,564.33,Debit Card,Mobile,0,0,0,0,1,9,0,0
1420,397,19,75000,Balanced,2025-01-31,17,Groceries,Zomato,1414.27,UPI,Mobile,0,0,0,0,1,10,0,0
1421,488,23,75000,Balanced,2025-09-08,23,Utilities,Flipkart,1190.95,UPI,Mobile,0,1,0,0,1,5,0,0
1422,319,42,35000,Balanced,2025-04-04,0,Investment,Zomato,9061.94,UPI,Tablet,1,1,0,0,0,1,7,1
1423,17,25,15000,Aggressive,2025-11-24,3,Groceries,Netflix,1593.76,UPI,Mobile,0,0,1,1,0,7,2,0
1424,174,20,25000,Balanced,2025-03-24,1,Groceries,Myntra,1603.22,UPI,Desktop,0,1,0,0,0,10,1,0
1425,287,25,50000,Conservative,2025-07-11,5,Health,Myntra,2233.78,UPI,Mobile,0,0,1,0,1,6,0,0
1426,156,21,15000,Aggressive,2025-06-17,11,Groceries,BigBasket,1388.74,UPI,Mobile,0,0,1,0,0,8,1,0
1427,135,22,50000,Balanced,2025-01-20,3,Utilities,Amazon,3195.95,Debit Card,Mobile,0,0,0,0,0,8,1,0
1428,10,32,35000,Balanced,2025-12-09,0,Groceries,Zomato,639.62,UPI,Mobile,0,1,0,0,0,5,0,0
1429,214,23,35000,Aggressive,2025-04-10,23,Education,Myntra,1911.31,BNPL,Mobile,0,1,1,1,1,9,6,1
1430,237,39,25000,Balanced,2025-07-16,9,Fashion,Amazon,3514.45,UPI,Mobile,0,0,0,0,0,4,2,0
1431,437,36,50000,Conservative,2025-10-16,14,Health,Zomato,1616.78,BNPL,Mobile,0,0,1,1,1,3,5,1
1432,423,34,35000,Balanced,2025-05-13,0,Investment,Flipkart,3960.28,Debit Card,Desktop,0,1,0,0,1,6,2,0
1433,137,44,50000,Balanced,2025-12-08,1,EMI,Amazon,5928.95,Credit Card,Mobile,0,1,1,1,0,4,4,1
1434,259,28,75000,Aggressive,2025-03-13,3,EMI,Groww,8346.97,BNPL,Mobile,0,0,1,1,0,7,5,0
1435,419,38,50000,Conservative,2025-09-21,16,Entertainment,Amazon,1030.3,Credit Card,Mobile,0,0,0,0,0,3,2,1
1436,110,39,25000,Conservative,2025-05-17,13,Health,Uber,762.76,UPI,Mobile,0,0,0,1,0,6,0,0
1437,135,22,50000,Balanced,2025-11-11,18,Electronics,PhonePe,17297.86,UPI,Desktop,0,0,1,0,0,4,8,1
1438,3,36,15000,Balanced,2025-05-09,21,Groceries,Paytm,1491.13,UPI,Mobile,0,0,0,0,0,8,1,0
1439,55,24,35000,Conservative,2025-07-21,17,Travel,Uber,1380.85,UPI,Mobile,0,0,1,1,0,4,0,0
1440,325,30,25000,Balanced,2025-12-15,17,Groceries,Amazon,1142.62,Credit Card,Mobile,0,0,0,1,0,1,0,0
1441,78,28,75000,Balanced,2025-11-03,5,Utilities,Paytm,1559.12,UPI,Desktop,1,0,0,1,0,2,0,0
1442,303,18,15000,Aggressive,2025-06-22,11,Travel,Zomato,7565.71,UPI,Desktop,0,0,0,0,0,9,10,0
1443,69,35,50000,Balanced,2025-04-08,3,Entertainment,Uber,1061.14,UPI,Mobile,0,0,1,0,1,9,0,0
1444,333,36,35000,Balanced,2025-06-16,15,Health,Uber,2339.32,BNPL,Desktop,0,0,1,1,0,5,4,0
1445,388,26,75000,Conservative,2025-06-10,10,Groceries,Amazon,647.47,BNPL,Mobile,0,0,0,0,1,2,3,0
1446,341,33,25000,Balanced,2025-12-21,15,Health,PhonePe,3555.53,UPI,Mobile,0,0,0,0,0,9,2,0
1447,393,40,50000,Balanced,2025-04-08,20,Rent,Myntra,7574.35,Credit Card,Desktop,0,0,1,1,0,2,5,1
1448,428,21,35000,Conservative,2025-04-01,17,Travel,Groww,8582.08,BNPL,Desktop,1,0,0,0,0,4,9,1
1449,495,43,25000,Conservative,2025-03-06,6,Travel,BigBasket,11362.41,UPI,Mobile,0,0,0,0,0,6,9,0
1450,251,43,35000,Conservative,2025-06-19,13,Rent,Myntra,11960.79,Debit Card,Mobile,0,0,0,0,1,1,6,0
1451,313,38,25000,Aggressive,2025-04-14,20,Health,Uber,1391.13,UPI,Desktop,0,0,0,0,0,3,1,0
1452,306,27,50000,Conservative,2025-02-21,15,Health,Swiggy,1990.02,Credit Card,Desktop,0,0,0,1,1,10,0,0
1453,388,26,75000,Conservative,2025-10-25,18,Fashion,Swiggy,3760.58,BNPL,Mobile,0,0,0,1,0,3,6,1
1454,199,42,100000,Aggressive,2025-12-01,23,Electronics,Netflix,25596.18,Credit Card,Mobile,1,1,0,1,0,7,7,1
1455,44,42,15000,Balanced,2025-02-22,23,Electronics,BigBasket,8045.13,Credit Card,Desktop,0,1,0,0,0,4,10,1
1456,369,28,25000,Conservative,2025-05-16,7,Health,Amazon,1832.53,UPI,Mobile,0,0,0,0,1,10,1,0
1457,468,34,100000,Conservative,2025-05-27,17,Rent,Flipkart,13403.8,Credit Card,Desktop,0,0,1,0,0,1,4,1
1458,318,29,75000,Conservative,2025-09-09,15,EMI,Swiggy,3165.2,UPI,Mobile,0,0,1,0,0,6,0,0
1459,286,23,75000,Balanced,2025-03-19,10,Fashion,Swiggy,2658.29,Credit Card,Mobile,0,0,0,1,0,2,2,1
1460,24,32,50000,Conservative,2025-01-30,16,Education,Amazon,3870.8,Credit Card,Mobile,0,0,0,1,0,4,1,0
1461,205,38,35000,Conservative,2025-08-01,5,Education,Croma,3281.76,Credit Card,Mobile,1,0,0,0,0,9,1,0
1462,374,20,50000,Aggressive,2025-10-03,12,Food Delivery,PhonePe,420.33,UPI,Mobile,1,0,0,0,1,4,0,0
1463,320,41,25000,Balanced,2025-11-03,4,Health,Zomato,2079.99,UPI,Mobile,1,0,0,0,0,5,1,0
1464,403,44,75000,Balanced,2025-03-22,8,Rent,Flipkart,9552.34,Cash,Mobile,0,0,0,1,0,8,2,0
1465,441,33,50000,Aggressive,2025-02-06,12,Health,Groww,1498.51,Debit Card,Mobile,0,0,1,1,1,1,2,1
1466,14,42,100000,Aggressive,2025-11-10,12,Education,Uber,1121.25,Credit Card,Desktop,0,0,0,1,1,10,0,0
1467,429,26,25000,Conservative,2025-06-07,1,Utilities,BigBasket,2685.63,UPI,Mobile,0,1,0,0,1,3,2,0
1468,141,29,25000,Conservative,2025-11-17,21,Electronics,Groww,13434.16,UPI,Mobile,0,0,1,0,0,6,10,1
1469,243,42,50000,Conservative,2025-02-25,20,Food Delivery,PhonePe,481.82,BNPL,Mobile,0,0,1,0,1,7,5,1
1470,196,35,35000,Conservative,2025-04-18,15,EMI,Swiggy,5163.92,Credit Card,Mobile,0,0,0,0,0,10,2,0
1471,65,23,50000,Aggressive,2025-05-10,23,Food Delivery,Flipkart,401.95,Credit Card,Mobile,0,1,0,1,1,1,2,1
1472,32,33,25000,Balanced,2025-09-20,7,Health,PhonePe,1592.69,UPI,Mobile,0,0,0,0,0,2,1,0
1473,246,30,35000,Balanced,2025-01-25,5,EMI,Uber,893.53,UPI,Mobile,0,0,0,0,0,3,0,0
1474,405,34,35000,Balanced,2025-10-02,20,EMI,Flipkart,5936.47,Credit Card,Mobile,1,0,0,0,0,1,5,1
1475,129,37,25000,Conservative,2025-12-17,1,Entertainment,Groww,1187.1,BNPL,Mobile,0,1,0,1,1,3,5,1
1476,400,39,25000,Balanced,2025-11-13,8,EMI,Uber,7381.44,UPI,Mobile,0,0,0,0,1,6,5,0
1477,11,36,25000,Aggressive,2025-08-07,16,Groceries,Paytm,999.91,Credit Card,Mobile,0,0,1,0,0,4,2,1
1478,370,34,50000,Balanced,2025-11-03,16,Groceries,Zomato,1764.98,UPI,Mobile,1,0,0,0,0,1,0,0
1479,382,44,100000,Balanced,2025-01-11,6,Education,Croma,3862.7,UPI,Mobile,0,0,0,0,1,3,0,0
1480,62,23,25000,Balanced,2025-05-05,3,Education,BigBasket,2873.65,UPI,Mobile,1,0,1,1,0,8,2,0
1481,158,37,35000,Balanced,2025-04-08,19,Fashion,Paytm,700.89,Credit Card,Desktop,0,0,0,1,0,3,2,1
1482,84,37,25000,Balanced,2025-08-11,19,Groceries,Zomato,1460.0,UPI,Mobile,0,0,0,0,0,9,1,0
1483,281,25,35000,Balanced,2025-08-17,22,Health,Croma,2605.79,Credit Card,Mobile,0,1,0,0,0,8,1,0
1484,51,18,15000,Conservative,2025-11-05,12,Fashion,Myntra,1318.12,UPI,Mobile,1,0,1,0,0,8,1,0
1485,113,28,15000,Balanced,2025-11-19,14,Health,Netflix,2903.82,BNPL,Mobile,0,0,0,1,0,9,6,0
1486,474,32,35000,Balanced,2025-11-20,13,Fashion,Flipkart,1956.74,UPI,Mobile,0,0,1,0,0,6,1,0
1487,376,43,35000,Conservative,2025-12-09,9,Food Delivery,Zomato,100.0,UPI,Mobile,0,0,0,0,0,1,0,0
1488,117,25,50000,Aggressive,2025-07-13,20,Entertainment,Zomato,1356.58,UPI,Mobile,0,0,0,0,1,7,0,0
1489,334,40,100000,Aggressive,2025-10-12,9,EMI,Amazon,3323.2,UPI,Mobile,0,0,0,1,0,10,0,0
1490,339,25,15000,Conservative,2025-06-22,1,Utilities,Swiggy,227.75,UPI,Mobile,0,1,0,1,1,5,0,0
1491,15,26,15000,Conservative,2025-05-25,13,Entertainment,Flipkart,916.57,Credit Card,Mobile,0,0,1,0,1,10,3,1
1492,199,42,100000,Aggressive,2025-08-13,21,Electronics,BigBasket,19142.72,UPI,Mobile,0,0,0,1,0,6,3,0
1493,436,34,15000,Aggressive,2025-05-20,10,Investment,Netflix,3263.3,Credit Card,Mobile,0,0,1,1,0,2,6,1
1494,202,34,35000,Balanced,2025-02-24,14,Health,Croma,2084.52,UPI,Tablet,0,0,1,0,0,7,1,0
1495,2,25,35000,Conservative,2025-07-26,20,Rent,Paytm,11802.59,UPI,Desktop,0,0,0,0,0,10,6,0
1496,38,27,35000,Conservative,2025-11-09,19,EMI,Flipkart,9594.84,UPI,Desktop,0,0,1,0,0,3,7,1
1497,389,27,35000,Aggressive,2025-08-30,13,Investment,Flipkart,3015.76,UPI,Mobile,0,0,0,1,0,7,1,0
1498,373,43,15000,Conservative,2025-07-15,21,Electronics,Flipkart,12637.43,UPI,Mobile,0,0,0,0,1,10,10,0
1499,369,28,25000,Conservative,2025-10-12,5,Utilities,PhonePe,722.68,Cash,Desktop,0,0,0,1,0,9,0,0
1500,203,20,35000,Balanced,2025-06-13,14,Investment,Croma,4042.54,Debit Card,Mobile,0,0,0,1,0,8,2,0
1501,222,28,35000,Conservative,2025-02-04,12,Health,Amazon,1716.51,Debit Card,Mobile,1,0,0,0,0,10,0,0
1502,273,34,75000,Balanced,2025-06-03,5,Health,Swiggy,2130.58,UPI,Mobile,1,0,1,0,0,3,0,0
1503,460,20,35000,Conservative,2025-07-25,7,Electronics,Zomato,8587.34,UPI,Mobile,0,0,0,0,1,7,4,0
1504,253,18,15000,Conservative,2025-11-27,16,Fashion,Zomato,3518.27,Debit Card,Mobile,0,0,0,0,0,1,6,1
1505,351,43,50000,Conservative,2025-10-14,18,Food Delivery,Paytm,405.44,Credit Card,Mobile,0,0,0,1,0,4,2,1
1506,348,40,15000,Aggressive,2025-06-27,2,Rent,Groww,12922.22,BNPL,Desktop,0,1,0,0,0,3,10,1
1507,221,19,35000,Conservative,2025-10-09,19,Utilities,BigBasket,154.51,UPI,Mobile,0,0,0,0,0,8,0,0
1508,415,23,100000,Aggressive,2025-06-29,20,Education,Uber,3501.39,Cash,Desktop,0,0,0,0,1,4,0,0
1509,500,24,35000,Conservative,2025-08-22,13,Education,Groww,2889.6,BNPL,Mobile,0,0,1,0,0,9,4,0
1510,484,28,100000,Conservative,2025-05-31,10,EMI,Groww,7663.27,BNPL,Mobile,0,0,0,0,0,4,4,0
1511,230,29,25000,Conservative,2025-10-23,0,Travel,Paytm,6079.41,Debit Card,Mobile,0,1,0,0,0,6,4,0
1512,87,39,25000,Aggressive,2025-09-05,1,Education,Myntra,4540.77,Credit Card,Desktop,1,1,1,0,1,3,5,1
1513,52,32,25000,Conservative,2025-07-09,16,Groceries,Croma,1380.53,Debit Card,Mobile,0,0,0,1,0,5,1,0
1514,294,32,50000,Conservative,2025-10-08,6,Utilities,Swiggy,873.9,Credit Card,Desktop,0,0,0,0,0,7,0,0
1515,130,43,35000,Balanced,2025-10-24,19,Electronics,PhonePe,11027.68,Credit Card,Mobile,0,0,1,1,0,5,8,1
1516,378,28,35000,Balanced,2025-03-16,20,EMI,Croma,7744.68,BNPL,Mobile,0,0,0,0,0,2,9,1
1517,13,38,35000,Conservative,2025-09-04,21,Rent,PhonePe,15991.34,Debit Card,Mobile,1,0,0,1,0,6,9,0
1518,282,36,35000,Balanced,2025-05-30,12,Investment,Groww,5780.94,Cash,Mobile,0,0,0,0,0,5,3,0
1519,208,25,15000,Balanced,2025-12-10,20,Food Delivery,Paytm,302.79,UPI,Mobile,0,0,0,0,0,2,0,0
1520,477,37,15000,Balanced,2025-12-31,2,Health,Myntra,3379.81,Credit Card,Mobile,0,1,0,1,0,7,6,1
1521,310,31,25000,Aggressive,2025-03-01,1,Fashion,Flipkart,4113.49,Credit Card,Desktop,1,1,1,0,1,2,5,1
1522,296,32,35000,Balanced,2025-06-17,15,Investment,Croma,2349.1,Credit Card,Mobile,0,0,1,0,0,9,1,0
1523,168,19,15000,Conservative,2025-01-11,8,Utilities,Zomato,2165.51,Debit Card,Mobile,0,0,0,0,0,2,2,0
1524,215,35,35000,Conservative,2025-02-12,7,Health,Uber,1617.24,UPI,Desktop,0,0,0,0,0,1,0,0
1525,334,40,100000,Aggressive,2025-06-26,12,Groceries,Amazon,1652.6,Debit Card,Desktop,0,0,0,0,0,8,0,0
1526,346,19,75000,Balanced,2025-09-08,1,Education,Croma,4046.62,Credit Card,Mobile,0,1,1,0,0,1,3,1
1527,479,20,25000,Balanced,2025-10-30,2,Travel,Myntra,9387.48,UPI,Mobile,0,1,1,0,0,6,9,1
1528,151,41,75000,Balanced,2025-06-11,0,Entertainment,Groww,376.76,Credit Card,Mobile,0,1,1,1,0,9,2,1
1529,110,39,25000,Conservative,2025-08-15,11,Groceries,Groww,1164.31,UPI,Mobile,0,0,0,0,0,7,0,0
1530,392,36,75000,Aggressive,2025-11-04,23,Entertainment,Paytm,294.51,UPI,Mobile,1,1,0,1,1,10,2,1
1531,214,23,35000,Aggressive,2025-05-19,19,Food Delivery,Uber,275.63,Credit Card,Mobile,0,0,0,0,0,10,0,0
1532,141,29,25000,Conservative,2025-01-11,7,Rent,Croma,6552.74,UPI,Desktop,0,0,1,0,0,1,7,1
1533,57,19,35000,Conservative,2025-02-02,9,Fashion,Zomato,100.0,BNPL,Mobile,1,0,0,1,1,9,5,1
1534,65,23,50000,Aggressive,2025-01-26,23,Fashion,BigBasket,948.64,Cash,Mobile,0,1,0,0,0,10,0,0
1535,230,29,25000,Conservative,2025-04-21,15,Fashion,Uber,2456.64,UPI,Mobile,0,0,1,0,0,9,1,0
1536,74,29,35000,Aggressive,2025-04-09,18,Rent,Croma,3822.75,UPI,Mobile,0,0,1,0,0,8,2,0
1537,426,20,50000,Conservative,2025-03-27,11,EMI,Swiggy,2045.34,Credit Card,Desktop,0,0,1,0,0,8,0,0
1538,500,24,35000,Conservative,2025-09-17,7,Education,Zomato,4027.42,Debit Card,Desktop,0,0,0,0,0,4,2,0
1539,295,41,35000,Balanced,2025-04-06,23,Education,Groww,3320.92,UPI,Mobile,0,1,0,0,1,1,1,0
1540,268,23,25000,Conservative,2025-09-11,11,Health,Uber,3629.59,Credit Card,Mobile,0,0,1,0,0,1,4,1
1541,459,32,100000,Balanced,2025-03-04,16,Health,Amazon,2872.78,UPI,Desktop,1,0,0,1,1,4,0,0
1542,2,25,35000,Conservative,2025-08-06,6,Entertainment,Paytm,900.36,UPI,Mobile,0,0,0,1,1,1,2,1
1543,483,38,25000,Balanced,2025-10-14,22,Food Delivery,Myntra,189.7,Cash,Mobile,0,1,0,0,0,5,0,0
1544,428,21,35000,Conservative,2025-05-28,16,Entertainment,Uber,932.14,BNPL,Mobile,0,0,0,0,1,2,5,1
1545,41,30,35000,Conservative,2025-10-08,10,Groceries,Flipkart,1279.3,UPI,Desktop,0,0,1,1,1,6,0,0
1546,304,29,15000,Aggressive,2025-11-02,21,Education,Uber,3667.87,UPI,Mobile,1,0,1,0,0,6,4,0
1547,314,38,35000,Conservative,2025-09-26,22,Investment,Amazon,4272.61,UPI,Mobile,0,1,0,1,0,10,2,0
1548,185,33,50000,Aggressive,2025-04-07,2,Health,Myntra,1779.69,BNPL,Mobile,0,1,0,0,0,9,3,0
1549,5,39,15000,Balanced,2025-02-22,12,Rent,Paytm,6600.11,UPI,Mobile,0,0,0,1,0,3,8,0
1550,432,22,50000,Conservative,2025-05-01,19,Education,Zomato,3645.54,UPI,Mobile,1,0,0,1,0,5,1,0
1551,21,21,35000,Aggressive,2025-08-23,13,Travel,Netflix,10013.09,BNPL,Desktop,0,0,1,0,0,7,10,1
1552,118,27,25000,Balanced,2025-01-27,22,Health,BigBasket,2686.46,Credit Card,Mobile,0,1,1,0,1,6,4,1
1553,264,37,35000,Conservative,2025-11-26,17,Utilities,Myntra,1955.46,Debit Card,Desktop,0,0,0,0,0,7,1,0
1554,127,39,15000,Conservative,2025-08-29,4,Investment,BigBasket,3931.14,UPI,Mobile,0,0,0,1,0,8,5,0
1555,235,18,15000,Balanced,2025-03-03,20,Groceries,Netflix,1231.31,UPI,Mobile,1,0,0,1,1,2,1,0
1556,111,39,35000,Conservative,2025-01-21,7,Utilities,PhonePe,2174.41,UPI,Mobile,0,0,1,0,0,7,1,0
1557,357,43,35000,Conservative,2025-07-21,20,Travel,Groww,13723.81,Credit Card,Mobile,0,0,1,1,0,8,9,1
1558,222,28,35000,Conservative,2025-04-16,12,Utilities,BigBasket,967.21,Credit Card,Mobile,0,0,1,0,1,10,0,0
1559,200,30,15000,Conservative,2025-01-19,21,Health,Amazon,1004.78,BNPL,Mobile,0,0,0,1,1,8,4,0
1560,455,21,15000,Conservative,2025-05-22,19,Rent,PhonePe,9245.27,Debit Card,Desktop,0,0,0,0,0,6,10,0
1561,402,19,15000,Aggressive,2025-05-31,21,Groceries,Paytm,1361.4,Credit Card,Mobile,0,0,0,0,0,8,1,0
1562,108,31,75000,Conservative,2025-11-05,22,Electronics,Paytm,19219.31,UPI,Mobile,1,1,0,0,0,10,7,1
1563,23,25,50000,Balanced,2025-05-25,18,Education,Amazon,2505.87,UPI,Mobile,0,0,1,1,0,7,1,0
1564,214,23,35000,Aggressive,2025-09-20,21,EMI,Groww,6934.28,Debit Card,Desktop,0,0,0,1,0,9,3,0
1565,495,43,25000,Conservative,2025-04-28,3,Travel,PhonePe,10259.58,BNPL,Mobile,0,0,0,0,0,8,10,0
1566,77,39,50000,Balanced,2025-10-18,21,EMI,Myntra,6261.03,BNPL,Desktop,0,0,0,0,0,6,5,0
1567,329,36,35000,Balanced,2025-07-30,5,Groceries,BigBasket,467.82,UPI,Mobile,0,0,0,0,0,10,0,0
1568,286,23,75000,Balanced,2025-06-24,13,Investment,Uber,3575.58,UPI,Mobile,0,0,0,0,1,1,0,0
1569,222,28,35000,Conservative,2025-04-11,20,EMI,Uber,8102.31,Debit Card,Mobile,0,0,1,1,0,8,4,0
1570,212,32,35000,Balanced,2025-12-28,11,Rent,Croma,17059.95,Credit Card,Desktop,0,0,0,1,0,4,10,1
1571,164,28,50000,Aggressive,2025-03-08,18,Health,Croma,2157.81,UPI,Mobile,0,0,1,1,0,9,0,0
1572,356,39,35000,Balanced,2025-12-23,3,Entertainment,Netflix,773.8,UPI,Tablet,0,0,1,0,0,6,0,0
1573,47,42,25000,Conservative,2025-10-06,19,Entertainment,Zomato,776.29,Debit Card,Desktop,0,0,1,1,0,5,0,0
1574,129,37,25000,Conservative,2025-03-21,17,Fashion,Groww,3315.25,Cash,Mobile,0,0,0,1,0,2,2,0
1575,340,31,35000,Aggressive,2025-10-28,17,Groceries,Netflix,1359.23,UPI,Mobile,0,0,0,0,1,2,0,0
1576,346,19,75000,Balanced,2025-04-23,0,Travel,Myntra,7398.87,Debit Card,Desktop,0,1,0,0,1,7,1,0
1577,448,29,15000,Conservative,2025-03-26,8,EMI,Myntra,6995.39,UPI,Desktop,0,0,0,0,0,6,9,0
1578,140,18,100000,Aggressive,2025-12-30,4,Rent,Uber,14157.64,Credit Card,Mobile,0,0,0,0,0,3,2,0
1579,19,23,25000,Balanced,2025-08-01,3,Investment,Groww,6720.59,UPI,Mobile,1,0,1,0,1,6,5,0
1580,240,20,75000,Balanced,2025-12-28,7,EMI,Zomato,7396.11,Credit Card,Mobile,0,0,0,0,0,9,1,0
1581,322,38,35000,Aggressive,2025-02-17,16,EMI,Flipkart,100.0,Credit Card,Mobile,0,0,1,0,0,10,0,0
1582,294,32,50000,Conservative,2025-01-25,2,Fashion,Swiggy,2052.92,UPI,Mobile,0,1,1,1,0,2,2,1
1583,3,36,15000,Balanced,2025-11-15,12,Travel,PhonePe,7755.56,UPI,Mobile,0,0,0,0,0,2,10,0
1584,71,27,25000,Balanced,2025-06-14,16,Utilities,Uber,1173.56,Credit Card,Mobile,0,0,0,0,1,6,0,0
1585,267,21,25000,Balanced,2025-02-10,23,Rent,Paytm,15180.17,UPI,Mobile,0,1,0,1,0,7,10,0
1586,427,41,50000,Conservative,2025-05-05,13,Food Delivery,Netflix,656.83,BNPL,Desktop,1,0,0,0,0,9,3,0
1587,79,25,35000,Conservative,2025-03-31,18,EMI,Myntra,6166.37,UPI,Mobile,0,0,1,0,0,1,5,1
1588,13,38,35000,Conservative,2025-01-10,11,Electronics,BigBasket,20024.89,UPI,Mobile,0,0,0,0,0,2,10,1
1589,84,37,25000,Balanced,2025-04-19,22,Food Delivery,Paytm,337.73,Credit Card,Mobile,0,1,0,0,0,1,2,1
1590,416,41,35000,Balanced,2025-03-13,18,Utilities,Swiggy,2513.07,UPI,Desktop,0,0,0,0,1,4,1,0
1591,314,38,35000,Conservative,2025-01-25,7,Groceries,Amazon,990.58,Debit Card,Mobile,0,0,0,1,1,8,0,0
1592,181,28,75000,Conservative,2025-12-26,12,Electronics,Uber,21958.13,Debit Card,Mobile,0,0,0,0,0,8,5,0
1593,20,35,50000,Aggressive,2025-11-16,6,Fashion,PhonePe,1614.95,Credit Card,Mobile,0,0,0,0,1,2,2,1
1594,453,19,25000,Balanced,2025-12-18,15,Food Delivery,Uber,355.66,Credit Card,Mobile,0,0,0,0,0,2,2,1
1595,28,28,25000,Balanced,2025-11-18,11,Entertainment,Swiggy,1064.49,Credit Card,Mobile,0,0,0,0,0,9,0,0
1596,232,43,50000,Balanced,2025-01-26,9,Groceries,Myntra,384.54,UPI,Mobile,0,0,0,0,0,8,0,0
1597,119,36,35000,Conservative,2025-11-03,23,Fashion,Zomato,2468.71,UPI,Mobile,1,1,0,0,0,1,3,1
1598,455,21,15000,Conservative,2025-02-17,9,Travel,Netflix,8034.14,UPI,Mobile,0,0,0,1,0,3,10,0
1599,76,33,50000,Aggressive,2025-03-01,20,Food Delivery,Croma,319.37,BNPL,Mobile,1,0,0,0,0,1,5,1
1600,71,27,25000,Balanced,2025-10-18,15,Education,Amazon,234.66,Credit Card,Mobile,0,0,0,1,1,8,0,0
1601,442,42,75000,Conservative,2025-04-11,2,Health,Croma,1475.09,Credit Card,Tablet,0,1,0,0,0,3,2,1
1602,400,39,25000,Balanced,2025-11-30,3,Fashion,Groww,4465.38,Credit Card,Mobile,0,0,0,0,0,4,5,1
1603,60,23,25000,Balanced,2025-10-06,20,Investment,Myntra,5401.67,UPI,Mobile,0,0,0,1,1,5,4,0
1604,462,36,25000,Conservative,2025-10-22,5,Utilities,Netflix,2457.84,Credit Card,Mobile,0,0,0,1,0,7,1,0
1605,398,43,50000,Conservative,2025-03-11,22,Travel,Groww,10559.85,Cash,Desktop,0,1,1,0,1,8,6,1
1606,90,32,35000,Conservative,2025-08-27,22,Groceries,Netflix,2237.83,Debit Card,Mobile,0,1,0,0,1,4,1,0
1607,336,40,25000,Conservative,2025-06-12,10,Travel,BigBasket,12452.38,UPI,Mobile,0,0,0,1,0,9,9,0
1608,493,18,35000,Conservative,2025-01-27,23,Electronics,PhonePe,17620.98,Debit Card,Mobile,0,1,0,0,0,8,10,1
1609,194,35,35000,Balanced,2025-02-27,13,EMI,Groww,3107.5,Credit Card,Mobile,0,0,0,0,0,10,1,0
1610,327,34,15000,Balanced,2025-11-08,6,Groceries,Uber,803.58,UPI,Mobile,0,0,1,1,0,8,1,0
1611,252,44,100000,Balanced,2025-05-26,3,Electronics,Zomato,5913.85,BNPL,Mobile,0,0,1,1,0,2,6,1
1612,224,28,15000,Balanced,2025-09-16,5,Health,Swiggy,1656.24,Credit Card,Desktop,0,0,0,0,0,5,2,0
1613,83,21,25000,Conservative,2025-11-29,3,Travel,PhonePe,9806.56,UPI,Desktop,0,0,1,1,1,1,9,1
1614,26,18,15000,Balanced,2025-05-30,20,Travel,BigBasket,8818.31,Credit Card,Mobile,0,0,0,0,0,9,10,0
1615,286,23,75000,Balanced,2025-04-09,1,Utilities,Flipkart,2215.0,Debit Card,Desktop,0,1,1,0,0,1,2,1
1616,276,18,50000,Balanced,2025-05-19,18,Investment,Amazon,4529.0,BNPL,Mobile,0,0,0,0,1,9,4,0
1617,273,34,75000,Balanced,2025-02-14,3,Utilities,Myntra,1406.52,UPI,Desktop,0,0,0,0,1,5,0,0
1618,221,19,35000,Conservative,2025-03-19,20,Rent,Netflix,15134.14,Credit Card,Mobile,0,0,0,1,0,4,10,1
1619,152,29,35000,Balanced,2025-06-15,11,Rent,Swiggy,15832.18,UPI,Mobile,0,0,0,0,0,9,9,0
1620,474,32,35000,Balanced,2025-12-17,11,Rent,Amazon,15402.98,UPI,Mobile,0,0,1,0,0,2,10,1
1621,237,39,25000,Balanced,2025-11-24,21,Health,BigBasket,2936.84,UPI,Desktop,0,0,0,0,0,4,2,0
1622,158,37,35000,Balanced,2025-11-21,20,Electronics,Netflix,4768.31,UPI,Tablet,0,0,1,0,0,5,2,0
1623,205,38,35000,Conservative,2025-11-10,7,Rent,Croma,2475.15,UPI,Mobile,0,0,0,0,0,1,1,0
1624,499,44,15000,Aggressive,2025-08-17,16,Investment,Zomato,4565.05,Credit Card,Desktop,0,0,0,0,0,4,8,1
1625,126,29,35000,Conservative,2025-05-04,16,Travel,Zomato,2898.0,UPI,Mobile,1,0,1,0,0,4,1,0
1626,354,36,35000,Balanced,2025-03-19,18,Travel,PhonePe,4412.83,UPI,Desktop,0,0,0,0,1,1,2,0
1627,426,20,50000,Conservative,2025-02-19,1,Investment,Swiggy,7978.95,Credit Card,Mobile,0,1,1,0,0,9,5,1
1628,469,38,75000,Aggressive,2025-06-24,10,Investment,Uber,4121.92,Credit Card,Mobile,0,0,0,1,1,6,1,0
1629,243,42,50000,Conservative,2025-09-03,19,Fashion,BigBasket,2551.88,UPI,Mobile,1,0,1,0,0,3,3,1
1630,127,39,15000,Conservative,2025-12-28,2,Investment,Zomato,2622.64,Credit Card,Mobile,0,1,1,0,1,7,5,1
1631,136,33,35000,Conservative,2025-02-19,17,Rent,Flipkart,8374.24,Debit Card,Mobile,0,0,0,0,0,9,4,0
1632,127,39,15000,Conservative,2025-06-09,5,Utilities,Netflix,1268.77,UPI,Mobile,0,0,0,1,0,9,1,0
1633,451,41,50000,Conservative,2025-07-29,6,Investment,BigBasket,8696.82,UPI,Mobile,0,0,0,0,0,6,3,0
1634,406,42,35000,Conservative,2025-12-07,20,Travel,Uber,7644.33,UPI,Desktop,0,0,0,1,0,3,4,0
1635,54,34,25000,Conservative,2025-07-12,14,Rent,Netflix,8883.99,UPI,Mobile,0,0,0,1,0,6,7,0
1636,86,29,35000,Balanced,2025-12-08,8,Utilities,Flipkart,835.43,UPI,Desktop,0,0,0,0,1,1,0,0
1637,301,43,75000,Conservative,2025-02-20,18,EMI,Netflix,6392.86,Credit Card,Desktop,0,0,0,1,1,9,1,0
1638,32,33,25000,Balanced,2025-09-09,11,Groceries,BigBasket,214.06,UPI,Desktop,0,0,0,0,0,10,0,0
1639,254,23,25000,Conservative,2025-09-24,16,Investment,Croma,7084.01,UPI,Desktop,0,0,0,0,0,9,5,0
1640,416,41,35000,Balanced,2025-10-02,22,EMI,Croma,9739.35,BNPL,Mobile,1,1,0,0,0,5,10,1
1641,176,26,50000,Balanced,2025-10-26,23,Travel,Zomato,1105.07,UPI,Mobile,0,1,0,0,0,4,0,0
1642,259,28,75000,Aggressive,2025-03-15,17,Investment,Amazon,2868.9,UPI,Mobile,0,0,1,1,0,9,0,0
1643,393,40,50000,Balanced,2025-09-07,22,Education,Paytm,2683.55,Credit Card,Mobile,0,1,0,1,1,4,3,1
1644,497,32,25000,Conservative,2025-08-04,11,Investment,Flipkart,7763.73,Debit Card,Tablet,1,0,0,0,1,7,6,0
1645,202,34,35000,Balanced,2025-04-26,18,Food Delivery,Amazon,334.18,UPI,Mobile,0,0,0,0,0,9,0,0
1646,499,44,15000,Aggressive,2025-07-31,22,Groceries,Amazon,801.85,BNPL,Mobile,0,1,0,1,0,4,6,1
1647,2,25,35000,Conservative,2025-09-04,23,Education,BigBasket,3894.46,BNPL,Mobile,1,1,0,0,0,1,7,1
1648,279,44,35000,Aggressive,2025-01-28,13,Food Delivery,Zomato,140.06,Credit Card,Mobile,0,0,1,1,0,8,2,1
1649,431,27,50000,Balanced,2025-03-28,21,Utilities,Groww,2108.02,Credit Card,Mobile,0,0,0,1,1,6,0,0
1650,456,34,50000,Balanced,2025-03-13,3,Entertainment,Groww,100.0,UPI,Desktop,0,0,1,1,0,8,0,0
1651,28,28,25000,Balanced,2025-10-17,2,Food Delivery,Uber,427.51,Credit Card,Mobile,0,1,0,0,0,8,2,1
1652,188,43,25000,Balanced,2025-04-14,3,Rent,Netflix,12099.87,Debit Card,Tablet,0,0,1,0,0,10,9,0
1653,353,40,50000,Balanced,2025-10-18,11,Utilities,Myntra,2092.01,Credit Card,Mobile,0,0,0,0,0,8,0,0
1654,198,32,25000,Balanced,2025-10-26,7,Health,Groww,2080.63,Debit Card,Mobile,0,0,0,0,0,7,1,0
1655,206,36,25000,Conservative,2025-05-16,22,Entertainment,Croma,998.53,UPI,Desktop,0,1,0,0,1,2,2,1
1656,38,27,35000,Conservative,2025-03-21,10,Travel,Swiggy,9196.49,Credit Card,Desktop,0,0,1,0,0,10,7,1
1657,368,21,50000,Conservative,2025-06-01,15,Investment,Netflix,6466.9,Debit Card,Mobile,1,0,1,1,0,6,2,0
1658,340,31,35000,Aggressive,2025-07-29,4,Health,Flipkart,1710.42,Credit Card,Desktop,0,0,1,0,0,4,2,1
1659,323,26,15000,Balanced,2025-01-04,10,Investment,PhonePe,6508.24,UPI,Mobile,1,0,0,0,1,7,8,0
1660,3,36,15000,Balanced,2025-05-05,8,Entertainment,PhonePe,1176.93,UPI,Mobile,1,0,0,0,1,6,1,0
1661,307,26,35000,Balanced,2025-11-10,20,EMI,Uber,3904.51,Credit Card,Mobile,0,0,1,0,1,2,4,1
1662,377,25,50000,Balanced,2025-06-04,8,Rent,Uber,8603.16,Credit Card,Mobile,1,0,0,0,0,3,5,1
1663,117,25,50000,Aggressive,2025-08-18,3,Fashion,Croma,3784.13,Credit Card,Desktop,0,0,0,0,0,8,1,0
1664,259,28,75000,Aggressive,2025-06-19,1,Food Delivery,Myntra,372.73,UPI,Mobile,0,1,0,1,0,7,0,0
1665,452,36,50000,Balanced,2025-07-27,20,EMI,Groww,4188.28,UPI,Mobile,0,0,0,0,0,1,1,0
1666,103,28,50000,Balanced,2025-10-31,4,Rent,Netflix,12873.17,Debit Card,Mobile,0,0,0,0,0,6,5,0
1667,150,33,15000,Conservative,2025-09-03,16,EMI,BigBasket,9357.11,UPI,Mobile,1,0,0,0,0,3,10,0
1668,141,29,25000,Conservative,2025-11-18,19,Fashion,Myntra,2599.44,Credit Card,Mobile,0,0,0,0,1,8,2,0
1669,172,36,50000,Balanced,2025-08-04,18,Electronics,Paytm,6848.93,Cash,Mobile,1,0,0,0,0,4,2,0
1670,255,28,15000,Aggressive,2025-11-19,8,Utilities,Swiggy,1828.77,Credit Card,Mobile,0,0,0,1,0,6,2,0
1671,128,22,15000,Conservative,2025-07-23,15,Entertainment,PhonePe,425.27,UPI,Mobile,0,0,1,1,1,4,2,1
1672,422,22,15000,Aggressive,2025-03-07,10,EMI,Uber,5235.71,Debit Card,Mobile,0,0,0,1,1,3,8,1
1673,245,43,35000,Conservative,2025-04-03,18,Health,Uber,2178.32,Debit Card,Mobile,1,0,0,1,0,10,1,0
1674,189,43,25000,Conservative,2025-08-05,21,EMI,Zomato,6122.47,BNPL,Desktop,1,0,0,0,0,8,7,0
1675,149,41,50000,Aggressive,2025-01-01,18,Food Delivery,PhonePe,741.28,UPI,Mobile,1,0,0,0,1,3,0,0
1676,93,31,75000,Conservative,2025-04-29,19,Education,BigBasket,2531.89,UPI,Mobile,0,0,0,1,1,4,0,0
1677,42,30,15000,Conservative,2025-05-27,20,Entertainment,Amazon,832.42,UPI,Mobile,0,0,1,0,0,6,1,0
1678,353,40,50000,Balanced,2025-09-22,9,Rent,Uber,11995.16,UPI,Mobile,0,0,0,0,1,5,4,0
1679,4,38,35000,Balanced,2025-12-20,3,Education,Groww,2872.36,Credit Card,Mobile,0,0,0,0,0,10,1,0
1680,297,44,35000,Balanced,2025-03-19,16,Investment,Flipkart,266.99,UPI,Mobile,0,0,0,0,1,8,0,0
1681,485,38,15000,Conservative,2025-03-18,11,Food Delivery,Myntra,304.03,BNPL,Mobile,0,0,0,1,1,6,5,1
1682,76,33,50000,Aggressive,2025-11-30,12,Groceries,Zomato,1491.91,Credit Card,Desktop,0,0,0,0,0,3,0,0
1683,21,21,35000,Aggressive,2025-06-24,10,Food Delivery,Myntra,191.25,Credit Card,Mobile,0,0,0,0,0,2,2,1
1684,170,39,50000,Aggressive,2025-04-22,1,Health,Groww,1763.08,Credit Card,Mobile,0,1,1,0,1,6,2,1
1685,451,41,50000,Conservative,2025-02-26,5,Utilities,BigBasket,3830.21,Debit Card,Mobile,0,0,1,0,0,3,1,0
1686,69,35,50000,Balanced,2025-10-27,3,Groceries,Zomato,1018.23,Debit Card,Mobile,0,0,0,0,1,9,0,0
1687,178,41,35000,Balanced,2025-12-13,6,Rent,Zomato,16287.34,UPI,Desktop,0,0,0,0,0,1,9,0
1688,373,43,15000,Conservative,2025-02-11,5,Health,Amazon,2463.04,UPI,Mobile,0,0,0,0,0,1,3,0
1689,464,34,15000,Aggressive,2025-03-23,14,Investment,Paytm,3382.68,UPI,Mobile,0,0,0,1,0,9,4,0
1690,205,38,35000,Conservative,2025-03-24,20,Entertainment,Swiggy,1127.5,Debit Card,Mobile,0,0,1,0,0,9,0,0
1691,236,37,25000,Conservative,2025-03-08,1,Education,Amazon,1582.81,UPI,Mobile,0,1,1,0,1,8,1,0
1692,426,20,50000,Conservative,2025-01-25,21,Food Delivery,Groww,100.0,Credit Card,Mobile,0,0,0,0,0,3,2,1
1693,44,42,15000,Balanced,2025-02-13,0,Fashion,Groww,2240.72,Cash,Mobile,0,1,0,1,0,9,2,0
1694,236,37,25000,Conservative,2025-04-23,1,Travel,Croma,5785.35,Debit Card,Mobile,0,1,0,1,0,5,4,0
1695,8,29,15000,Balanced,2025-04-10,3,Rent,Uber,7886.6,UPI,Mobile,0,0,0,0,0,10,10,0
1696,363,23,50000,Conservative,2025-03-06,17,Travel,Paytm,10174.99,Debit Card,Mobile,0,0,0,1,0,6,4,0
1697,46,28,25000,Conservative,2025-05-16,1,Entertainment,Amazon,613.9,BNPL,Mobile,0,1,0,1,0,9,5,1
1698,308,25,50000,Aggressive,2025-12-17,1,Investment,PhonePe,4873.81,UPI,Mobile,0,1,0,0,0,5,1,0
1699,73,34,25000,Conservative,2025-03-03,12,Health,Paytm,2050.78,Credit Card,Tablet,1,0,0,0,0,10,1,0
1700,320,41,25000,Balanced,2025-09-01,0,Entertainment,Amazon,211.89,UPI,Mobile,1,1,0,0,0,9,0,0
1701,189,43,25000,Conservative,2025-11-09,23,Groceries,Paytm,823.37,Debit Card,Mobile,0,1,1,1,0,7,0,0
1702,354,36,35000,Balanced,2025-08-11,7,Education,PhonePe,2151.74,UPI,Tablet,0,0,1,0,1,3,1,0
1703,203,20,35000,Balanced,2025-10-03,6,Education,Zomato,2978.07,Credit Card,Mobile,1,0,0,0,0,8,1,0
1704,334,40,100000,Aggressive,2025-12-26,15,Food Delivery,Paytm,499.62,UPI,Desktop,0,0,1,0,1,5,0,0
1705,90,32,35000,Conservative,2025-08-04,0,Fashion,Croma,2296.98,UPI,Mobile,1,1,0,1,0,6,1,0
1706,458,44,75000,Aggressive,2025-08-27,1,Groceries,Paytm,925.35,Debit Card,Mobile,0,1,0,0,0,7,0,0
1707,493,18,35000,Conservative,2025-12-27,21,Electronics,Myntra,15480.14,UPI,Mobile,0,0,0,0,0,2,10,1
1708,33,22,50000,Balanced,2025-01-17,17,Food Delivery,Groww,319.1,UPI,Tablet,0,0,0,0,1,2,0,0
1709,234,33,15000,Conservative,2025-09-30,13,Fashion,Paytm,1824.03,UPI,Mobile,0,0,0,0,0,2,2,0
1710,447,21,35000,Balanced,2025-07-23,7,Fashion,Myntra,3038.97,UPI,Mobile,0,0,0,1,0,1,1,0
1711,463,19,25000,Aggressive,2025-05-08,19,Rent,Paytm,12359.34,UPI,Desktop,0,0,1,0,0,8,9,0
1712,350,19,75000,Conservative,2025-07-28,10,Entertainment,Uber,394.1,Debit Card,Mobile,0,0,1,0,0,7,0,0
1713,44,42,15000,Balanced,2025-05-30,19,Groceries,Groww,1478.31,Credit Card,Mobile,0,0,1,0,1,7,1,0
1714,367,39,50000,Conservative,2025-03-26,16,Groceries,Swiggy,2035.96,Credit Card,Desktop,0,0,1,1,1,4,2,1
1715,12,42,15000,Balanced,2025-10-15,10,Entertainment,Netflix,791.06,UPI,Mobile,0,0,0,0,0,7,1,0
1716,432,22,50000,Conservative,2025-09-24,16,Health,Netflix,2080.02,UPI,Mobile,0,0,0,0,0,10,0,0
1717,10,32,35000,Balanced,2025-12-25,19,Groceries,Amazon,235.9,UPI,Mobile,0,0,0,0,0,7,0,0
1718,428,21,35000,Conservative,2025-08-08,2,Groceries,Uber,829.16,Debit Card,Mobile,0,1,0,1,0,5,0,0
1719,426,20,50000,Conservative,2025-07-18,23,Education,Zomato,1883.46,Credit Card,Desktop,0,1,0,0,1,6,0,0
1720,49,30,75000,Conservative,2025-09-02,20,Rent,Croma,10918.1,Credit Card,Mobile,1,0,0,0,1,4,2,0
1721,207,18,50000,Balanced,2025-09-24,22,Education,Myntra,2568.98,Debit Card,Mobile,0,1,0,0,0,8,1,0
1722,434,33,35000,Conservative,2025-08-29,7,EMI,Uber,10973.97,Credit Card,Mobile,0,0,0,1,0,1,8,1
1723,160,37,50000,Balanced,2025-05-11,12,Investment,Myntra,6274.83,Credit Card,Mobile,0,0,1,0,1,8,2,0
1724,16,32,50000,Balanced,2025-10-07,19,EMI,Uber,1626.52,Debit Card,Mobile,0,0,0,0,0,1,0,0
1725,489,36,15000,Conservative,2025-01-03,16,Electronics,BigBasket,11504.14,UPI,Mobile,1,0,0,0,0,1,10,1
1726,33,22,50000,Balanced,2025-03-29,7,Health,Croma,802.86,Credit Card,Tablet,0,0,1,1,0,5,0,0
1727,53,41,50000,Conservative,2025-02-24,1,Utilities,Amazon,2720.28,Credit Card,Mobile,0,1,0,0,0,10,1,0
1728,123,39,50000,Balanced,2025-05-29,15,Entertainment,Groww,1313.02,Credit Card,Mobile,0,0,0,0,1,2,2,1
1729,371,39,35000,Balanced,2025-03-06,23,Entertainment,Amazon,1074.4,Debit Card,Mobile,0,1,0,0,0,8,0,0
1730,291,40,15000,Conservative,2025-01-05,0,Groceries,Croma,1018.17,UPI,Mobile,1,1,0,1,0,1,1,0
1731,250,27,25000,Conservative,2025-05-16,17,EMI,Myntra,8095.69,BNPL,Tablet,0,0,0,0,0,1,10,1
1732,364,30,50000,Conservative,2025-12-07,12,Food Delivery,Swiggy,274.39,BNPL,Mobile,0,0,0,0,0,6,3,0
1733,146,38,25000,Aggressive,2025-06-16,19,Fashion,BigBasket,2733.3,UPI,Mobile,0,0,0,0,1,5,2,0
1734,439,18,75000,Balanced,2025-12-25,13,Groceries,Groww,1151.73,UPI,Desktop,0,0,0,0,0,6,0,0
1735,465,32,50000,Balanced,2025-03-24,10,Food Delivery,Myntra,376.02,UPI,Desktop,0,0,0,0,0,1,0,0
1736,487,28,50000,Aggressive,2025-04-16,9,Rent,Swiggy,11849.39,UPI,Mobile,0,0,0,1,0,4,4,0
1737,231,31,25000,Conservative,2025-02-23,11,Investment,Zomato,8526.85,Cash,Desktop,0,0,1,1,0,4,8,1
1738,498,34,100000,Conservative,2025-01-28,19,Utilities,Croma,2505.96,Credit Card,Mobile,0,0,0,0,1,5,0,0
1739,390,43,35000,Aggressive,2025-10-23,9,Education,BigBasket,4143.41,UPI,Mobile,0,0,0,1,0,7,2,0
1740,16,32,50000,Balanced,2025-03-12,7,Groceries,Myntra,1531.83,UPI,Mobile,0,0,1,0,0,6,0,0
1741,405,34,35000,Balanced,2025-09-12,6,Rent,Swiggy,16063.92,UPI,Mobile,0,0,0,0,0,3,9,0
1742,401,33,35000,Aggressive,2025-01-09,16,Utilities,Netflix,2451.77,UPI,Mobile,0,0,0,1,0,3,1,0
1743,59,19,35000,Balanced,2025-09-06,10,Education,Myntra,1790.23,Credit Card,Mobile,0,0,1,1,0,2,3,1
1744,313,38,25000,Aggressive,2025-01-01,1,Education,Zomato,2134.29,UPI,Mobile,1,1,0,0,0,3,1,0
1745,227,43,25000,Aggressive,2025-01-19,18,Fashion,Swiggy,1882.54,UPI,Mobile,0,0,1,1,1,7,3,1
1746,335,24,50000,Conservative,2025-05-26,14,Utilities,Swiggy,1547.23,Debit Card,Mobile,0,0,0,0,1,9,0,0
1747,294,32,50000,Conservative,2025-03-24,16,Travel,PhonePe,8263.13,BNPL,Mobile,0,0,1,0,1,9,8,1
1748,10,32,35000,Balanced,2025-10-25,0,Travel,Paytm,4999.16,UPI,Mobile,0,1,1,1,0,6,2,0
1749,176,26,50000,Balanced,2025-08-05,18,Investment,Paytm,3914.35,Cash,Mobile,1,0,1,0,0,10,1,0
1750,380,29,100000,Conservative,2025-05-07,1,Education,Flipkart,3916.08,UPI,Mobile,0,1,0,0,1,1,0,0
1751,497,32,25000,Conservative,2025-08-08,8,Fashion,PhonePe,2239.06,Cash,Mobile,0,0,0,0,1,4,1,0
1752,160,37,50000,Balanced,2025-06-11,0,Fashion,Netflix,2160.57,Credit Card,Desktop,0,1,0,0,1,1,2,1
1753,379,20,50000,Balanced,2025-02-21,14,Travel,PhonePe,6475.31,UPI,Desktop,0,0,0,1,1,10,2,0
1754,265,32,50000,Balanced,2025-01-24,8,Entertainment,Flipkart,489.54,Credit Card,Mobile,0,0,0,0,0,7,0,0
1755,381,29,25000,Conservative,2025-09-23,13,Education,PhonePe,2805.38,UPI,Mobile,0,0,0,1,1,1,2,0
1756,252,44,100000,Balanced,2025-09-14,21,Food Delivery,BigBasket,513.3,UPI,Mobile,0,0,0,1,0,7,0,0
1757,76,33,50000,Aggressive,2025-04-11,11,EMI,Uber,7058.13,UPI,Mobile,0,0,0,1,0,7,2,0
1758,448,29,15000,Conservative,2025-10-28,7,Investment,Uber,4766.51,UPI,Mobile,0,0,0,0,1,6,6,0
1759,257,36,15000,Balanced,2025-02-01,1,Travel,Myntra,6751.45,UPI,Mobile,1,1,0,0,0,8,9,0
1760,321,28,35000,Conservative,2025-07-28,19,Groceries,Groww,600.31,UPI,Mobile,0,0,0,1,1,3,0,0
1761,270,25,50000,Conservative,2025-11-08,22,Investment,Paytm,8713.18,BNPL,Mobile,0,1,0,0,0,10,8,1
1762,422,22,15000,Aggressive,2025-05-08,12,Education,Uber,4498.43,UPI,Mobile,0,0,0,0,0,2,5,0
1763,255,28,15000,Aggressive,2025-05-14,10,Travel,Uber,3018.87,UPI,Mobile,0,0,0,0,0,2,4,0
1764,25,30,15000,Aggressive,2025-08-19,21,Travel,PhonePe,11455.48,UPI,Mobile,0,0,1,0,0,7,10,0
1765,253,18,15000,Conservative,2025-03-20,20,Groceries,Amazon,1449.7,UPI,Mobile,0,0,1,1,0,7,1,0
1766,206,36,25000,Conservative,2025-10-17,12,EMI,Zomato,9460.61,UPI,Mobile,0,0,0,1,0,4,7,0
1767,64,33,50000,Conservative,2025-04-28,4,Investment,Amazon,3997.3,Credit Card,Desktop,0,0,1,0,0,3,3,1
1768,275,26,25000,Conservative,2025-09-16,15,Health,Amazon,2205.42,UPI,Desktop,0,0,0,0,0,7,1,0
1769,477,37,15000,Balanced,2025-06-13,22,EMI,Uber,9587.5,UPI,Mobile,0,1,0,1,0,1,10,1
1770,347,28,25000,Conservative,2025-12-22,18,Rent,PhonePe,11624.43,UPI,Mobile,0,0,0,0,0,10,9,0
1771,148,42,35000,Balanced,2025-09-18,9,Utilities,Flipkart,1068.18,Debit Card,Mobile,0,0,0,0,0,7,0,0
1772,201,18,15000,Conservative,2025-01-24,18,EMI,BigBasket,4384.66,Debit Card,Desktop,0,0,0,0,1,6,5,0
1773,71,27,25000,Balanced,2025-10-10,11,Groceries,Myntra,1804.86,UPI,Mobile,0,0,0,1,1,8,1,0
1774,212,32,35000,Balanced,2025-06-29,0,Education,Myntra,5842.69,UPI,Mobile,0,1,0,0,0,3,5,1
1775,45,29,25000,Aggressive,2025-02-19,19,Rent,Zomato,14907.5,UPI,Mobile,0,0,0,1,0,8,10,0
1776,226,20,35000,Aggressive,2025-07-27,3,Utilities,Myntra,1326.2,UPI,Desktop,0,0,0,0,1,5,0,0
1777,234,33,15000,Conservative,2025-08-30,3,Fashion,BigBasket,1372.6,UPI,Mobile,0,0,0,0,0,5,1,0
1778,233,32,35000,Conservative,2025-06-13,18,Rent,Zomato,6871.64,Credit Card,Mobile,0,0,0,1,0,2,5,1
1779,392,36,75000,Aggressive,2025-07-01,8,Health,BigBasket,2429.79,UPI,Mobile,1,0,0,0,0,8,0,0
1780,378,28,35000,Balanced,2025-06-15,7,Travel,Flipkart,2131.24,Cash,Desktop,0,0,0,1,1,1,1,0
1781,440,25,25000,Conservative,2025-10-16,15,Rent,Zomato,5387.98,Credit Card,Mobile,0,0,1,0,0,9,6,1
1782,212,32,35000,Balanced,2025-05-03,18,Rent,Amazon,16830.94,Debit Card,Mobile,1,0,0,0,1,5,9,0
1783,235,18,15000,Balanced,2025-03-23,18,Health,Netflix,2653.77,UPI,Desktop,0,0,1,1,0,8,3,0
1784,192,38,50000,Balanced,2025-09-14,6,Rent,Flipkart,15052.4,Cash,Mobile,0,0,1,0,0,8,6,0
1785,244,24,25000,Conservative,2025-01-07,16,Electronics,Groww,18477.11,UPI,Mobile,0,0,0,0,0,3,10,1
1786,284,32,25000,Balanced,2025-12-08,12,Groceries,Croma,1048.44,Credit Card,Mobile,0,0,0,1,0,3,0,0
1787,172,36,50000,Balanced,2025-07-24,11,Rent,Flipkart,14815.79,Credit Card,Mobile,0,0,0,0,0,5,5,0
1788,178,41,35000,Balanced,2025-11-03,8,Electronics,Swiggy,13475.36,Credit Card,Mobile,1,0,0,0,0,6,9,1
1789,309,18,15000,Aggressive,2025-05-31,11,Health,Paytm,2418.29,Credit Card,Desktop,0,0,0,0,0,7,3,0
1790,222,28,35000,Conservative,2025-03-24,15,EMI,Paytm,7501.81,UPI,Mobile,0,0,0,1,0,2,4,0
1791,154,34,35000,Aggressive,2025-08-20,13,Health,Flipkart,2793.99,UPI,Mobile,0,0,0,0,0,10,1,0
1792,46,28,25000,Conservative,2025-09-20,9,Education,Zomato,3770.25,Credit Card,Mobile,0,0,0,0,1,6,3,0
1793,496,24,25000,Balanced,2025-10-04,11,Education,Zomato,3205.42,BNPL,Mobile,1,0,0,0,1,10,5,0
1794,84,37,25000,Balanced,2025-08-18,0,Rent,Groww,3443.18,UPI,Mobile,0,1,0,0,1,10,2,0
1795,107,18,15000,Conservative,2025-06-23,4,Entertainment,Groww,887.66,Credit Card,Mobile,0,0,1,0,0,6,3,1
1796,44,42,15000,Balanced,2025-08-07,4,Fashion,Flipkart,4030.58,UPI,Desktop,0,0,1,0,0,8,7,1
1797,260,34,35000,Balanced,2025-11-28,23,Entertainment,Groww,896.62,Credit Card,Mobile,0,1,1,0,0,8,2,1
1798,165,26,50000,Balanced,2025-06-28,4,Entertainment,Myntra,1115.47,UPI,Desktop,0,0,0,0,0,10,0,0
1799,250,27,25000,Conservative,2025-03-20,0,Travel,Myntra,6275.83,UPI,Mobile,0,1,0,0,1,7,5,0
1800,445,40,15000,Aggressive,2025-03-30,13,Groceries,BigBasket,1730.14,UPI,Mobile,0,0,1,0,0,3,2,0
1801,478,29,15000,Aggressive,2025-01-02,13,Fashion,Flipkart,4036.92,Debit Card,Desktop,1,0,1,1,1,7,7,1
1802,156,21,15000,Aggressive,2025-11-01,21,Food Delivery,Swiggy,348.54,UPI,Mobile,1,0,1,1,0,2,2,1
1803,421,34,100000,Aggressive,2025-03-14,23,EMI,Croma,3985.97,Debit Card,Mobile,0,1,0,1,1,7,0,0
1804,413,41,15000,Aggressive,2025-09-10,4,Groceries,BigBasket,1365.75,UPI,Mobile,0,0,0,0,0,6,1,0
1805,108,31,75000,Conservative,2025-07-25,23,Groceries,PhonePe,499.28,Credit Card,Desktop,0,1,0,0,0,5,0,0
1806,224,28,15000,Balanced,2025-12-12,14,Education,BigBasket,4199.75,UPI,Desktop,0,0,0,0,0,5,5,0
1807,241,32,15000,Aggressive,2025-07-20,20,Entertainment,Paytm,1135.82,UPI,Mobile,0,0,0,0,0,9,1,0
1808,221,19,35000,Conservative,2025-02-01,22,Education,Myntra,2505.2,UPI,Desktop,1,1,0,1,0,8,1,0
1809,279,44,35000,Aggressive,2025-10-17,6,EMI,Zomato,7780.95,UPI,Mobile,0,0,0,0,0,4,4,0
1810,480,31,35000,Balanced,2025-07-21,20,EMI,Zomato,4131.4,Credit Card,Mobile,0,0,0,0,0,5,2,0
1811,102,43,50000,Balanced,2025-10-04,2,Travel,Netflix,7412.4,Credit Card,Mobile,1,1,0,0,1,6,2,0
1812,281,25,35000,Balanced,2025-06-04,7,Rent,Netflix,10192.94,BNPL,Mobile,1,0,0,0,0,6,8,0
1813,49,30,75000,Conservative,2025-10-29,11,Electronics,Myntra,13091.41,Cash,Mobile,0,0,1,0,1,7,5,1
1814,271,22,15000,Conservative,2025-01-01,19,Rent,PhonePe,100.0,UPI,Mobile,1,0,0,0,1,2,0,0
1815,31,26,35000,Conservative,2025-01-14,0,Utilities,Paytm,1093.0,UPI,Mobile,0,1,1,0,0,10,0,0
1816,295,41,35000,Balanced,2025-05-11,13,Food Delivery,Myntra,182.76,UPI,Desktop,0,0,0,1,1,4,2,1
1817,2,25,35000,Conservative,2025-10-03,3,Rent,Flipkart,13327.69,UPI,Desktop,1,0,0,0,1,10,7,0
1818,180,32,75000,Balanced,2025-04-21,10,Food Delivery,Croma,100.0,UPI,Mobile,0,0,0,1,0,5,0,0
1819,39,24,35000,Balanced,2025-04-19,4,EMI,Amazon,4447.18,Credit Card,Mobile,0,0,0,0,0,4,2,0
1820,245,43,35000,Conservative,2025-07-16,14,Fashion,Croma,4469.07,UPI,Mobile,0,0,0,0,0,9,2,0
1821,419,38,50000,Conservative,2025-06-20,7,Entertainment,Myntra,100.0,UPI,Mobile,0,0,0,0,0,5,0,0
1822,339,25,15000,Conservative,2025-10-26,17,Electronics,Groww,15039.07,UPI,Mobile,0,0,0,0,0,4,10,1
1823,212,32,35000,Balanced,2025-01-01,18,Entertainment,Zomato,826.2,UPI,Mobile,1,0,1,1,0,7,0,0
1824,447,21,35000,Balanced,2025-02-14,23,Food Delivery,Uber,378.17,UPI,Mobile,0,1,0,1,0,6,0,0
1825,281,25,35000,Balanced,2025-11-28,3,Education,BigBasket,5269.53,UPI,Mobile,0,0,0,1,0,10,3,0
1826,330,34,35000,Balanced,2025-04-13,10,Travel,Netflix,10285.15,Debit Card,Mobile,0,0,0,0,0,7,5,0
1827,387,42,35000,Balanced,2025-02-11,14,Food Delivery,PhonePe,371.18,Credit Card,Mobile,0,0,0,1,0,1,2,1
1828,423,34,35000,Balanced,2025-12-29,14,Utilities,Swiggy,1623.2,BNPL,Mobile,0,0,0,0,0,2,3,0
1829,475,31,25000,Conservative,2025-10-25,23,EMI,Flipkart,6694.04,UPI,Mobile,0,1,0,0,0,9,5,0
1830,41,30,35000,Conservative,2025-02-11,17,Investment,PhonePe,6093.38,UPI,Mobile,0,0,1,1,0,10,3,0
1831,275,26,25000,Conservative,2025-04-10,4,Investment,BigBasket,6955.97,Cash,Mobile,0,0,1,1,1,3,7,1
1832,28,28,25000,Balanced,2025-04-30,6,Food Delivery,Netflix,480.11,UPI,Mobile,0,0,0,1,0,2,0,0
1833,387,42,35000,Balanced,2025-05-31,0,Utilities,Croma,1674.3,UPI,Mobile,0,1,0,0,0,1,0,0
1834,487,28,50000,Aggressive,2025-10-30,4,Fashion,PhonePe,4042.79,UPI,Mobile,0,0,0,0,0,7,1,0
1835,147,41,50000,Aggressive,2025-05-07,8,Health,Uber,2207.9,Credit Card,Mobile,0,0,0,1,0,4,0,0
1836,292,19,50000,Aggressive,2025-07-11,5,Fashion,Swiggy,3107.02,UPI,Mobile,0,0,0,0,0,7,1,0
1837,466,37,50000,Balanced,2025-11-23,15,Travel,Paytm,4276.42,UPI,Desktop,0,0,0,0,0,5,1,0
1838,442,42,75000,Conservative,2025-12-28,4,Utilities,Zomato,3701.0,Cash,Desktop,0,0,0,0,0,2,0,0
1839,460,20,35000,Conservative,2025-09-15,10,Fashion,Uber,2388.29,UPI,Desktop,0,0,0,1,0,5,1,0
1840,199,42,100000,Aggressive,2025-06-24,13,Investment,Swiggy,7934.73,BNPL,Mobile,0,0,0,0,0,5,4,0
1841,241,32,15000,Aggressive,2025-10-18,10,Entertainment,Swiggy,1635.16,Credit Card,Mobile,0,0,0,1,0,1,4,1
1842,225,25,50000,Balanced,2025-04-12,20,Entertainment,Zomato,1023.66,UPI,Mobile,0,0,0,1,0,7,0,0
1843,437,36,50000,Conservative,2025-10-11,20,Rent,Flipkart,9539.49,Debit Card,Mobile,0,0,0,1,0,9,3,0
1844,156,21,15000,Aggressive,2025-02-08,5,Fashion,Zomato,2689.36,UPI,Mobile,0,0,0,0,1,4,5,1
1845,73,34,25000,Conservative,2025-07-03,13,EMI,Netflix,5502.6,UPI,Mobile,1,0,0,0,0,9,4,0
1846,214,23,35000,Aggressive,2025-12-28,8,EMI,Groww,9474.12,Debit Card,Mobile,0,0,0,1,0,10,5,0
1847,442,42,75000,Conservative,2025-08-18,4,Entertainment,Myntra,651.93,Credit Card,Desktop,0,0,0,0,0,7,0,0
1848,333,36,35000,Balanced,2025-09-05,11,Education,Uber,940.94,UPI,Mobile,1,0,0,0,0,10,0,0
1849,388,26,75000,Conservative,2025-06-08,22,Investment,Uber,6887.45,Debit Card,Mobile,0,1,1,1,0,10,1,0
1850,262,43,25000,Balanced,2025-05-21,11,Utilities,Paytm,1497.23,Debit Card,Mobile,0,0,0,0,0,10,1,0
1851,148,42,35000,Balanced,2025-01-27,14,Rent,Groww,7062.17,UPI,Mobile,0,0,1,0,0,6,4,0
1852,311,18,75000,Balanced,2025-04-09,9,Entertainment,Swiggy,1352.76,UPI,Mobile,0,0,0,1,0,7,0,0
1853,1,24,50000,Conservative,2025-08-06,8,Groceries,Paytm,1385.37,Credit Card,Desktop,0,0,0,0,0,8,0,0
1854,163,43,35000,Aggressive,2025-05-15,2,Rent,Uber,3388.89,UPI,Mobile,0,1,0,0,0,6,1,0
1855,137,44,50000,Balanced,2025-12-14,6,Utilities,Groww,3077.26,BNPL,Mobile,0,0,0,0,1,7,4,0
1856,421,34,100000,Aggressive,2025-05-01,6,Food Delivery,Netflix,199.38,UPI,Mobile,1,0,0,1,0,10,0,0
1857,136,33,35000,Conservative,2025-11-04,11,Groceries,Swiggy,465.15,UPI,Mobile,1,0,0,0,1,2,0,0
1858,7,18,25000,Balanced,2025-09-03,9,Groceries,BigBasket,1468.65,Credit Card,Mobile,1,0,1,0,0,8,1,0
1859,340,31,35000,Aggressive,2025-09-24,1,Travel,Croma,7420.92,Debit Card,Mobile,0,1,0,1,0,9,4,0
1860,328,25,35000,Conservative,2025-11-10,23,Utilities,PhonePe,1201.92,UPI,Mobile,0,1,0,1,1,9,0,0
1861,156,21,15000,Aggressive,2025-02-06,14,Groceries,BigBasket,889.19,UPI,Desktop,0,0,0,1,0,2,1,0
1862,415,23,100000,Aggressive,2025-01-01,15,Food Delivery,Groww,250.88,UPI,Mobile,1,0,1,1,0,1,2,1
1863,200,30,15000,Conservative,2025-09-11,1,Rent,BigBasket,9128.22,UPI,Mobile,0,1,0,0,0,10,10,0
1864,375,44,35000,Conservative,2025-03-14,10,Electronics,Flipkart,9840.65,BNPL,Desktop,0,0,0,0,0,8,10,1
1865,436,34,15000,Aggressive,2025-12-07,20,Investment,Croma,9019.2,UPI,Mobile,0,0,0,0,0,9,10,0
1866,106,24,35000,Balanced,2025-01-21,1,Food Delivery,Uber,100.0,UPI,Desktop,0,1,0,0,1,6,0,0
1867,46,28,25000,Conservative,2025-03-28,3,Education,Uber,3777.77,Credit Card,Mobile,0,0,0,0,0,4,5,1
1868,183,26,25000,Conservative,2025-07-25,9,Health,Croma,2743.23,BNPL,Mobile,0,0,0,0,1,10,5,0
1869,231,31,25000,Conservative,2025-07-08,2,Fashion,BigBasket,2494.68,UPI,Mobile,0,1,0,0,1,6,1,0
1870,261,42,50000,Balanced,2025-03-11,20,Fashion,Swiggy,2005.04,UPI,Mobile,0,0,0,1,0,7,0,0
1871,147,41,50000,Aggressive,2025-12-02,11,Health,Uber,3150.36,Credit Card,Mobile,1,0,0,0,1,4,1,0
1872,133,19,25000,Conservative,2025-01-11,0,Education,Amazon,2240.76,UPI,Mobile,0,1,1,0,0,7,1,0
1873,252,44,100000,Balanced,2025-01-17,0,Education,BigBasket,2454.18,BNPL,Tablet,0,1,1,0,1,4,5,1
1874,124,38,35000,Balanced,2025-02-25,14,Entertainment,PhonePe,223.92,UPI,Mobile,0,0,1,1,1,4,2,1
1875,485,38,15000,Conservative,2025-11-26,3,Food Delivery,Myntra,376.99,Credit Card,Desktop,0,0,0,0,0,1,2,1
1876,30,24,50000,Aggressive,2025-07-14,14,Electronics,PhonePe,12594.27,Credit Card,Mobile,0,0,1,1,0,5,7,1
1877,138,20,35000,Balanced,2025-03-14,23,Education,Netflix,3485.83,UPI,Mobile,0,1,0,1,0,1,1,0
1878,98,35,35000,Aggressive,2025-09-17,17,Health,Groww,2939.45,BNPL,Mobile,0,0,1,1,0,1,6,1
1879,413,41,15000,Aggressive,2025-03-27,9,Travel,Uber,5461.97,UPI,Desktop,0,0,1,1,0,7,7,0
1880,214,23,35000,Aggressive,2025-09-13,17,Education,Myntra,2543.05,Credit Card,Mobile,0,0,0,0,0,4,1,0
1881,290,42,25000,Conservative,2025-10-29,13,Utilities,Zomato,2577.63,UPI,Mobile,0,0,1,0,1,1,2,0
1882,387,42,35000,Balanced,2025-12-13,1,Education,Zomato,4456.41,UPI,Mobile,0,1,1,0,1,2,4,1
1883,259,28,75000,Aggressive,2025-03-26,9,Travel,Flipkart,8195.09,UPI,Mobile,0,0,0,1,0,5,2,0
1884,9,27,15000,Aggressive,2025-10-25,11,Groceries,BigBasket,747.01,UPI,Desktop,0,0,0,0,0,4,0,0
1885,199,42,100000,Aggressive,2025-03-26,4,Fashion,Swiggy,954.88,UPI,Mobile,0,0,1,1,0,2,2,1
1886,422,22,15000,Aggressive,2025-08-15,23,Education,Zomato,2659.5,UPI,Mobile,0,1,1,0,0,5,5,1
1887,321,28,35000,Conservative,2025-08-05,14,Utilities,Amazon,2227.42,UPI,Desktop,1,0,0,1,0,7,1,0
1888,62,23,25000,Balanced,2025-08-23,23,Health,Groww,3104.11,Debit Card,Mobile,0,1,1,0,1,6,2,0
1889,26,18,15000,Balanced,2025-11-28,18,Groceries,PhonePe,1050.83,UPI,Mobile,0,0,0,0,0,3,1,0
1890,277,25,50000,Balanced,2025-08-13,12,Groceries,PhonePe,1870.39,BNPL,Desktop,0,0,0,1,0,1,3,0
1891,263,23,100000,Balanced,2025-12-24,21,Investment,Netflix,4655.4,UPI,Mobile,0,0,0,0,0,9,0,0
1892,385,38,50000,Balanced,2025-06-28,10,Fashion,PhonePe,3508.21,UPI,Mobile,0,0,0,0,1,9,1,0
1893,332,24,50000,Conservative,2025-01-25,6,Fashion,Uber,2517.77,UPI,Mobile,0,0,0,1,1,5,1,0
1894,279,44,35000,Aggressive,2025-08-04,20,Utilities,Uber,2138.27,UPI,Mobile,1,0,1,0,0,6,1,0
1895,107,18,15000,Conservative,2025-11-23,19,Education,Swiggy,1901.86,Cash,Mobile,0,0,0,0,0,8,2,0
1896,19,23,25000,Balanced,2025-06-28,21,Electronics,Netflix,13501.02,BNPL,Mobile,0,0,1,1,0,9,10,1
1897,352,27,35000,Aggressive,2025-12-23,15,Groceries,Amazon,767.34,UPI,Mobile,0,0,1,0,0,10,0,0
1898,358,40,50000,Aggressive,2025-06-29,10,Investment,PhonePe,2135.76,UPI,Mobile,0,0,0,0,1,5,0,0
1899,92,34,15000,Aggressive,2025-01-30,14,Travel,Amazon,4904.88,Debit Card,Mobile,0,0,0,1,1,9,6,0
1900,443,44,50000,Conservative,2025-05-27,7,Entertainment,Amazon,797.93,Credit Card,Mobile,0,0,0,0,1,1,2,1
1901,55,24,35000,Conservative,2025-02-04,17,Utilities,Myntra,1411.02,Debit Card,Mobile,1,0,1,0,0,9,0,0
1902,37,44,35000,Balanced,2025-08-11,1,Education,Flipkart,4868.88,UPI,Mobile,0,1,1,1,0,10,2,0
1903,248,21,35000,Balanced,2025-07-18,18,Travel,Zomato,7484.31,Credit Card,Mobile,0,0,1,1,1,6,6,1
1904,60,23,25000,Balanced,2025-05-17,3,Education,BigBasket,3862.56,Credit Card,Mobile,0,0,0,1,0,8,3,0
1905,305,22,75000,Balanced,2025-03-05,14,Rent,Zomato,14524.94,UPI,Mobile,1,0,1,0,0,9,3,0
1906,145,36,25000,Conservative,2025-06-23,12,Electronics,Croma,5624.12,Credit Card,Mobile,0,0,1,0,1,7,6,1
1907,302,30,15000,Conservative,2025-12-14,9,Food Delivery,BigBasket,444.89,Credit Card,Desktop,0,0,1,0,0,7,2,1
1908,183,26,25000,Conservative,2025-10-05,19,Rent,Flipkart,11273.91,UPI,Tablet,1,0,0,0,0,1,9,0
1909,381,29,25000,Conservative,2025-10-23,5,Food Delivery,PhonePe,285.48,UPI,Mobile,0,0,0,1,0,3,0,0
1910,94,26,100000,Conservative,2025-01-02,20,EMI,Paytm,4838.92,Debit Card,Mobile,1,0,1,0,0,5,0,0
1911,454,22,15000,Aggressive,2025-12-08,13,Health,Zomato,2153.78,BNPL,Mobile,0,0,0,0,0,7,5,0
1912,114,38,25000,Aggressive,2025-07-19,14,Utilities,Croma,1196.51,Credit Card,Mobile,0,0,0,0,0,3,0,0
1913,33,22,50000,Balanced,2025-09-11,16,Investment,Uber,6921.23,BNPL,Mobile,0,0,0,0,0,9,5,0
1914,170,39,50000,Aggressive,2025-02-05,4,Utilities,Groww,1420.77,Cash,Desktop,1,0,1,0,0,6,0,0
1915,331,21,25000,Aggressive,2025-05-07,22,Utilities,PhonePe,658.14,UPI,Tablet,0,1,0,0,0,6,0,0
1916,385,38,50000,Balanced,2025-08-09,4,Utilities,Flipkart,1904.22,Credit Card,Desktop,0,0,0,0,0,9,0,0
1917,33,22,50000,Balanced,2025-09-03,21,Investment,BigBasket,6318.86,UPI,Mobile,1,0,1,0,0,8,2,0
1918,424,34,25000,Conservative,2025-01-09,19,Entertainment,Croma,371.55,Credit Card,Mobile,0,0,0,1,0,10,0,0
1919,73,34,25000,Conservative,2025-07-17,2,Health,Amazon,2609.74,UPI,Desktop,0,1,1,0,0,8,2,0
1920,416,41,35000,Balanced,2025-08-26,10,Food Delivery,Netflix,123.68,UPI,Mobile,0,0,1,0,0,9,0,0
1921,77,39,50000,Balanced,2025-09-01,10,Utilities,Uber,1106.89,UPI,Mobile,1,0,0,0,0,1,0,0
1922,376,43,35000,Conservative,2025-02-11,15,Electronics,Groww,19244.17,BNPL,Mobile,0,0,0,0,0,1,10,1
1923,237,39,25000,Balanced,2025-08-07,2,Electronics,Croma,10564.83,UPI,Mobile,0,1,0,0,0,3,10,1
1924,124,38,35000,Balanced,2025-01-10,20,Rent,Groww,15081.98,Debit Card,Mobile,0,0,0,0,0,4,8,0
1925,142,31,15000,Conservative,2025-07-30,6,Groceries,Flipkart,1400.25,Debit Card,Mobile,0,0,0,0,0,9,1,0
1926,363,23,50000,Conservative,2025-04-27,18,Travel,Amazon,9547.1,BNPL,Mobile,0,0,0,0,0,10,6,0
1927,247,20,35000,Balanced,2025-06-17,9,Electronics,PhonePe,10961.0,Credit Card,Desktop,0,0,0,0,0,2,8,1
1928,168,19,15000,Conservative,2025-02-13,13,Utilities,Paytm,731.47,UPI,Tablet,0,0,0,0,0,6,0,0
1929,157,29,25000,Aggressive,2025-10-10,21,Fashion,Flipkart,1412.47,UPI,Desktop,0,0,0,0,1,5,1,0
1930,39,24,35000,Balanced,2025-02-28,18,Investment,PhonePe,6309.86,UPI,Mobile,0,0,0,1,0,10,3,0
1931,382,44,100000,Balanced,2025-07-31,6,Food Delivery,Myntra,518.75,BNPL,Mobile,0,0,1,1,0,4,5,1
1932,470,37,25000,Conservative,2025-12-10,4,Investment,Netflix,7972.57,UPI,Mobile,0,0,0,0,1,1,6,0
1933,490,42,35000,Conservative,2025-01-28,23,Electronics,Croma,10615.4,BNPL,Mobile,0,1,0,1,1,4,10,1
1934,343,35,15000,Conservative,2025-06-24,9,EMI,Zomato,5260.11,Cash,Desktop,0,0,0,0,0,5,7,0
1935,91,33,25000,Conservative,2025-03-02,22,Food Delivery,Myntra,327.56,UPI,Mobile,1,1,0,1,0,1,2,1
1936,292,19,50000,Aggressive,2025-11-25,20,Electronics,Swiggy,10802.57,UPI,Desktop,0,0,1,0,0,5,6,1
1937,443,44,50000,Conservative,2025-07-28,16,Rent,Groww,8669.99,Debit Card,Mobile,0,0,0,0,0,10,3,0
1938,341,33,25000,Balanced,2025-07-05,1,Rent,Swiggy,11204.11,Cash,Mobile,1,1,0,0,0,2,10,1
1939,464,34,15000,Aggressive,2025-01-21,0,EMI,Croma,3935.91,UPI,Desktop,0,1,0,0,1,8,5,0
1940,125,22,35000,Balanced,2025-10-15,15,Fashion,Groww,3129.29,UPI,Mobile,0,0,0,1,0,5,1,0
1941,3,36,15000,Balanced,2025-09-29,3,Groceries,BigBasket,2213.52,UPI,Mobile,0,0,1,1,0,3,2,0
1942,377,25,50000,Balanced,2025-08-21,19,Travel,Uber,9053.2,Credit Card,Mobile,0,0,0,0,0,7,3,0
1943,25,30,15000,Aggressive,2025-09-17,3,Investment,Groww,7026.77,Cash,Desktop,0,0,0,0,0,7,9,0
1944,406,42,35000,Conservative,2025-09-25,2,Education,Amazon,3318.0,UPI,Desktop,0,1,1,0,0,5,1,0
1945,156,21,15000,Aggressive,2025-01-07,12,Utilities,Uber,2589.82,Debit Card,Mobile,0,0,0,0,0,3,3,0
1946,395,27,35000,Balanced,2025-08-13,1,Investment,BigBasket,8348.16,BNPL,Mobile,0,1,0,0,0,9,9,1
1947,147,41,50000,Aggressive,2025-10-06,19,Groceries,Netflix,1651.46,UPI,Mobile,0,0,0,1,1,5,0,0
1948,148,42,35000,Balanced,2025-07-28,17,Rent,Netflix,9886.42,UPI,Desktop,0,0,0,1,1,4,7,1
1949,456,34,50000,Balanced,2025-05-21,15,Investment,Flipkart,4344.49,UPI,Desktop,0,0,0,1,0,9,1,0
1950,226,20,35000,Aggressive,2025-05-13,5,Entertainment,BigBasket,544.77,UPI,Mobile,0,0,1,0,0,6,0,0
1951,127,39,15000,Conservative,2025-02-10,12,Health,Myntra,1839.31,BNPL,Mobile,0,0,0,1,0,4,5,0
1952,372,39,15000,Balanced,2025-03-21,5,Entertainment,Swiggy,1378.63,UPI,Mobile,0,0,0,0,0,8,1,0
1953,338,20,75000,Balanced,2025-06-24,20,Investment,Uber,5742.89,Debit Card,Desktop,0,0,0,0,1,5,1,0
1954,321,28,35000,Conservative,2025-12-07,14,EMI,Paytm,4859.57,UPI,Mobile,0,0,1,0,1,3,2,0
1955,279,44,35000,Aggressive,2025-09-09,11,Health,Paytm,2367.65,Credit Card,Mobile,0,0,0,0,0,1,1,0
1956,51,18,15000,Conservative,2025-10-20,21,Food Delivery,Uber,219.37,Credit Card,Mobile,0,0,0,0,1,3,2,1
1957,360,19,35000,Balanced,2025-11-19,5,Utilities,Zomato,1581.74,UPI,Mobile,0,0,0,1,0,7,0,0
1958,193,30,75000,Aggressive,2025-05-20,15,Electronics,Zomato,14025.6,Credit Card,Mobile,0,0,0,1,1,7,5,1
1959,178,41,35000,Balanced,2025-03-12,8,Rent,Zomato,15750.17,UPI,Mobile,0,0,0,0,0,3,9,0
1960,143,20,25000,Balanced,2025-05-26,14,Rent,Swiggy,12398.96,UPI,Desktop,0,0,1,0,1,7,9,0
1961,84,37,25000,Balanced,2025-11-22,3,Rent,Swiggy,14100.15,UPI,Mobile,0,0,1,1,0,9,10,0
1962,458,44,75000,Aggressive,2025-04-13,4,Investment,PhonePe,3670.16,UPI,Mobile,0,0,0,0,0,6,0,0
1963,49,30,75000,Conservative,2025-10-30,22,Rent,Flipkart,8528.28,UPI,Mobile,0,1,0,1,0,5,2,0
1964,409,34,15000,Conservative,2025-09-20,9,Health,Swiggy,842.44,UPI,Mobile,0,0,0,0,1,2,1,0
1965,309,18,15000,Aggressive,2025-10-04,18,Rent,Croma,11643.8,Debit Card,Mobile,1,0,0,1,0,7,10,0
1966,198,32,25000,Balanced,2025-10-28,5,Health,Swiggy,1853.6,Credit Card,Mobile,0,0,0,1,0,9,1,0
1967,159,38,15000,Balanced,2025-02-11,20,Investment,BigBasket,9368.63,BNPL,Mobile,0,0,0,0,0,9,10,0
1968,441,33,50000,Aggressive,2025-02-10,13,Groceries,PhonePe,1313.89,Credit Card,Mobile,0,0,0,1,0,6,0,0
1969,209,39,50000,Balanced,2025-03-12,3,Fashion,Swiggy,4422.44,UPI,Desktop,0,0,0,1,1,3,3,1
1970,168,19,15000,Conservative,2025-04-28,14,Utilities,PhonePe,1178.67,UPI,Desktop,0,0,0,0,0,7,1,0
1971,3,36,15000,Balanced,2025-11-27,8,Food Delivery,PhonePe,461.28,BNPL,Mobile,0,0,0,0,0,7,3,0
1972,91,33,25000,Conservative,2025-03-08,18,Entertainment,Uber,837.97,UPI,Mobile,0,0,1,1,0,5,0,0
1973,177,42,25000,Conservative,2025-05-19,21,Utilities,Paytm,1973.19,UPI,Mobile,0,0,1,0,0,8,1,0
1974,360,19,35000,Balanced,2025-08-04,18,Electronics,BigBasket,7958.75,Credit Card,Mobile,1,0,0,0,0,3,6,1
1975,177,42,25000,Conservative,2025-08-03,2,Utilities,Croma,1771.59,UPI,Tablet,1,1,0,0,0,4,1,0
1976,159,38,15000,Balanced,2025-08-07,2,Electronics,Netflix,10852.44,UPI,Mobile,0,1,0,0,0,5,10,1
1977,215,35,35000,Conservative,2025-11-19,9,EMI,Groww,5181.04,UPI,Mobile,0,0,0,0,1,6,2,0
1978,239,31,15000,Conservative,2025-11-06,8,EMI,Zomato,6223.11,Credit Card,Desktop,0,0,1,0,0,3,10,1
1979,68,26,50000,Conservative,2025-03-02,9,Education,Amazon,1596.97,UPI,Tablet,1,0,0,0,0,7,0,0
1980,130,43,35000,Balanced,2025-01-02,23,Rent,Uber,9914.2,BNPL,Mobile,1,1,0,0,1,7,10,1
1981,183,26,25000,Conservative,2025-06-03,3,EMI,Zomato,4399.12,UPI,Mobile,1,0,1,1,1,4,5,1
1982,468,34,100000,Conservative,2025-09-06,18,Groceries,Uber,1906.9,Debit Card,Tablet,0,0,0,0,0,1,0,0
1983,491,39,35000,Balanced,2025-01-23,1,EMI,Amazon,6008.47,Cash,Mobile,0,1,0,0,1,1,5,1
1984,487,28,50000,Aggressive,2025-07-25,22,Utilities,Flipkart,1322.11,Debit Card,Mobile,0,1,0,0,0,8,0,0
1985,88,30,35000,Aggressive,2025-07-01,8,Entertainment,PhonePe,707.32,Cash,Mobile,1,0,0,0,0,3,0,0
1986,69,35,50000,Balanced,2025-03-04,8,Rent,Myntra,8350.03,Credit Card,Mobile,1,0,1,0,0,1,5,1
1987,79,25,35000,Conservative,2025-12-01,12,Education,Uber,1869.86,BNPL,Desktop,1,0,0,1,1,6,4,0
1988,217,42,35000,Balanced,2025-08-20,15,Investment,Flipkart,7380.35,UPI,Mobile,0,0,1,0,0,7,4,0
1989,371,39,35000,Balanced,2025-12-27,21,Utilities,PhonePe,2187.41,UPI,Mobile,0,0,0,0,0,2,1,0
1990,270,25,50000,Conservative,2025-07-24,9,Education,Paytm,2499.33,Credit Card,Mobile,0,0,1,0,0,3,2,1
1991,62,23,25000,Balanced,2025-11-18,6,Travel,Netflix,6564.17,UPI,Mobile,0,0,1,0,1,10,5,0
1992,27,18,25000,Conservative,2025-10-17,18,Food Delivery,Myntra,213.74,UPI,Mobile,0,0,1,1,0,1,2,1
1993,431,27,50000,Balanced,2025-03-17,7,Entertainment,Groww,848.25,UPI,Mobile,0,0,0,1,0,7,0,0
1994,422,22,15000,Aggressive,2025-02-27,0,Groceries,Netflix,392.83,UPI,Mobile,0,1,1,0,0,10,0,0
1995,50,25,35000,Balanced,2025-02-22,6,Health,BigBasket,1514.22,UPI,Mobile,0,0,0,0,0,1,0,0
1996,445,40,15000,Aggressive,2025-12-19,16,Rent,Uber,11882.13,Cash,Mobile,0,0,1,0,0,9,10,0
1997,180,32,75000,Balanced,2025-04-03,0,Utilities,Paytm,2864.42,UPI,Mobile,1,1,1,0,1,5,0,0
1998,486,31,100000,Balanced,2025-08-21,1,Travel,Swiggy,9210.46,UPI,Mobile,0,1,0,1,0,1,1,0
1999,463,19,25000,Aggressive,2025-08-01,7,EMI,Swiggy,3336.85,UPI,Desktop,1,0,0,0,0,3,2,0
2000,4,38,35000,Balanced,2025-03-09,21,Food Delivery,PhonePe,605.81,Credit Card,Mobile,0,0,1,0,0,5,2,1
2001,431,27,50000,Balanced,2025-07-21,9,Entertainment,Croma,1041.15,UPI,Mobile,0,0,0,1,0,2,0,0
2002,466,37,50000,Balanced,2025-12-20,18,Food Delivery,Groww,210.06,Credit Card,Tablet,0,0,0,0,0,4,2,1
2003,250,27,25000,Conservative,2025-09-28,2,Food Delivery,Groww,708.59,UPI,Mobile,0,1,1,0,0,6,2,1
2004,253,18,15000,Conservative,2025-07-30,19,Education,Groww,1450.28,Cash,Mobile,0,0,0,0,0,4,1,0
2005,159,38,15000,Balanced,2025-05-04,10,Groceries,Flipkart,2091.31,Credit Card,Mobile,1,0,0,0,1,9,2,0
2006,186,27,100000,Aggressive,2025-12-09,1,Health,Uber,1734.03,UPI,Mobile,0,1,0,0,0,2,0,0
2007,203,20,35000,Balanced,2025-02-19,9,Health,Flipkart,1722.12,UPI,Desktop,0,0,1,1,0,6,0,0
2008,246,30,35000,Balanced,2025-10-25,19,Rent,Swiggy,16107.89,Debit Card,Mobile,0,0,0,1,0,9,9,0
2009,124,38,35000,Balanced,2025-05-24,18,Fashion,Amazon,3358.68,UPI,Mobile,0,0,1,0,0,4,3,1
2010,456,34,50000,Balanced,2025-08-14,16,Food Delivery,PhonePe,612.87,BNPL,Desktop,0,0,0,0,1,3,5,1
2011,154,34,35000,Aggressive,2025-02-05,12,Entertainment,Croma,672.34,Credit Card,Tablet,1,0,0,0,0,1,2,1
2012,109,19,15000,Balanced,2025-01-31,19,Health,Swiggy,290.3,UPI,Desktop,0,0,1,1,0,9,0,0
2013,189,43,25000,Conservative,2025-01-19,4,Investment,Zomato,4359.06,UPI,Mobile,0,0,1,0,0,6,3,0
2014,430,26,15000,Aggressive,2025-07-23,0,Fashion,BigBasket,1734.15,Credit Card,Mobile,0,1,1,1,0,7,4,1
2015,462,36,25000,Conservative,2025-12-14,6,Investment,Uber,5030.55,Debit Card,Mobile,0,0,1,1,0,8,4,0
2016,296,32,35000,Balanced,2025-03-14,14,Utilities,Flipkart,846.14,Debit Card,Mobile,0,0,0,1,0,9,0,0
2017,63,23,25000,Aggressive,2025-06-12,8,Health,Amazon,1423.95,BNPL,Desktop,0,0,1,0,0,9,4,0
2018,255,28,15000,Aggressive,2025-11-25,9,Utilities,Uber,1162.75,Debit Card,Mobile,0,0,0,0,0,3,1,0
2019,492,27,50000,Aggressive,2025-09-03,4,Health,Zomato,1809.2,BNPL,Mobile,1,0,0,0,0,4,3,0
2020,307,26,35000,Balanced,2025-10-07,4,Groceries,BigBasket,1798.78,BNPL,Desktop,0,0,1,1,0,8,4,0
2021,499,44,15000,Aggressive,2025-09-20,9,Utilities,Flipkart,244.97,Debit Card,Mobile,0,0,0,0,1,10,0,0
2022,424,34,25000,Conservative,2025-12-11,3,Electronics,Croma,10554.17,UPI,Mobile,0,0,0,1,0,9,8,0
2023,56,34,100000,Conservative,2025-05-17,11,Education,Uber,2476.84,UPI,Mobile,0,0,0,1,0,10,0,0
2024,398,43,50000,Conservative,2025-03-12,0,Fashion,Myntra,1429.34,UPI,Mobile,0,1,1,1,1,10,2,1
2025,149,41,50000,Aggressive,2025-09-22,8,Investment,Flipkart,7354.22,Credit Card,Mobile,0,0,0,1,0,7,2,0
2026,329,36,35000,Balanced,2025-08-13,22,Electronics,PhonePe,5105.2,UPI,Desktop,0,1,0,1,0,8,2,0
2027,461,28,50000,Conservative,2025-05-25,12,Travel,Uber,9950.76,UPI,Desktop,0,0,1,0,1,1,5,1
2028,29,20,50000,Conservative,2025-07-17,12,Travel,Amazon,7890.81,UPI,Mobile,0,0,1,0,0,3,5,1
2029,250,27,25000,Conservative,2025-09-16,2,Fashion,Amazon,2323.45,Cash,Mobile,0,1,0,0,0,5,1,0
2030,7,18,25000,Balanced,2025-02-24,10,Investment,Netflix,4705.34,Credit Card,Mobile,0,0,0,1,1,3,5,1
2031,284,32,25000,Balanced,2025-04-24,21,Utilities,Flipkart,2230.92,Credit Card,Mobile,0,0,0,1,1,9,1,0
2032,6,23,15000,Aggressive,2025-02-16,21,Rent,Swiggy,11104.93,UPI,Mobile,0,0,0,1,0,8,10,0
2033,322,38,35000,Aggressive,2025-02-14,9,Investment,Uber,3861.77,BNPL,Desktop,0,0,0,0,1,8,5,0
2034,11,36,25000,Aggressive,2025-01-17,4,Health,Zomato,1770.03,UPI,Mobile,0,0,1,0,0,7,1,0
2035,229,38,35000,Balanced,2025-07-06,10,Entertainment,Croma,622.05,UPI,Mobile,0,0,0,0,0,1,0,0
2036,124,38,35000,Balanced,2025-08-28,10,Groceries,Flipkart,752.65,UPI,Tablet,0,0,1,0,1,6,0,0
2037,271,22,15000,Conservative,2025-06-04,6,Electronics,Uber,2463.67,Debit Card,Tablet,1,0,1,1,0,2,5,1
2038,144,43,50000,Conservative,2025-10-29,8,Education,PhonePe,3504.77,UPI,Mobile,0,0,1,1,0,1,1,0
2039,254,23,25000,Conservative,2025-02-23,1,Education,PhonePe,3093.13,Debit Card,Mobile,0,1,0,1,0,2,2,0
2040,429,26,25000,Conservative,2025-04-15,6,Health,Swiggy,2141.07,UPI,Mobile,0,0,1,1,0,6,1,0
2041,324,25,35000,Balanced,2025-10-15,11,Travel,Paytm,3283.41,BNPL,Mobile,0,0,0,0,1,1,4,0
2042,353,40,50000,Balanced,2025-03-16,4,Fashion,Groww,1500.43,Credit Card,Mobile,0,0,0,0,0,5,0,0
2043,186,27,100000,Aggressive,2025-04-12,8,Food Delivery,Groww,339.59,UPI,Mobile,0,0,0,0,0,6,0,0
2044,372,39,15000,Balanced,2025-11-27,12,Rent,Uber,1139.22,UPI,Desktop,0,0,0,0,0,5,1,0
2045,248,21,35000,Balanced,2025-11-20,20,Education,Zomato,4343.98,Credit Card,Mobile,0,0,0,1,1,2,4,1
2046,310,31,25000,Aggressive,2025-03-02,13,Utilities,Flipkart,3024.75,BNPL,Mobile,1,0,1,0,0,2,7,1
2047,16,32,50000,Balanced,2025-09-12,0,Investment,Netflix,5364.0,UPI,Mobile,0,1,0,0,1,10,2,0
2048,94,26,100000,Conservative,2025-05-03,20,Utilities,BigBasket,1807.22,BNPL,Mobile,1,0,0,0,0,3,3,0
2049,349,22,35000,Balanced,2025-07-24,14,Utilities,Amazon,2502.62,UPI,Tablet,0,0,0,0,0,5,1,0
2050,308,25,50000,Aggressive,2025-08-29,17,Fashion,Amazon,1136.6,Credit Card,Mobile,0,0,0,0,0,2,2,1
2051,70,42,15000,Aggressive,2025-06-11,23,Utilities,Myntra,1547.87,BNPL,Mobile,0,1,0,0,0,5,5,0
2052,332,24,50000,Conservative,2025-08-14,8,Fashion,Swiggy,2365.28,UPI,Mobile,0,0,1,1,0,10,0,0
2053,197,41,25000,Aggressive,2025-05-21,3,Entertainment,Uber,1068.89,UPI,Mobile,0,0,1,0,0,10,0,0
2054,423,34,35000,Balanced,2025-11-12,18,Travel,Paytm,8025.04,Credit Card,Mobile,0,0,1,1,0,6,6,1
2055,10,32,35000,Balanced,2025-08-30,17,Education,Croma,2485.28,Debit Card,Desktop,0,0,0,0,0,8,1,0
2056,404,20,15000,Conservative,2025-07-09,4,Health,Myntra,2316.36,UPI,Desktop,0,0,1,1,0,7,3,0
2057,21,21,35000,Aggressive,2025-11-16,5,EMI,Myntra,6303.02,Debit Card,Desktop,0,0,0,0,0,2,3,0
2058,8,29,15000,Balanced,2025-08-10,11,Electronics,Croma,14666.48,UPI,Desktop,0,0,1,0,0,9,10,1
2059,467,37,50000,Conservative,2025-05-20,8,Entertainment,Netflix,1218.0,UPI,Mobile,0,0,1,0,0,4,2,1
2060,336,40,25000,Conservative,2025-11-08,15,Fashion,PhonePe,3995.1,UPI,Mobile,0,0,0,1,1,9,5,1
2061,481,37,35000,Conservative,2025-12-16,4,Education,Amazon,2629.78,Debit Card,Mobile,0,0,1,0,0,1,1,0
2062,306,27,50000,Conservative,2025-04-21,21,Groceries,Flipkart,1266.34,UPI,Mobile,0,0,0,0,0,1,0,0
2063,116,37,35000,Balanced,2025-09-30,15,Education,Croma,4286.06,UPI,Mobile,0,0,1,1,1,3,4,1
2064,466,37,50000,Balanced,2025-03-03,21,Investment,Flipkart,2376.75,UPI,Desktop,1,0,0,0,0,9,0,0
2065,338,20,75000,Balanced,2025-09-01,4,Electronics,BigBasket,14316.38,Credit Card,Mobile,1,0,1,0,0,2,5,1
2066,221,19,35000,Conservative,2025-02-07,2,Electronics,Groww,17177.53,UPI,Mobile,0,1,0,0,0,3,10,1
2067,362,39,15000,Aggressive,2025-01-22,10,Health,Uber,995.87,UPI,Mobile,0,0,0,0,0,6,1,0
2068,482,42,25000,Balanced,2025-01-29,19,Education,PhonePe,1184.1,BNPL,Tablet,0,0,0,1,0,2,3,0
2069,273,34,75000,Balanced,2025-10-18,11,Fashion,Netflix,3779.38,Credit Card,Desktop,0,0,0,0,1,1,3,1
2070,12,42,15000,Balanced,2025-05-19,12,Electronics,Croma,11648.08,UPI,Mobile,0,0,0,0,1,2,10,1
2071,4,38,35000,Balanced,2025-10-08,23,Travel,Paytm,5214.27,Credit Card,Tablet,0,1,1,0,0,7,4,1
2072,342,38,35000,Conservative,2025-07-26,19,Entertainment,BigBasket,116.84,UPI,Desktop,0,0,1,1,1,2,2,1
2073,456,34,50000,Balanced,2025-03-31,2,Electronics,Uber,8299.34,UPI,Mobile,0,1,0,0,0,7,5,1
2074,27,18,25000,Conservative,2025-12-27,12,Investment,Flipkart,3422.57,UPI,Mobile,0,0,1,1,1,5,2,0
2075,314,38,35000,Conservative,2025-02-15,8,Travel,Groww,4525.85,BNPL,Mobile,0,0,1,1,0,2,7,1
2076,421,34,100000,Aggressive,2025-11-19,12,Food Delivery,Swiggy,334.39,Debit Card,Tablet,0,0,0,1,1,6,0,0
2077,137,44,50000,Balanced,2025-12-26,20,Investment,PhonePe,6813.38,UPI,Mobile,0,0,0,0,0,9,2,0
2078,422,22,15000,Aggressive,2025-10-09,15,EMI,Flipkart,4803.17,BNPL,Mobile,0,0,0,1,1,1,10,1
2079,200,30,15000,Conservative,2025-02-17,14,Travel,Croma,4797.07,UPI,Desktop,0,0,0,1,0,2,6,0
2080,99,43,75000,Conservative,2025-07-17,4,Utilities,Netflix,975.64,Credit Card,Mobile,0,0,0,1,1,9,0,0
2081,56,34,100000,Conservative,2025-06-28,5,Travel,Zomato,3210.51,UPI,Desktop,0,0,0,0,1,10,0,0
2082,392,36,75000,Aggressive,2025-12-21,8,EMI,Groww,7152.19,Debit Card,Mobile,0,0,0,0,1,10,1,0
2083,413,41,15000,Aggressive,2025-07-26,20,Entertainment,Groww,499.51,Credit Card,Desktop,0,0,0,0,0,1,2,1
2084,181,28,75000,Conservative,2025-09-29,21,Fashion,Zomato,2070.43,UPI,Desktop,0,0,1,0,0,10,0,0
2085,189,43,25000,Conservative,2025-08-13,4,EMI,Paytm,7448.32,UPI,Mobile,0,0,0,0,0,9,5,0
2086,137,44,50000,Balanced,2025-12-19,7,Education,Uber,1598.37,UPI,Desktop,0,0,0,0,0,4,0,0
2087,275,26,25000,Conservative,2025-07-19,3,Utilities,Myntra,2702.69,UPI,Mobile,0,0,0,1,0,9,2,0
2088,363,23,50000,Conservative,2025-11-16,20,Travel,Netflix,8951.93,UPI,Mobile,0,0,0,0,0,10,3,0
2089,482,42,25000,Balanced,2025-07-24,4,Investment,Zomato,3922.57,UPI,Mobile,0,0,0,0,0,7,3,0
2090,460,20,35000,Conservative,2025-06-05,15,Utilities,Myntra,1168.58,Credit Card,Desktop,1,0,0,0,1,10,0,0
2091,151,41,75000,Balanced,2025-09-25,23,Entertainment,PhonePe,877.49,Cash,Mobile,0,1,0,0,0,9,0,0
2092,454,22,15000,Aggressive,2025-04-13,20,Groceries,Myntra,1023.89,UPI,Mobile,0,0,1,0,0,3,1,0
2093,82,33,100000,Conservative,2025-02-17,16,Entertainment,Uber,345.33,Debit Card,Desktop,0,0,0,0,0,7,0,0
2094,99,43,75000,Conservative,2025-03-16,7,Utilities,Groww,1542.91,BNPL,Mobile,0,0,0,0,1,8,3,0
2095,114,38,25000,Aggressive,2025-04-24,8,Education,Groww,2987.36,Credit Card,Mobile,0,0,0,1,0,9,2,0
2096,11,36,25000,Aggressive,2025-05-22,17,Groceries,Paytm,1456.66,Cash,Mobile,0,0,1,0,0,9,1,0
2097,184,18,35000,Balanced,2025-05-15,7,Electronics,Netflix,4130.65,UPI,Tablet,0,0,0,1,0,5,2,0
2098,71,27,25000,Balanced,2025-04-21,8,Travel,Paytm,4599.16,Credit Card,Desktop,0,0,1,0,0,6,5,1
2099,262,43,25000,Balanced,2025-03-05,22,Fashion,Swiggy,2883.09,UPI,Mobile,1,1,1,1,0,7,4,1
2100,329,36,35000,Balanced,2025-06-10,19,Electronics,BigBasket,5871.4,Credit Card,Tablet,0,0,1,1,0,9,5,1
2101,346,19,75000,Balanced,2025-03-27,23,Education,Flipkart,2208.16,Credit Card,Mobile,0,1,1,0,1,4,2,1
2102,150,33,15000,Conservative,2025-02-15,16,Investment,Uber,5157.41,Credit Card,Mobile,0,0,0,1,0,8,6,0
2103,95,31,100000,Aggressive,2025-09-06,20,Entertainment,Uber,1118.61,UPI,Desktop,0,0,1,0,1,7,0,0
2104,68,26,50000,Conservative,2025-03-11,11,Electronics,Groww,9948.7,Debit Card,Tablet,0,0,0,0,0,6,3,0
2105,24,32,50000,Conservative,2025-12-01,17,Rent,Netflix,17020.91,BNPL,Mobile,1,0,1,0,0,2,10,1
2106,282,36,35000,Balanced,2025-10-07,11,Food Delivery,Amazon,100.0,UPI,Mobile,0,0,0,0,1,2,0,0
2107,360,19,35000,Balanced,2025-03-26,5,Electronics,Zomato,10763.84,Credit Card,Mobile,0,0,0,0,0,9,8,1
2108,226,20,35000,Aggressive,2025-08-12,4,Utilities,Groww,2216.59,UPI,Mobile,0,0,0,0,1,5,1,0
2109,144,43,50000,Conservative,2025-03-22,11,Travel,Croma,7790.42,UPI,Mobile,0,0,0,0,0,1,3,0
2110,54,34,25000,Conservative,2025-05-09,22,EMI,BigBasket,2897.55,Debit Card,Desktop,0,1,0,0,0,1,2,0
2111,344,40,50000,Conservative,2025-01-01,11,Electronics,Netflix,16684.63,UPI,Desktop,1,0,0,0,1,1,8,1
2112,226,20,35000,Aggressive,2025-09-07,20,Rent,BigBasket,8534.56,UPI,Mobile,0,0,0,0,1,8,4,0
2113,10,32,35000,Balanced,2025-10-08,13,Travel,Uber,7288.56,UPI,Desktop,0,0,0,0,0,4,4,0
2114,482,42,25000,Balanced,2025-10-03,19,EMI,Zomato,6949.23,Credit Card,Mobile,1,0,0,0,1,3,7,1
2115,85,20,50000,Balanced,2025-07-03,12,Entertainment,Myntra,459.95,UPI,Mobile,1,0,0,0,0,4,0,0
2116,291,40,15000,Conservative,2025-12-07,10,Investment,Flipkart,3552.35,Debit Card,Desktop,0,0,0,0,1,9,4,0
2117,26,18,15000,Balanced,2025-04-08,2,Travel,BigBasket,6008.77,UPI,Desktop,0,1,1,1,0,2,10,1
2118,396,41,25000,Conservative,2025-02-18,3,Electronics,Myntra,13106.74,BNPL,Mobile,0,0,0,0,1,4,10,1
2119,440,25,25000,Conservative,2025-12-02,22,Utilities,Amazon,787.81,Credit Card,Mobile,1,1,0,1,0,2,2,1
2120,400,39,25000,Balanced,2025-12-20,20,Travel,Flipkart,13219.25,Debit Card,Tablet,0,0,0,0,0,9,10,0
2121,362,39,15000,Aggressive,2025-05-16,16,Fashion,BigBasket,3084.25,Credit Card,Mobile,0,0,0,1,0,3,6,1
2122,124,38,35000,Balanced,2025-07-05,4,Groceries,Swiggy,731.0,Credit Card,Desktop,1,0,0,0,1,9,0,0
2123,385,38,50000,Balanced,2025-11-20,7,Fashion,Uber,2570.92,BNPL,Tablet,0,0,0,0,0,4,6,1
2124,202,34,35000,Balanced,2025-12-24,17,EMI,PhonePe,2589.91,UPI,Mobile,0,0,0,0,0,6,1,0
2125,164,28,50000,Aggressive,2025-08-23,16,Food Delivery,Paytm,445.9,Credit Card,Mobile,0,0,0,0,0,6,0,0
2126,455,21,15000,Conservative,2025-06-22,8,Utilities,Croma,1818.52,UPI,Mobile,0,0,0,0,1,7,2,0
2127,8,29,15000,Balanced,2025-05-19,12,Travel,PhonePe,2834.95,Credit Card,Desktop,0,0,0,0,1,7,3,0
2128,11,36,25000,Aggressive,2025-01-16,3,Travel,Flipkart,9622.96,Cash,Desktop,0,0,1,0,1,8,7,0
2129,444,28,100000,Balanced,2025-03-11,6,Travel,Flipkart,4952.22,UPI,Mobile,0,0,0,1,0,5,0,0
2130,20,35,50000,Aggressive,2025-03-14,22,Entertainment,BigBasket,530.2,BNPL,Mobile,0,1,0,0,0,8,5,1
2131,336,40,25000,Conservative,2025-03-31,18,Fashion,BigBasket,1881.95,UPI,Mobile,0,0,0,0,0,4,1,0
2132,28,28,25000,Balanced,2025-07-30,9,Electronics,BigBasket,4555.96,Credit Card,Mobile,0,0,0,0,0,3,5,1
2133,211,44,35000,Conservative,2025-10-28,4,Entertainment,PhonePe,999.06,UPI,Mobile,0,0,1,1,0,10,0,0
2134,21,21,35000,Aggressive,2025-09-19,1,Electronics,BigBasket,5774.38,UPI,Mobile,0,1,0,1,0,4,5,1
2135,122,43,25000,Conservative,2025-12-25,13,Fashion,Groww,3084.33,BNPL,Mobile,0,0,1,0,0,4,7,1
2136,494,30,15000,Aggressive,2025-04-24,0,EMI,Paytm,3189.93,Credit Card,Mobile,0,1,1,0,0,5,6,1
2137,218,40,35000,Balanced,2025-11-19,4,EMI,Croma,7995.24,UPI,Mobile,0,0,0,1,0,7,4,0
2138,146,38,25000,Aggressive,2025-08-20,19,Food Delivery,Netflix,278.88,UPI,Mobile,0,0,1,0,0,4,2,1
2139,466,37,50000,Balanced,2025-01-31,21,Education,PhonePe,3264.38,BNPL,Mobile,0,0,0,0,1,10,4,0
2140,87,39,25000,Aggressive,2025-11-22,22,Education,Swiggy,3991.02,UPI,Mobile,0,1,1,0,0,6,5,1
2141,338,20,75000,Balanced,2025-11-09,21,Health,Netflix,3289.5,UPI,Mobile,0,0,0,1,0,1,0,0
2142,218,40,35000,Balanced,2025-11-15,19,Fashion,Uber,939.15,BNPL,Desktop,0,0,0,0,0,5,3,0
2143,45,29,25000,Aggressive,2025-02-05,5,Travel,Swiggy,6347.45,UPI,Mobile,1,0,0,1,0,4,5,0
2144,383,42,35000,Conservative,2025-02-25,22,Travel,Groww,8207.31,BNPL,Desktop,0,1,1,0,0,9,9,1
2145,360,19,35000,Balanced,2025-01-20,20,Groceries,Flipkart,1537.48,Credit Card,Mobile,0,0,0,0,0,10,0,0
2146,466,37,50000,Balanced,2025-11-12,10,Utilities,Uber,1678.27,UPI,Mobile,0,0,1,0,0,3,0,0
2147,480,31,35000,Balanced,2025-03-23,20,Investment,Netflix,2596.0,UPI,Mobile,0,0,0,0,0,1,1,0
2148,242,23,35000,Conservative,2025-07-06,13,Investment,Croma,6569.59,UPI,Mobile,0,0,1,0,0,1,5,1
2149,234,33,15000,Conservative,2025-04-17,23,Travel,Zomato,14418.06,Debit Card,Mobile,0,1,0,0,0,5,10,0
2150,11,36,25000,Aggressive,2025-10-12,21,Fashion,Groww,3432.16,Credit Card,Mobile,0,0,1,0,0,3,4,1
2151,162,38,35000,Conservative,2025-01-18,0,EMI,Uber,7730.03,Debit Card,Desktop,0,1,0,1,0,3,6,1
2152,130,43,35000,Balanced,2025-05-28,19,Electronics,Myntra,7668.55,Cash,Desktop,0,0,0,0,1,8,4,0
2153,430,26,15000,Aggressive,2025-07-14,6,Travel,Zomato,9192.85,UPI,Desktop,0,0,1,1,0,8,10,0
2154,401,33,35000,Aggressive,2025-03-05,12,Electronics,Uber,15133.91,Credit Card,Desktop,1,0,0,0,0,6,10,1
2155,368,21,50000,Conservative,2025-06-29,19,Groceries,Groww,1673.86,UPI,Desktop,0,0,1,0,0,10,0,0
2156,495,43,25000,Conservative,2025-02-17,14,Utilities,Netflix,438.92,BNPL,Mobile,0,0,1,0,0,4,5,1
2157,305,22,75000,Balanced,2025-05-07,22,Education,Uber,4664.2,Debit Card,Mobile,0,1,1,0,0,8,1,0
2158,276,18,50000,Balanced,2025-01-27,21,Travel,Groww,2508.23,Debit Card,Mobile,0,0,0,0,0,6,1,0
2159,213,31,50000,Conservative,2025-10-03,4,EMI,Zomato,9099.21,UPI,Mobile,1,0,0,1,0,3,3,0
2160,23,25,50000,Balanced,2025-01-15,2,EMI,Netflix,5861.44,Debit Card,Mobile,0,1,1,1,0,6,2,0
2161,337,25,15000,Balanced,2025-08-08,14,Entertainment,PhonePe,1385.28,UPI,Mobile,0,0,1,0,0,8,1,0
2162,12,42,15000,Balanced,2025-02-04,23,Food Delivery,Croma,328.61,Credit Card,Mobile,1,1,0,0,0,2,2,1
2163,59,19,35000,Balanced,2025-07-11,21,Food Delivery,Zomato,406.52,UPI,Mobile,0,0,1,1,0,1,2,1
2164,301,43,75000,Conservative,2025-04-05,3,Travel,Groww,7736.33,Debit Card,Desktop,1,0,0,0,0,8,2,0
2165,27,18,25000,Conservative,2025-03-29,16,Utilities,Netflix,1411.15,Credit Card,Mobile,0,0,0,1,0,8,1,0
2166,167,27,25000,Aggressive,2025-08-09,14,Food Delivery,Groww,294.39,UPI,Mobile,0,0,0,1,0,9,0,0
2167,87,39,25000,Aggressive,2025-05-01,19,EMI,Croma,8133.59,Credit Card,Mobile,1,0,1,0,0,10,8,1
2168,144,43,50000,Conservative,2025-11-16,3,Groceries,Zomato,806.41,Credit Card,Mobile,0,0,0,1,0,7,0,0
2169,44,42,15000,Balanced,2025-03-08,20,Utilities,Paytm,1718.43,UPI,Mobile,0,0,0,0,1,9,2,0
2170,453,19,25000,Balanced,2025-11-26,15,Education,Croma,3304.9,UPI,Mobile,0,0,0,0,0,4,2,0
2171,142,31,15000,Conservative,2025-10-20,12,Entertainment,Zomato,1110.97,BNPL,Mobile,0,0,0,0,0,2,6,1
2172,169,36,35000,Aggressive,2025-12-14,18,Travel,Flipkart,12067.06,Credit Card,Mobile,0,0,0,1,0,8,6,0
2173,39,24,35000,Balanced,2025-07-14,10,Entertainment,Netflix,821.96,Cash,Desktop,0,0,0,1,1,10,0,0
2174,92,34,15000,Aggressive,2025-06-16,11,Investment,Groww,5787.22,Debit Card,Tablet,0,0,1,1,0,1,9,1
2175,376,43,35000,Conservative,2025-10-23,3,Groceries,Flipkart,628.22,Cash,Mobile,0,0,0,1,0,10,0,0
2176,90,32,35000,Conservative,2025-10-29,5,Entertainment,PhonePe,489.37,Debit Card,Desktop,0,0,0,1,0,4,0,0
2177,293,18,15000,Balanced,2025-10-07,8,Electronics,Paytm,10742.1,UPI,Mobile,0,0,0,0,0,3,10,1
2178,124,38,35000,Balanced,2025-02-05,5,Fashion,Zomato,2244.03,Debit Card,Mobile,1,0,0,0,1,6,1,0
2179,493,18,35000,Conservative,2025-01-29,17,Education,Croma,1533.37,UPI,Mobile,0,0,1,0,0,5,0,0
2180,2,25,35000,Conservative,2025-06-07,14,Utilities,Flipkart,1443.9,UPI,Mobile,0,0,1,0,0,9,0,0
2181,190,22,100000,Aggressive,2025-01-31,3,Health,Croma,1391.48,BNPL,Tablet,0,0,0,0,1,8,3,0
2182,79,25,35000,Conservative,2025-05-15,13,Travel,Myntra,7754.57,UPI,Mobile,0,0,0,0,0,5,4,0
2183,287,25,50000,Conservative,2025-12-21,21,Fashion,Croma,2927.39,UPI,Mobile,0,0,0,0,0,10,1,0
2184,442,42,75000,Conservative,2025-12-14,14,Rent,Groww,5460.95,UPI,Mobile,0,0,0,1,0,7,1,0
2185,63,23,25000,Aggressive,2025-12-13,6,Entertainment,Groww,693.81,Credit Card,Mobile,0,0,0,0,0,7,0,0
2186,155,39,25000,Conservative,2025-05-30,22,Rent,Netflix,10552.76,BNPL,Mobile,0,1,1,0,0,4,10,1
2187,195,42,35000,Aggressive,2025-07-31,7,Health,Zomato,2019.02,Debit Card,Desktop,0,0,0,0,1,9,1,0
2188,35,32,50000,Balanced,2025-02-03,18,Food Delivery,Croma,100.0,Debit Card,Desktop,1,0,1,0,0,6,0,0
2189,78,28,75000,Balanced,2025-10-18,15,Education,Amazon,973.78,Debit Card,Mobile,0,0,0,0,0,4,0,0
2190,114,38,25000,Aggressive,2025-06-11,21,Travel,Uber,8460.21,UPI,Mobile,0,0,0,0,0,10,6,0
2191,86,29,35000,Balanced,2025-07-17,17,Fashion,Netflix,3866.07,Debit Card,Mobile,0,0,1,0,0,4,4,1
2192,77,39,50000,Balanced,2025-04-27,23,Investment,Netflix,4356.08,Debit Card,Mobile,0,1,0,0,1,9,1,0
2193,221,19,35000,Conservative,2025-06-12,14,Electronics,Groww,16524.72,UPI,Mobile,0,0,0,0,1,1,10,1
2194,334,40,100000,Aggressive,2025-11-27,16,EMI,Myntra,8003.76,Credit Card,Mobile,0,0,1,1,1,5,3,1
2195,2,25,35000,Conservative,2025-06-14,17,Groceries,Flipkart,1593.78,Debit Card,Desktop,0,0,1,1,0,8,0,0
2196,325,30,25000,Balanced,2025-05-25,13,Education,Croma,1145.04,UPI,Mobile,0,0,0,1,1,2,0,0
2197,483,38,25000,Balanced,2025-01-20,11,Investment,BigBasket,4967.69,Debit Card,Mobile,0,0,0,0,0,8,3,0
2198,488,23,75000,Balanced,2025-02-12,21,Travel,Myntra,5290.44,UPI,Mobile,0,0,0,0,0,7,1,0
2199,59,19,35000,Balanced,2025-04-26,9,Education,Flipkart,3567.93,Credit Card,Mobile,0,0,0,1,0,9,2,0
2200,368,21,50000,Conservative,2025-02-03,17,Entertainment,Myntra,834.44,Credit Card,Mobile,1,0,0,0,0,2,2,1
2201,428,21,35000,Conservative,2025-11-20,2,Education,Flipkart,2497.52,Credit Card,Mobile,0,1,0,0,0,2,3,1
2202,430,26,15000,Aggressive,2025-07-23,21,Electronics,Swiggy,364.48,UPI,Mobile,0,0,0,0,0,2,0,0
2203,215,35,35000,Conservative,2025-12-21,13,Investment,Flipkart,1492.49,BNPL,Desktop,0,0,0,0,1,7,3,0
2204,244,24,25000,Conservative,2025-11-01,14,Entertainment,Zomato,689.07,Debit Card,Mobile,1,0,0,0,0,7,0,0
2205,83,21,25000,Conservative,2025-05-06,4,Travel,Myntra,8569.19,Cash,Desktop,0,0,0,1,0,10,6,0
2206,353,40,50000,Balanced,2025-03-19,11,Health,BigBasket,1387.06,Credit Card,Mobile,0,0,0,1,0,1,0,0
2207,14,42,100000,Aggressive,2025-10-23,9,Investment,Swiggy,5064.19,Credit Card,Mobile,0,0,0,0,0,2,1,0
2208,238,31,35000,Balanced,2025-12-25,22,Health,Netflix,208.79,Credit Card,Mobile,0,1,0,0,0,5,0,0
2209,70,42,15000,Aggressive,2025-12-10,19,Travel,Zomato,9098.97,BNPL,Mobile,0,0,0,0,0,5,10,0
2210,357,43,35000,Conservative,2025-09-29,13,Education,Flipkart,1717.52,UPI,Mobile,0,0,0,0,1,1,0,0
2211,311,18,75000,Balanced,2025-11-16,12,Travel,Myntra,8204.94,Credit Card,Tablet,0,0,0,0,0,5,2,0
2212,7,18,25000,Balanced,2025-03-24,23,Investment,Uber,4991.12,UPI,Mobile,0,1,0,0,1,4,5,1
2213,470,37,25000,Conservative,2025-08-28,15,EMI,Flipkart,6129.77,UPI,Desktop,0,0,1,0,0,9,4,0
2214,400,39,25000,Balanced,2025-11-11,15,Utilities,Netflix,1654.67,UPI,Mobile,0,0,1,0,0,3,1,0
2215,202,34,35000,Balanced,2025-02-06,0,Groceries,Amazon,1086.34,BNPL,Mobile,0,1,1,0,0,3,5,1
2216,29,20,50000,Conservative,2025-01-16,2,Food Delivery,Uber,324.42,UPI,Mobile,0,1,1,1,0,10,2,1
2217,478,29,15000,Aggressive,2025-02-22,2,Education,Zomato,2976.57,Credit Card,Mobile,0,1,0,0,1,4,5,1
2218,266,23,35000,Conservative,2025-07-03,6,EMI,Uber,8727.47,Credit Card,Mobile,1,0,0,0,0,8,4,0
2219,266,23,35000,Conservative,2025-09-22,0,Health,Croma,3059.61,Debit Card,Mobile,0,1,0,0,0,4,1,0
2220,309,18,15000,Aggressive,2025-06-06,22,Entertainment,Croma,1120.07,BNPL,Mobile,0,1,1,0,0,1,6,1
2221,378,28,35000,Balanced,2025-10-20,18,Fashion,PhonePe,1456.43,Credit Card,Mobile,0,0,0,1,0,8,0,0
2222,435,33,50000,Conservative,2025-08-22,21,Education,Paytm,1804.98,UPI,Mobile,0,0,0,0,0,3,0,0
2223,93,31,75000,Conservative,2025-07-27,21,Health,Amazon,1972.29,Debit Card,Mobile,0,0,1,1,0,1,0,0
2224,410,35,25000,Conservative,2025-01-16,19,Electronics,Flipkart,12124.19,UPI,Mobile,0,0,0,0,0,5,9,0
2225,161,40,50000,Conservative,2025-02-13,4,Food Delivery,Myntra,255.77,Credit Card,Mobile,0,0,0,1,0,6,0,0
2226,101,19,25000,Conservative,2025-10-29,3,Rent,Amazon,17446.79,UPI,Mobile,0,0,0,1,0,9,10,0
2227,85,20,50000,Balanced,2025-06-12,15,Investment,Netflix,679.08,UPI,Desktop,0,0,1,0,0,5,0,0
2228,333,36,35000,Balanced,2025-11-24,19,Entertainment,Uber,390.23,UPI,Desktop,0,0,0,0,0,10,0,0
2229,21,21,35000,Aggressive,2025-07-17,19,Rent,Paytm,13085.16,UPI,Mobile,0,0,0,1,0,2,7,0
2230,432,22,50000,Conservative,2025-05-03,14,Rent,Zomato,11208.37,BNPL,Mobile,1,0,0,0,1,5,7,0
2231,498,34,100000,Conservative,2025-09-04,0,Electronics,Groww,6132.32,UPI,Mobile,1,1,0,1,0,4,3,1
2232,294,32,50000,Conservative,2025-08-05,10,Groceries,Myntra,1194.46,UPI,Mobile,1,0,0,0,0,7,0,0
2233,312,25,35000,Conservative,2025-04-14,22,Fashion,Groww,3242.43,UPI,Mobile,0,1,0,1,1,2,3,1
2234,385,38,50000,Balanced,2025-02-19,18,Fashion,Flipkart,2111.39,UPI,Mobile,0,0,0,0,0,2,0,0
2235,106,24,35000,Balanced,2025-09-23,6,Education,Zomato,2444.12,Cash,Mobile,0,0,1,1,0,2,1,0
2236,339,25,15000,Conservative,2025-04-25,2,Electronics,Uber,11195.93,Debit Card,Mobile,0,1,0,0,0,6,10,1
2237,76,33,50000,Aggressive,2025-06-05,22,Groceries,Flipkart,1388.88,UPI,Desktop,1,1,0,0,0,2,0,0
2238,425,35,35000,Aggressive,2025-11-24,8,Education,Amazon,3970.46,Debit Card,Desktop,0,0,0,0,1,9,2,0
2239,392,36,75000,Aggressive,2025-11-06,12,Utilities,Croma,399.14,Credit Card,Desktop,0,0,0,1,0,5,0,0
2240,427,41,50000,Conservative,2025-02-05,4,Entertainment,Myntra,1524.39,UPI,Mobile,1,0,0,0,1,2,0,0
2241,422,22,15000,Aggressive,2025-11-08,5,Utilities,Swiggy,2006.03,Credit Card,Mobile,0,0,1,0,1,10,2,0
2242,342,38,35000,Conservative,2025-01-09,23,Travel,Croma,9545.02,Debit Card,Mobile,0,1,0,0,0,1,7,1
2243,200,30,15000,Conservative,2025-07-20,17,Food Delivery,Paytm,649.04,UPI,Desktop,0,0,0,0,0,5,0,0
2244,193,30,75000,Aggressive,2025-03-10,13,Food Delivery,Myntra,410.2,Credit Card,Desktop,0,0,1,0,0,9,2,1
2245,147,41,50000,Aggressive,2025-03-14,19,Utilities,Flipkart,2317.06,BNPL,Mobile,0,0,0,0,0,4,3,0
2246,314,38,35000,Conservative,2025-07-28,4,Food Delivery,Swiggy,490.72,Cash,Mobile,0,0,0,0,0,2,0,0
2247,124,38,35000,Balanced,2025-09-09,7,Health,Paytm,3044.23,UPI,Mobile,0,0,0,0,0,3,1,0
2248,452,36,50000,Balanced,2025-10-12,6,Rent,Groww,6507.43,Credit Card,Desktop,0,0,0,1,1,5,2,0
2249,426,20,50000,Conservative,2025-06-06,17,EMI,Flipkart,7908.63,Credit Card,Desktop,0,0,1,0,0,8,5,1
2250,162,38,35000,Conservative,2025-03-19,7,Groceries,BigBasket,1752.76,UPI,Mobile,0,0,0,1,0,7,1,0
2251,432,22,50000,Conservative,2025-10-13,20,Electronics,Paytm,10018.03,UPI,Mobile,0,0,0,0,0,4,6,1
2252,92,34,15000,Aggressive,2025-03-28,4,Fashion,Netflix,1725.51,Credit Card,Desktop,0,0,0,0,0,3,4,1
2253,241,32,15000,Aggressive,2025-01-07,17,Groceries,Netflix,1299.52,UPI,Mobile,0,0,0,1,0,1,1,0
2254,457,39,25000,Balanced,2025-04-09,8,Investment,Amazon,5959.68,UPI,Mobile,0,0,0,0,0,1,4,0
2255,41,30,35000,Conservative,2025-08-04,7,Utilities,Paytm,748.36,UPI,Mobile,1,0,0,1,0,4,0,0
2256,437,36,50000,Conservative,2025-10-13,11,Fashion,PhonePe,2295.02,Debit Card,Mobile,0,0,0,1,1,9,0,0
2257,37,44,35000,Balanced,2025-09-29,5,EMI,Zomato,5816.3,UPI,Mobile,0,0,0,1,1,10,3,0
2258,123,39,50000,Balanced,2025-06-27,6,Entertainment,Amazon,1732.11,Debit Card,Mobile,0,0,0,0,0,3,0,0
2259,174,20,25000,Balanced,2025-10-29,23,Education,Amazon,3825.46,BNPL,Mobile,0,1,0,1,0,2,8,1
2260,105,42,35000,Conservative,2025-04-21,18,Rent,Amazon,14536.27,Debit Card,Mobile,0,0,0,1,0,10,8,0
2261,367,39,50000,Conservative,2025-09-03,1,Entertainment,Myntra,689.41,UPI,Mobile,1,1,0,0,0,9,0,0
2262,101,19,25000,Conservative,2025-12-22,20,Utilities,Amazon,2378.26,Credit Card,Desktop,0,0,1,0,0,4,3,1
2263,167,27,25000,Aggressive,2025-03-24,16,Rent,Myntra,5418.07,BNPL,Mobile,0,0,1,0,0,1,9,1
2264,127,39,15000,Conservative,2025-02-26,15,Health,Paytm,1203.99,Credit Card,Mobile,0,0,0,1,0,5,1,0
2265,340,31,35000,Aggressive,2025-02-20,13,Electronics,BigBasket,13902.17,Debit Card,Mobile,0,0,0,1,0,3,9,1
2266,405,34,35000,Balanced,2025-05-28,15,Food Delivery,Groww,469.83,Credit Card,Desktop,0,0,1,0,0,7,2,1
2267,323,26,15000,Balanced,2025-09-01,8,Food Delivery,Myntra,103.84,UPI,Mobile,1,0,1,0,0,1,2,1
2268,149,41,50000,Aggressive,2025-04-20,16,Utilities,BigBasket,3007.27,Credit Card,Mobile,0,0,0,1,1,5,1,0
2269,438,19,35000,Aggressive,2025-12-08,10,Travel,Myntra,8544.0,UPI,Mobile,0,0,1,0,0,8,4,0
2270,270,25,50000,Conservative,2025-03-28,2,Investment,Swiggy,3618.61,UPI,Mobile,0,1,1,1,0,1,3,1
2271,396,41,25000,Conservative,2025-04-21,1,Groceries,Groww,428.56,UPI,Mobile,0,1,1,0,1,2,2,1
2272,123,39,50000,Balanced,2025-08-28,16,Electronics,Netflix,11050.0,UPI,Mobile,0,0,0,0,1,4,6,1
2273,263,23,100000,Balanced,2025-10-18,7,Utilities,PhonePe,2864.36,Debit Card,Mobile,0,0,0,1,0,2,0,0
2274,74,29,35000,Aggressive,2025-08-01,0,Investment,Amazon,3674.86,Cash,Mobile,1,1,0,0,0,9,2,0
2275,98,35,35000,Aggressive,2025-10-04,1,Health,Croma,1688.62,UPI,Mobile,1,1,0,1,0,10,0,0
2276,350,19,75000,Conservative,2025-12-25,1,Groceries,Zomato,1296.15,Credit Card,Tablet,0,1,0,0,0,8,0,0
2277,17,25,15000,Aggressive,2025-05-11,7,Electronics,Myntra,13259.59,Cash,Desktop,0,0,0,0,1,10,10,0
2278,295,41,35000,Balanced,2025-02-09,0,Fashion,Netflix,2083.25,Debit Card,Mobile,0,1,0,0,0,10,1,0
2279,327,34,15000,Balanced,2025-07-30,0,Utilities,Netflix,1658.96,Credit Card,Mobile,0,1,1,1,0,5,4,1
2280,193,30,75000,Aggressive,2025-04-20,10,Rent,Myntra,11468.88,UPI,Mobile,0,0,0,1,0,8,3,0
2281,78,28,75000,Balanced,2025-12-22,12,EMI,Uber,5897.17,UPI,Mobile,0,0,1,1,0,5,1,0
2282,228,35,25000,Conservative,2025-01-19,20,Entertainment,Swiggy,628.2,Debit Card,Mobile,0,0,0,0,0,1,0,0
2283,32,33,25000,Balanced,2025-09-11,5,Entertainment,Amazon,612.17,Cash,Mobile,0,0,1,1,0,7,0,0
2284,189,43,25000,Conservative,2025-07-21,23,Food Delivery,Amazon,193.79,UPI,Mobile,0,1,0,0,0,5,0,0
2285,82,33,100000,Conservative,2025-08-30,20,EMI,Swiggy,2568.76,UPI,Mobile,0,0,0,0,0,9,0,0
2286,403,44,75000,Balanced,2025-02-13,11,EMI,PhonePe,4499.74,Debit Card,Mobile,0,0,0,1,0,9,1,0
2287,115,24,15000,Conservative,2025-02-12,12,Rent,Flipkart,23398.07,Debit Card,Mobile,0,0,0,0,0,7,10,0
2288,70,42,15000,Aggressive,2025-09-30,19,Rent,Paytm,5001.55,UPI,Mobile,0,0,0,1,0,1,6,0
2289,494,30,15000,Aggressive,2025-08-11,18,Rent,Uber,12809.97,Debit Card,Desktop,0,0,1,0,0,8,10,0
2290,230,29,25000,Conservative,2025-10-03,22,Education,PhonePe,3676.59,Debit Card,Tablet,1,1,0,0,1,3,2,0
2291,126,29,35000,Conservative,2025-04-04,13,EMI,Myntra,7492.17,UPI,Mobile,1,0,1,1,0,8,4,0
2292,166,23,15000,Balanced,2025-11-15,0,Investment,BigBasket,5612.55,UPI,Mobile,0,1,0,0,0,5,7,0
2293,233,32,35000,Conservative,2025-07-24,11,Food Delivery,Amazon,321.87,UPI,Desktop,0,0,1,1,0,7,0,0
2294,415,23,100000,Aggressive,2025-07-02,4,Education,Groww,2806.44,Credit Card,Mobile,1,0,0,0,0,7,0,0
2295,357,43,35000,Conservative,2025-05-31,2,EMI,Groww,7289.33,Debit Card,Mobile,0,1,0,0,1,7,4,0
2296,291,40,15000,Conservative,2025-07-24,11,EMI,PhonePe,4265.25,Debit Card,Mobile,0,0,1,0,1,8,5,0
2297,346,19,75000,Balanced,2025-09-02,14,Groceries,Groww,928.79,Debit Card,Desktop,1,0,0,0,0,1,0,0
2298,37,44,35000,Balanced,2025-02-08,11,EMI,Paytm,6651.24,UPI,Mobile,0,0,1,0,0,10,3,0
2299,52,32,25000,Conservative,2025-07-08,17,Investment,Paytm,1694.28,Credit Card,Mobile,0,0,0,1,1,1,3,1
2300,291,40,15000,Conservative,2025-01-21,1,Rent,Groww,14971.17,Credit Card,Mobile,0,1,1,0,0,10,10,1
2301,201,18,15000,Conservative,2025-11-06,4,Groceries,PhonePe,1069.17,Cash,Mobile,0,0,0,0,0,8,1,0
2302,110,39,25000,Conservative,2025-11-15,12,Groceries,Swiggy,1245.55,UPI,Desktop,0,0,1,1,0,1,0,0
2303,462,36,25000,Conservative,2025-01-03,18,Electronics,Myntra,19234.41,BNPL,Mobile,1,0,0,1,1,3,10,1
2304,120,22,25000,Conservative,2025-11-04,1,Groceries,Zomato,1537.46,Debit Card,Mobile,1,1,0,1,1,2,3,1
2305,83,21,25000,Conservative,2025-04-29,11,Groceries,Groww,135.01,UPI,Mobile,0,0,0,0,0,4,0,0
2306,253,18,15000,Conservative,2025-01-21,13,Rent,Myntra,7555.11,Debit Card,Mobile,0,0,0,0,1,7,10,0
2307,396,41,25000,Conservative,2025-06-01,11,Education,Swiggy,4886.26,UPI,Mobile,1,0,0,0,1,4,3,0
2308,308,25,50000,Aggressive,2025-08-26,8,Food Delivery,Zomato,736.69,BNPL,Mobile,0,0,1,1,0,5,5,1
2309,381,29,25000,Conservative,2025-04-01,1,Travel,Groww,5348.51,Credit Card,Mobile,1,1,1,0,0,9,6,1
2310,63,23,25000,Aggressive,2025-05-18,19,Travel,Paytm,8089.81,UPI,Desktop,0,0,0,1,0,1,6,0
2311,436,34,15000,Aggressive,2025-10-25,7,Food Delivery,Amazon,153.89,UPI,Desktop,0,0,0,0,0,7,0,0
2312,375,44,35000,Conservative,2025-12-04,23,Travel,Zomato,10626.32,UPI,Desktop,1,1,0,0,0,10,6,0
2313,375,44,35000,Conservative,2025-10-24,13,Entertainment,Croma,561.01,UPI,Mobile,0,0,0,0,0,10,0,0
2314,83,21,25000,Conservative,2025-04-21,2,Travel,PhonePe,6974.83,Credit Card,Mobile,0,1,0,1,0,7,7,1
2315,289,24,35000,Aggressive,2025-06-16,19,Food Delivery,Netflix,479.77,Debit Card,Desktop,0,0,0,0,0,4,0,0
2316,470,37,25000,Conservative,2025-03-09,3,Investment,Uber,6250.65,UPI,Mobile,0,0,0,0,0,9,5,0
2317,249,25,35000,Balanced,2025-12-31,1,Entertainment,Uber,618.44,UPI,Desktop,0,1,1,1,1,8,2,1
2318,163,43,35000,Aggressive,2025-03-12,11,Food Delivery,Uber,417.07,UPI,Tablet,0,0,0,1,0,2,0,0
2319,406,42,35000,Conservative,2025-05-17,17,Travel,Groww,6910.78,Cash,Mobile,0,0,0,1,1,2,5,1
2320,413,41,15000,Aggressive,2025-04-20,5,Health,Amazon,1506.64,BNPL,Mobile,0,0,0,1,0,8,5,0
2321,153,42,25000,Conservative,2025-06-07,19,Utilities,Croma,744.47,UPI,Desktop,0,0,1,0,0,6,0,0
2322,193,30,75000,Aggressive,2025-12-23,4,Investment,Netflix,4267.68,UPI,Desktop,0,0,0,0,0,1,1,0
2323,168,19,15000,Conservative,2025-08-10,13,EMI,Paytm,4823.65,Credit Card,Mobile,0,0,1,0,0,9,8,1
2324,108,31,75000,Conservative,2025-05-24,6,Rent,Myntra,16456.46,UPI,Mobile,0,0,0,0,0,7,4,0
2325,167,27,25000,Aggressive,2025-05-21,10,Rent,BigBasket,19640.01,Debit Card,Mobile,0,0,0,1,1,8,10,0
2326,268,23,25000,Conservative,2025-04-10,0,EMI,Flipkart,8231.57,Credit Card,Mobile,0,1,0,0,1,8,8,1
2327,355,19,35000,Conservative,2025-07-14,6,Rent,Flipkart,14209.1,Credit Card,Mobile,0,0,0,0,0,10,8,0
2328,281,25,35000,Balanced,2025-09-10,23,Health,Amazon,2315.46,UPI,Mobile,0,1,0,0,1,9,1,0
2329,267,21,25000,Balanced,2025-03-28,14,Rent,Uber,16585.1,Debit Card,Desktop,0,0,1,1,0,2,10,1
2330,213,31,50000,Conservative,2025-03-07,1,Electronics,Flipkart,17112.35,BNPL,Desktop,0,1,1,1,0,10,10,1
2331,44,42,15000,Balanced,2025-08-05,15,Investment,Myntra,6000.02,Credit Card,Desktop,1,0,1,0,1,4,10,1
2332,401,33,35000,Aggressive,2025-07-11,5,Fashion,BigBasket,3422.21,Debit Card,Mobile,0,0,0,1,1,8,1,0
2333,281,25,35000,Balanced,2025-11-30,23,Travel,PhonePe,2189.17,UPI,Mobile,0,1,1,0,0,4,3,1
2334,354,36,35000,Balanced,2025-03-05,2,Entertainment,PhonePe,399.93,UPI,Desktop,1,1,0,1,0,4,2,1
2335,78,28,75000,Balanced,2025-12-21,4,Investment,Amazon,2616.49,UPI,Tablet,0,0,0,1,0,7,0,0
2336,125,22,35000,Balanced,2025-05-01,7,Travel,PhonePe,2533.75,Debit Card,Desktop,1,0,1,0,1,6,1,0
2337,387,42,35000,Balanced,2025-10-12,17,Food Delivery,Flipkart,390.41,Credit Card,Mobile,0,0,0,0,1,3,2,1
2338,415,23,100000,Aggressive,2025-05-27,10,Utilities,BigBasket,1971.2,UPI,Mobile,0,0,0,0,0,10,0,0
2339,118,27,25000,Balanced,2025-07-27,2,Health,PhonePe,924.38,BNPL,Mobile,0,1,0,0,1,3,5,1
2340,363,23,50000,Conservative,2025-06-23,3,Electronics,Paytm,15957.0,Credit Card,Desktop,0,0,0,0,0,7,8,1
2341,497,32,25000,Conservative,2025-06-03,16,Rent,BigBasket,19811.55,Credit Card,Mobile,1,0,0,0,0,8,10,0
2342,252,44,100000,Balanced,2025-05-18,18,Travel,Myntra,12915.46,UPI,Mobile,0,0,0,0,1,10,2,0
2343,92,34,15000,Aggressive,2025-12-19,18,Education,Uber,2517.22,UPI,Mobile,0,0,0,1,1,1,5,1
2344,433,32,15000,Balanced,2025-01-28,4,Travel,Groww,7801.15,UPI,Desktop,0,0,0,0,0,10,10,0
2345,393,40,50000,Balanced,2025-08-14,22,Health,Paytm,1734.76,UPI,Desktop,0,1,0,0,0,1,0,0
2346,437,36,50000,Conservative,2025-07-09,23,Entertainment,Zomato,672.62,Credit Card,Mobile,0,1,0,0,1,5,2,1
2347,458,44,75000,Aggressive,2025-02-22,23,Travel,Amazon,6817.1,Credit Card,Desktop,0,1,0,0,0,6,1,0
2348,208,25,15000,Balanced,2025-07-17,5,Groceries,BigBasket,1309.88,BNPL,Mobile,0,0,0,1,1,1,6,1
2349,382,44,100000,Balanced,2025-08-22,13,Rent,Groww,4070.0,UPI,Mobile,0,0,1,0,1,5,0,0
2350,494,30,15000,Aggressive,2025-05-31,17,Electronics,Paytm,13184.46,Credit Card,Tablet,0,0,0,0,0,7,10,1
2351,371,39,35000,Balanced,2025-07-03,0,Groceries,PhonePe,1929.85,UPI,Desktop,1,1,0,1,0,4,1,0
2352,191,39,15000,Conservative,2025-11-23,6,Rent,Zomato,12574.96,UPI,Mobile,0,0,0,0,0,9,10,0
2353,2,25,35000,Conservative,2025-03-19,10,Health,Amazon,808.95,Debit Card,Desktop,0,0,1,0,0,9,0,0
2354,306,27,50000,Conservative,2025-10-25,22,Entertainment,Flipkart,370.61,Credit Card,Desktop,0,1,0,1,0,6,2,1
2355,87,39,25000,Aggressive,2025-10-22,15,Entertainment,Myntra,452.31,Credit Card,Mobile,0,0,0,0,0,6,0,0
2356,214,23,35000,Aggressive,2025-04-13,22,Education,Paytm,1510.18,BNPL,Mobile,0,1,0,0,0,1,5,1
2357,218,40,35000,Balanced,2025-01-06,1,Utilities,Amazon,1610.72,Debit Card,Mobile,0,1,0,0,0,6,0,0
2358,381,29,25000,Conservative,2025-09-21,19,Travel,Flipkart,3849.61,UPI,Mobile,0,0,0,1,0,7,3,0
2359,393,40,50000,Balanced,2025-10-19,10,Utilities,Uber,1022.84,UPI,Mobile,0,0,0,0,0,6,0,0
2360,85,20,50000,Balanced,2025-05-13,20,Utilities,Groww,732.85,Debit Card,Desktop,0,0,0,0,0,6,0,0
2361,32,33,25000,Balanced,2025-01-26,17,Groceries,Netflix,2078.68,Credit Card,Mobile,0,0,0,0,0,8,1,0
2362,44,42,15000,Balanced,2025-03-08,17,Entertainment,Zomato,746.17,UPI,Mobile,0,0,1,1,0,5,0,0
2363,73,34,25000,Conservative,2025-11-16,16,Electronics,Croma,6272.04,UPI,Mobile,0,0,0,1,0,2,7,1
2364,265,32,50000,Balanced,2025-03-28,4,Health,Uber,4334.61,Debit Card,Mobile,0,0,0,1,0,7,1,0
2365,437,36,50000,Conservative,2025-01-10,15,Education,Swiggy,3510.98,Debit Card,Mobile,0,0,1,0,0,5,1,0
2366,288,32,35000,Balanced,2025-07-03,10,Groceries,Swiggy,1363.99,UPI,Desktop,1,0,0,0,0,8,0,0
2367,18,21,25000,Balanced,2025-04-19,19,Electronics,Paytm,14352.77,Credit Card,Desktop,0,0,1,1,0,2,10,1
2368,208,25,15000,Balanced,2025-08-02,21,Travel,PhonePe,4969.47,UPI,Mobile,1,0,1,0,0,6,6,0
2369,414,22,50000,Conservative,2025-06-07,9,Fashion,Paytm,1940.59,UPI,Mobile,0,0,0,1,0,1,0,0
2370,460,20,35000,Conservative,2025-11-27,3,Entertainment,Swiggy,1447.09,UPI,Mobile,0,0,0,0,1,5,0,0
2371,382,44,100000,Balanced,2025-10-12,13,Rent,Myntra,13700.14,UPI,Mobile,0,0,0,0,0,5,2,0
2372,280,42,75000,Conservative,2025-10-05,4,Travel,Groww,4464.83,Debit Card,Mobile,1,0,1,0,0,9,1,0
2373,373,43,15000,Conservative,2025-02-15,20,Electronics,Amazon,12367.98,Credit Card,Desktop,0,0,0,0,1,5,10,1
2374,22,25,35000,Balanced,2025-04-07,9,Health,Amazon,2059.95,UPI,Mobile,0,0,1,1,0,5,1,0
2375,364,30,50000,Conservative,2025-08-26,17,Education,PhonePe,2665.82,UPI,Mobile,0,0,0,0,1,1,1,0
2376,132,43,35000,Balanced,2025-10-05,0,Investment,Groww,5334.37,Cash,Mobile,1,1,0,0,0,8,3,0
2377,96,18,15000,Conservative,2025-01-09,15,Education,Netflix,3705.05,UPI,Desktop,0,0,1,1,0,8,4,0
2378,96,18,15000,Conservative,2025-03-27,23,Electronics,Flipkart,14013.91,UPI,Mobile,0,1,0,1,0,1,10,1
2379,357,43,35000,Conservative,2025-04-21,3,Education,Uber,2550.13,Debit Card,Desktop,0,0,0,0,0,3,1,0
2380,239,31,15000,Conservative,2025-01-10,20,Travel,Amazon,10129.3,Debit Card,Mobile,0,0,0,1,1,5,10,0
2381,394,37,50000,Conservative,2025-11-02,6,Education,Swiggy,1785.94,UPI,Mobile,1,0,0,1,0,10,0,0
2382,370,34,50000,Balanced,2025-09-10,20,Fashion,Uber,2648.55,UPI,Mobile,0,0,1,0,0,4,3,1
2383,357,43,35000,Conservative,2025-04-01,23,Education,BigBasket,3492.74,Credit Card,Mobile,1,1,0,1,0,1,3,1
2384,431,27,50000,Balanced,2025-01-23,8,Fashion,Swiggy,2151.18,Credit Card,Desktop,0,0,0,1,0,8,0,0
2385,198,32,25000,Balanced,2025-11-11,9,Entertainment,Netflix,719.59,UPI,Mobile,0,0,1,1,0,8,0,0
2386,493,18,35000,Conservative,2025-10-13,21,Utilities,Uber,2115.09,UPI,Desktop,0,0,1,1,0,9,1,0
2387,317,44,35000,Conservative,2025-01-18,10,Investment,Croma,5022.21,UPI,Mobile,0,0,0,1,0,3,2,0
2388,467,37,50000,Conservative,2025-09-10,20,Rent,Groww,5685.62,Debit Card,Mobile,0,0,0,1,0,10,2,0
2389,373,43,15000,Conservative,2025-04-19,8,Travel,PhonePe,1893.59,Debit Card,Mobile,0,0,1,1,1,5,2,0
2390,477,37,15000,Balanced,2025-10-30,1,Travel,Amazon,7809.13,UPI,Mobile,0,1,0,1,0,2,10,1
2391,495,43,25000,Conservative,2025-02-19,23,Groceries,Zomato,1011.16,UPI,Desktop,0,1,0,0,1,7,0,0
2392,56,34,100000,Conservative,2025-10-08,3,Health,Groww,2139.07,BNPL,Tablet,0,0,1,1,0,6,3,0
2393,27,18,25000,Conservative,2025-03-14,20,EMI,Croma,4837.18,UPI,Mobile,0,0,0,1,0,1,3,0
2394,92,34,15000,Aggressive,2025-09-01,17,Utilities,Flipkart,1620.1,BNPL,Mobile,1,0,1,1,1,8,7,1
2395,390,43,35000,Aggressive,2025-12-13,2,Groceries,PhonePe,1040.3,UPI,Mobile,0,1,0,1,0,7,0,0
2396,48,42,35000,Conservative,2025-03-08,4,Entertainment,Myntra,666.17,BNPL,Mobile,0,0,0,0,0,3,5,1
2397,176,26,50000,Balanced,2025-07-08,3,Utilities,Flipkart,1051.12,UPI,Mobile,0,0,0,0,1,9,0,0
2398,88,30,35000,Aggressive,2025-12-01,22,Education,Croma,4760.1,UPI,Mobile,1,1,1,0,0,6,2,0
2399,326,41,75000,Conservative,2025-12-03,0,Investment,Myntra,4836.72,BNPL,Mobile,1,1,0,1,0,2,6,1
2400,396,41,25000,Conservative,2025-03-13,16,Food Delivery,Amazon,245.82,UPI,Mobile,0,0,1,0,0,3,2,1
2401,353,40,50000,Balanced,2025-12-30,18,Utilities,Groww,2197.9,Debit Card,Mobile,0,0,0,0,0,1,0,0
2402,267,21,25000,Balanced,2025-01-13,18,EMI,PhonePe,2705.72,BNPL,Mobile,0,0,0,0,0,10,5,0
2403,111,39,35000,Conservative,2025-04-12,11,Travel,PhonePe,7638.92,UPI,Mobile,0,0,1,0,0,3,6,1
2404,362,39,15000,Aggressive,2025-04-18,9,Groceries,BigBasket,878.8,Credit Card,Mobile,0,0,1,0,0,10,1,0
2405,98,35,35000,Aggressive,2025-05-10,6,Rent,Myntra,22626.72,Credit Card,Mobile,0,0,0,1,1,7,10,1
2406,413,41,15000,Aggressive,2025-02-24,10,Groceries,PhonePe,622.27,Debit Card,Desktop,0,0,0,0,0,3,0,0
2407,421,34,100000,Aggressive,2025-08-07,23,EMI,Amazon,4268.56,Credit Card,Mobile,0,1,1,1,0,10,2,1
2408,320,41,25000,Balanced,2025-06-29,18,Utilities,Myntra,363.57,Credit Card,Mobile,0,0,0,1,0,5,0,0
2409,444,28,100000,Balanced,2025-05-30,21,Investment,Zomato,6101.93,Debit Card,Mobile,0,0,0,0,0,10,1,0
2410,235,18,15000,Balanced,2025-04-03,13,Investment,Croma,4057.14,Credit Card,Mobile,1,0,0,1,1,2,7,1
2411,31,26,35000,Conservative,2025-05-22,14,Rent,Zomato,100.0,Debit Card,Mobile,0,0,0,0,0,10,0,0
2412,369,28,25000,Conservative,2025-06-07,11,Fashion,BigBasket,3291.23,UPI,Mobile,0,0,0,1,0,5,2,0
2413,241,32,15000,Aggressive,2025-05-10,4,Food Delivery,Paytm,277.08,BNPL,Tablet,0,0,0,0,0,8,3,0
2414,206,36,25000,Conservative,2025-09-08,15,Electronics,Swiggy,16200.91,BNPL,Mobile,0,0,0,1,0,2,10,1
2415,331,21,25000,Aggressive,2025-03-05,9,Travel,Myntra,6265.8,UPI,Mobile,1,0,0,1,0,5,5,0
2416,311,18,75000,Balanced,2025-11-30,19,Utilities,BigBasket,1961.28,Credit Card,Desktop,0,0,1,0,1,2,2,1
2417,274,35,15000,Balanced,2025-05-19,13,Travel,Groww,9437.34,UPI,Mobile,0,0,0,0,0,10,10,0
2418,42,30,15000,Conservative,2025-06-04,11,Rent,Groww,15042.27,UPI,Mobile,1,0,0,1,1,1,10,1
2419,393,40,50000,Balanced,2025-05-14,2,Investment,Croma,7205.43,UPI,Mobile,0,1,0,0,0,1,2,0
2420,78,28,75000,Balanced,2025-03-13,5,Travel,Amazon,5114.85,Cash,Mobile,0,0,1,0,0,7,1,0
2421,63,23,25000,Aggressive,2025-10-12,14,EMI,Flipkart,5552.2,Credit Card,Desktop,0,0,1,0,1,6,6,1
2422,231,31,25000,Conservative,2025-12-01,12,Education,Flipkart,2910.69,Debit Card,Desktop,1,0,1,1,1,1,4,1
2423,133,19,25000,Conservative,2025-01-07,7,Investment,PhonePe,8818.21,UPI,Mobile,0,0,1,1,0,1,9,1
2424,108,31,75000,Conservative,2025-01-17,6,EMI,Myntra,8182.38,BNPL,Mobile,0,0,0,0,0,10,5,0
2425,110,39,25000,Conservative,2025-12-28,9,Fashion,Paytm,3549.97,UPI,Mobile,0,0,0,1,1,4,4,1
2426,288,32,35000,Balanced,2025-07-07,19,Investment,BigBasket,3822.23,BNPL,Mobile,0,0,0,0,0,2,5,0
2427,302,30,15000,Conservative,2025-04-30,18,EMI,PhonePe,9750.77,Debit Card,Mobile,0,0,0,0,0,6,10,0
2428,33,22,50000,Balanced,2025-07-06,11,Investment,Flipkart,7113.24,Debit Card,Mobile,0,0,0,1,1,7,2,0
2429,451,41,50000,Conservative,2025-03-23,13,Food Delivery,Flipkart,550.33,Debit Card,Desktop,0,0,1,0,0,8,0,0
2430,418,25,75000,Balanced,2025-08-30,5,Travel,Paytm,10187.44,UPI,Mobile,0,0,1,1,1,9,2,0
2431,246,30,35000,Balanced,2025-01-08,9,Education,Swiggy,1917.14,UPI,Mobile,0,0,0,1,0,3,1,0
2432,19,23,25000,Balanced,2025-01-01,21,Education,Amazon,4110.25,UPI,Mobile,1,0,0,0,0,2,3,0
2433,377,25,50000,Balanced,2025-11-13,17,Groceries,Flipkart,413.33,UPI,Mobile,0,0,1,0,0,7,0,0
2434,342,38,35000,Conservative,2025-10-21,5,Travel,Amazon,10825.95,UPI,Mobile,0,0,1,0,0,3,8,1
2435,206,36,25000,Conservative,2025-02-03,2,Travel,Flipkart,8762.91,UPI,Desktop,1,1,1,1,1,7,9,1
2436,154,34,35000,Aggressive,2025-06-01,5,Education,Croma,2871.11,UPI,Desktop,1,0,0,0,0,5,1,0
2437,365,30,50000,Balanced,2025-11-24,6,Health,Uber,2441.61,Credit Card,Desktop,0,0,1,1,0,9,0,0
2438,381,29,25000,Conservative,2025-07-15,10,Electronics,Flipkart,18411.42,UPI,Desktop,0,0,1,1,1,2,10,1
2439,366,43,35000,Conservative,2025-09-30,12,Health,Netflix,2729.63,Credit Card,Mobile,0,0,1,0,0,2,3,1
2440,156,21,15000,Aggressive,2025-08-12,19,Fashion,Amazon,3153.86,UPI,Desktop,0,0,1,0,0,10,6,1
2441,469,38,75000,Aggressive,2025-02-06,7,Food Delivery,Uber,574.37,BNPL,Mobile,0,0,0,1,1,2,5,1
2442,458,44,75000,Aggressive,2025-07-29,9,Health,Swiggy,2632.94,UPI,Mobile,0,0,1,0,0,3,0,0
2443,324,25,35000,Balanced,2025-10-01,8,Groceries,Uber,956.73,Credit Card,Desktop,1,0,1,0,0,7,0,0
2444,458,44,75000,Aggressive,2025-04-12,12,Travel,Paytm,8253.07,Credit Card,Desktop,0,0,0,1,0,1,2,0
2445,26,18,15000,Balanced,2025-09-25,9,Rent,Paytm,15894.97,BNPL,Mobile,0,0,1,0,0,10,10,1
2446,177,42,25000,Conservative,2025-05-23,20,Education,Uber,2912.19,Credit Card,Mobile,0,0,1,0,0,6,2,0
2447,225,25,50000,Balanced,2025-01-11,18,Groceries,PhonePe,746.02,Credit Card,Mobile,0,0,1,0,0,2,2,1
2448,224,28,15000,Balanced,2025-09-02,4,Utilities,Paytm,1204.76,BNPL,Mobile,1,0,1,0,0,1,6,1
2449,93,31,75000,Conservative,2025-11-14,20,Health,PhonePe,1544.91,UPI,Mobile,0,0,0,1,0,2,0,0
2450,420,28,25000,Conservative,2025-09-05,4,Electronics,Myntra,15374.75,Credit Card,Mobile,1,0,0,0,0,8,10,1
2451,500,24,35000,Conservative,2025-02-02,18,Investment,Netflix,5084.37,Credit Card,Mobile,1,0,1,1,1,9,4,1
2452,251,43,35000,Conservative,2025-07-15,18,Electronics,Myntra,15509.55,UPI,Mobile,0,0,0,0,0,5,8,0
2453,313,38,25000,Aggressive,2025-12-26,22,Health,BigBasket,100.0,UPI,Mobile,0,1,0,0,0,5,0,0
2454,449,31,25000,Balanced,2025-02-09,11,Utilities,Groww,1213.98,BNPL,Mobile,0,0,0,0,1,8,3,0
2455,1,24,50000,Conservative,2025-08-13,10,Fashion,Netflix,3406.86,UPI,Mobile,0,0,0,0,1,9,1,0
2456,269,40,35000,Conservative,2025-02-15,23,Entertainment,Paytm,654.59,Credit Card,Mobile,0,1,0,0,1,7,2,1
2457,433,32,15000,Balanced,2025-05-07,15,Entertainment,Zomato,740.01,Debit Card,Mobile,0,0,0,0,1,10,0,0
2458,140,18,100000,Aggressive,2025-03-04,8,Education,Croma,2721.23,UPI,Mobile,1,0,0,0,0,9,0,0
2459,437,36,50000,Conservative,2025-03-06,17,Rent,Zomato,12541.4,UPI,Mobile,0,0,1,1,0,2,7,1
2460,354,36,35000,Balanced,2025-01-04,10,Food Delivery,Groww,512.2,UPI,Mobile,1,0,0,1,0,5,0,0
2461,96,18,15000,Conservative,2025-08-24,8,Fashion,Groww,1172.16,UPI,Desktop,0,0,0,0,0,4,1,0
2462,321,28,35000,Conservative,2025-03-02,23,Travel,PhonePe,8271.54,Credit Card,Mobile,1,1,1,1,0,7,6,1
2463,70,42,15000,Aggressive,2025-04-20,7,Education,Flipkart,4788.13,Credit Card,Desktop,0,0,0,1,0,2,8,1
2464,168,19,15000,Conservative,2025-03-19,8,Entertainment,PhonePe,759.41,UPI,Mobile,0,0,0,0,0,8,1,0
2465,142,31,15000,Conservative,2025-11-16,16,Health,Flipkart,1888.63,Cash,Mobile,0,0,1,1,0,10,2,0
2466,197,41,25000,Aggressive,2025-09-16,20,Education,Croma,3189.74,Debit Card,Desktop,0,0,1,0,0,4,2,0
2467,460,20,35000,Conservative,2025-01-11,18,Utilities,Zomato,1015.14,Debit Card,Mobile,0,0,0,0,0,9,0,0
2468,162,38,35000,Conservative,2025-06-29,7,Rent,Netflix,17388.69,Cash,Mobile,0,0,0,0,0,4,9,0
2469,12,42,15000,Balanced,2025-12-28,20,Travel,Paytm,8173.35,Debit Card,Mobile,0,0,0,0,0,9,10,0
2470,307,26,35000,Balanced,2025-04-25,14,EMI,Flipkart,3097.99,UPI,Mobile,0,0,0,0,1,7,1,0
2471,249,25,35000,Balanced,2025-08-02,3,Fashion,Myntra,1497.93,Credit Card,Desktop,1,0,0,0,0,4,2,1
2472,258,41,15000,Conservative,2025-05-12,22,Health,Myntra,2396.32,Credit Card,Mobile,0,1,1,1,0,10,5,1
2473,418,25,75000,Balanced,2025-04-02,16,Entertainment,PhonePe,1020.29,Debit Card,Mobile,1,0,0,0,0,8,0,0
2474,197,41,25000,Aggressive,2025-02-04,6,Utilities,Swiggy,2294.43,Credit Card,Mobile,1,0,1,0,0,8,1,0
2475,268,23,25000,Conservative,2025-08-01,6,Entertainment,Amazon,848.56,UPI,Mobile,1,0,0,1,0,8,0,0
2476,186,27,100000,Aggressive,2025-02-21,2,Electronics,Croma,11832.89,Debit Card,Mobile,0,1,1,1,0,9,4,1
2477,118,27,25000,Balanced,2025-07-15,8,Health,Flipkart,2418.37,UPI,Mobile,0,0,0,0,0,9,1,0
2478,403,44,75000,Balanced,2025-11-23,22,Utilities,Flipkart,2486.2,Cash,Mobile,0,1,1,1,0,7,0,0
2479,71,27,25000,Balanced,2025-03-27,3,Groceries,Myntra,612.04,UPI,Mobile,0,0,1,1,1,8,0,0
2480,111,39,35000,Conservative,2025-12-22,19,Travel,Paytm,10508.53,Credit Card,Desktop,0,0,0,0,1,6,6,0
2481,286,23,75000,Balanced,2025-11-07,8,Utilities,Groww,2357.15,UPI,Mobile,0,0,1,1,0,8,0,0
2482,436,34,15000,Aggressive,2025-07-21,8,Groceries,Paytm,1249.95,UPI,Desktop,0,0,1,1,0,3,1,0
2483,383,42,35000,Conservative,2025-02-20,9,Utilities,Groww,777.36,UPI,Mobile,0,0,0,0,0,9,0,0
2484,171,42,35000,Conservative,2025-08-13,12,Investment,Myntra,5502.69,UPI,Mobile,0,0,1,0,0,4,5,1
2485,309,18,15000,Aggressive,2025-07-28,5,Education,Netflix,253.18,BNPL,Mobile,0,0,1,0,0,6,3,0
2486,11,36,25000,Aggressive,2025-11-04,22,Utilities,Amazon,1708.49,UPI,Mobile,1,1,1,0,0,6,1,0
2487,53,41,50000,Conservative,2025-10-28,10,Travel,Paytm,4753.63,Credit Card,Desktop,0,0,1,1,0,7,1,0
2488,468,34,100000,Conservative,2025-03-20,5,Utilities,Uber,2069.01,UPI,Mobile,0,0,1,0,0,4,0,0
2489,77,39,50000,Balanced,2025-08-09,22,Utilities,Uber,1202.82,UPI,Desktop,0,1,0,0,1,8,0,0
2490,58,22,25000,Balanced,2025-03-29,23,Entertainment,BigBasket,204.69,UPI,Mobile,0,1,0,0,1,3,2,1
2491,434,33,35000,Conservative,2025-09-20,17,Health,Swiggy,2021.66,Credit Card,Desktop,0,0,1,1,0,8,1,0
2492,247,20,35000,Balanced,2025-05-08,9,Entertainment,Uber,747.82,UPI,Mobile,0,0,0,1,1,4,2,1
2493,459,32,100000,Balanced,2025-09-16,18,Entertainment,Myntra,888.35,Debit Card,Desktop,0,0,0,0,0,6,0,0
2494,171,42,35000,Conservative,2025-04-19,10,Utilities,Uber,1368.0,Cash,Mobile,0,0,0,0,0,2,0,0
2495,374,20,50000,Aggressive,2025-11-07,0,Fashion,Myntra,3600.8,UPI,Mobile,0,1,1,0,0,10,3,1
2496,355,19,35000,Conservative,2025-05-02,0,Electronics,PhonePe,13405.0,Debit Card,Mobile,1,1,0,0,0,10,9,1
2497,421,34,100000,Aggressive,2025-03-24,12,Investment,PhonePe,4970.44,Credit Card,Mobile,0,0,1,0,0,3,2,1
2498,49,30,75000,Conservative,2025-07-07,1,Investment,Netflix,4602.82,UPI,Tablet,0,1,0,0,0,1,1,0
2499,12,42,15000,Balanced,2025-11-07,2,Fashion,Amazon,2527.21,Credit Card,Mobile,0,1,1,0,0,2,5,1
2500,470,37,25000,Conservative,2025-07-31,16,Education,Flipkart,3450.84,Credit Card,Desktop,0,0,0,0,0,9,2,0
2501,153,42,25000,Conservative,2025-11-17,16,Groceries,Uber,992.31,Credit Card,Mobile,0,0,0,1,0,6,0,0
2502,267,21,25000,Balanced,2025-06-21,19,Travel,Croma,9609.34,Credit Card,Desktop,0,0,0,0,1,6,7,0
2503,131,18,35000,Balanced,2025-02-06,13,Entertainment,PhonePe,1190.61,Debit Card,Tablet,0,0,0,1,1,2,2,1
2504,463,19,25000,Aggressive,2025-05-01,10,Rent,Paytm,10653.19,UPI,Mobile,1,0,1,0,1,3,10,1
2505,23,25,50000,Balanced,2025-07-19,6,Utilities,Zomato,1724.27,UPI,Mobile,0,0,1,1,0,2,0,0
2506,228,35,25000,Conservative,2025-07-10,0,Food Delivery,Amazon,545.28,UPI,Mobile,0,1,1,0,0,10,2,1
2507,137,44,50000,Balanced,2025-07-15,21,Entertainment,Paytm,423.23,UPI,Desktop,0,0,1,1,0,9,0,0
2508,264,37,35000,Conservative,2025-10-02,15,Rent,Netflix,14547.86,Debit Card,Mobile,1,0,0,0,1,4,8,0
2509,390,43,35000,Aggressive,2025-11-20,4,EMI,Croma,9791.61,Credit Card,Mobile,0,0,0,0,0,10,5,0
2510,21,21,35000,Aggressive,2025-06-09,9,Food Delivery,Uber,386.84,BNPL,Mobile,0,0,0,0,0,10,3,0
2511,150,33,15000,Conservative,2025-09-26,17,Groceries,Netflix,1098.64,UPI,Tablet,0,0,0,1,1,2,1,0
2512,324,25,35000,Balanced,2025-08-28,9,Health,Groww,969.4,UPI,Mobile,0,0,0,0,0,5,0,0
2513,77,39,50000,Balanced,2025-10-08,8,Entertainment,Flipkart,628.44,Debit Card,Mobile,0,0,0,0,0,6,0,0
2514,155,39,25000,Conservative,2025-03-24,12,Education,Zomato,4241.62,UPI,Mobile,0,0,0,0,1,7,3,0
2515,141,29,25000,Conservative,2025-12-12,16,Health,Croma,2598.38,BNPL,Mobile,0,0,1,0,1,3,7,1
2516,2,25,35000,Conservative,2025-09-30,3,EMI,Amazon,6552.3,UPI,Mobile,0,0,0,1,0,6,3,0
2517,257,36,15000,Balanced,2025-08-30,2,Utilities,Flipkart,1191.26,Debit Card,Mobile,0,1,1,1,0,5,1,0
2518,212,32,35000,Balanced,2025-11-07,2,Utilities,PhonePe,1868.19,Debit Card,Mobile,0,1,0,0,0,10,1,0
2519,243,42,50000,Conservative,2025-01-15,7,Food Delivery,Paytm,682.05,Cash,Mobile,0,0,0,0,0,10,0,0
2520,313,38,25000,Aggressive,2025-09-10,16,Entertainment,Paytm,886.06,UPI,Mobile,0,0,0,0,0,1,0,0
2521,125,22,35000,Balanced,2025-07-22,1,Entertainment,Flipkart,753.27,UPI,Mobile,0,1,0,0,0,1,2,1
2522,115,24,15000,Conservative,2025-06-21,4,Rent,Flipkart,21486.27,UPI,Mobile,0,0,0,1,0,9,10,0
2523,217,42,35000,Balanced,2025-11-24,11,Utilities,PhonePe,1163.46,Debit Card,Desktop,0,0,0,0,0,8,0,0
2524,127,39,15000,Conservative,2025-03-17,9,Investment,Groww,7554.63,Credit Card,Mobile,0,0,1,0,0,1,10,1
2525,407,42,50000,Balanced,2025-08-06,3,Food Delivery,Swiggy,369.55,Debit Card,Mobile,0,0,0,0,0,4,0,0
2526,303,18,15000,Aggressive,2025-05-16,12,Utilities,Myntra,975.77,Cash,Mobile,0,0,0,0,0,2,1,0
2527,201,18,15000,Conservative,2025-07-08,5,Electronics,PhonePe,16584.38,UPI,Mobile,0,0,0,0,0,5,10,0
2528,338,20,75000,Balanced,2025-12-24,11,EMI,Amazon,4161.27,Debit Card,Mobile,0,0,0,1,0,3,1,0
2529,291,40,15000,Conservative,2025-10-31,10,Groceries,PhonePe,1336.74,Debit Card,Mobile,0,0,0,1,0,2,1,0
2530,499,44,15000,Aggressive,2025-06-10,10,Health,BigBasket,1689.38,UPI,Mobile,0,0,1,0,0,2,2,0
2531,221,19,35000,Conservative,2025-04-29,1,Entertainment,Swiggy,478.69,Debit Card,Mobile,0,1,0,1,0,7,0,0
2532,199,42,100000,Aggressive,2025-11-08,23,Electronics,Amazon,9372.0,UPI,Mobile,0,1,0,0,0,4,3,1
2533,477,37,15000,Balanced,2025-08-05,22,Rent,Croma,11867.57,UPI,Mobile,1,1,0,0,1,4,10,1
2534,144,43,50000,Conservative,2025-04-21,10,Investment,Paytm,3797.71,UPI,Mobile,0,0,0,1,1,2,1,0
2535,154,34,35000,Aggressive,2025-12-19,18,Travel,Netflix,3375.36,UPI,Mobile,0,0,0,0,1,4,1,0
2536,195,42,35000,Aggressive,2025-01-07,11,Health,Croma,2212.89,UPI,Mobile,0,0,0,1,0,2,1,0
2537,187,29,15000,Conservative,2025-12-13,10,Investment,Croma,4105.66,Credit Card,Mobile,0,0,0,1,0,9,5,0
2538,440,25,25000,Conservative,2025-07-03,3,Investment,Paytm,6485.66,UPI,Mobile,1,0,0,0,1,5,5,0
2539,448,29,15000,Conservative,2025-06-11,13,Electronics,Groww,7926.08,UPI,Mobile,0,0,0,1,1,9,10,1
2540,178,41,35000,Balanced,2025-06-02,20,Groceries,Myntra,490.52,Debit Card,Desktop,1,0,1,0,0,5,0,0
2541,186,27,100000,Aggressive,2025-08-12,22,Utilities,Uber,2067.56,Debit Card,Mobile,0,1,0,0,1,5,0,0
2542,17,25,15000,Aggressive,2025-04-15,20,Electronics,PhonePe,10162.99,UPI,Mobile,0,0,1,1,0,4,10,1
2543,223,32,15000,Conservative,2025-10-27,5,Travel,BigBasket,8834.53,Credit Card,Mobile,0,0,0,0,0,5,10,0
2544,411,42,25000,Aggressive,2025-01-09,19,Utilities,Flipkart,2198.6,Credit Card,Mobile,0,0,0,0,0,9,1,0
2545,415,23,100000,Aggressive,2025-10-03,12,Fashion,Amazon,1696.09,UPI,Mobile,1,0,1,0,0,8,0,0
2546,246,30,35000,Balanced,2025-02-17,19,Fashion,Zomato,2479.0,Credit Card,Mobile,0,0,0,0,0,5,1,0
2547,443,44,50000,Conservative,2025-05-12,1,Fashion,Croma,2405.3,Credit Card,Mobile,0,1,0,0,0,9,2,1
2548,454,22,15000,Aggressive,2025-12-26,13,EMI,Zomato,9979.33,UPI,Mobile,0,0,0,0,0,8,10,0
2549,327,34,15000,Balanced,2025-07-31,17,Education,Paytm,3574.61,UPI,Mobile,0,0,0,0,1,3,4,0
2550,146,38,25000,Aggressive,2025-10-05,21,Electronics,PhonePe,11719.97,Debit Card,Mobile,1,0,0,1,0,10,9,0
2551,456,34,50000,Balanced,2025-10-10,0,Entertainment,Swiggy,571.88,Debit Card,Mobile,0,1,1,0,0,6,2,1
2552,407,42,50000,Balanced,2025-03-08,23,Health,Flipkart,1175.39,Credit Card,Mobile,0,1,0,0,1,9,0,0
2553,285,25,25000,Balanced,2025-02-11,4,Health,Groww,1473.47,Debit Card,Mobile,0,0,0,1,0,3,1,0
2554,324,25,35000,Balanced,2025-05-22,11,Rent,PhonePe,15089.31,Debit Card,Mobile,0,0,0,0,0,4,8,0
2555,321,28,35000,Conservative,2025-05-02,11,Health,Zomato,2223.0,UPI,Mobile,1,0,1,1,0,8,1,0
2556,275,26,25000,Conservative,2025-04-30,5,Electronics,Flipkart,14494.83,UPI,Mobile,0,0,0,0,0,1,10,1
2557,237,39,25000,Balanced,2025-08-14,21,Entertainment,Croma,1054.03,UPI,Desktop,0,0,1,0,0,4,2,1
2558,102,43,50000,Balanced,2025-11-04,7,Education,BigBasket,3349.3,UPI,Mobile,1,0,0,0,0,3,1,0
2559,74,29,35000,Aggressive,2025-03-21,1,Rent,Myntra,11488.53,UPI,Mobile,0,1,1,0,0,5,8,1
2560,212,32,35000,Balanced,2025-10-24,6,Electronics,Uber,11741.18,UPI,Desktop,0,0,0,0,0,3,8,1
2561,193,30,75000,Aggressive,2025-04-22,22,EMI,PhonePe,4574.19,UPI,Mobile,0,1,0,0,1,6,1,0
2562,12,42,15000,Balanced,2025-09-09,8,Utilities,Netflix,849.77,UPI,Mobile,0,0,0,1,0,6,1,0
2563,363,23,50000,Conservative,2025-08-01,16,Electronics,Flipkart,13650.56,UPI,Desktop,1,0,0,0,0,3,7,1
2564,285,25,25000,Balanced,2025-12-27,22,Groceries,Netflix,911.28,Credit Card,Mobile,0,1,0,1,0,10,0,0
2565,417,42,50000,Conservative,2025-11-06,2,Electronics,Swiggy,21539.59,Debit Card,Mobile,0,1,0,1,0,1,10,1
2566,5,39,15000,Balanced,2025-02-04,4,Travel,Amazon,6798.56,UPI,Desktop,1,0,0,0,0,8,9,0
2567,434,33,35000,Conservative,2025-03-27,22,Travel,Uber,5385.16,Credit Card,Tablet,0,1,0,1,0,9,5,1
2568,436,34,15000,Aggressive,2025-07-15,8,Utilities,Myntra,1919.49,UPI,Mobile,0,0,1,0,0,9,2,0
2569,76,33,50000,Aggressive,2025-05-22,12,Groceries,PhonePe,1550.71,UPI,Desktop,0,0,1,0,1,2,0,0
2570,46,28,25000,Conservative,2025-06-11,8,Rent,Zomato,4907.55,UPI,Tablet,0,0,0,0,1,1,3,0
2571,490,42,35000,Conservative,2025-05-03,17,Entertainment,Paytm,233.38,UPI,Mobile,1,0,0,0,0,9,0,0
2572,115,24,15000,Conservative,2025-12-19,4,Travel,Swiggy,9154.7,Credit Card,Mobile,0,0,0,1,0,1,10,1
2573,276,18,50000,Balanced,2025-05-24,14,Utilities,Amazon,2330.11,Credit Card,Desktop,0,0,1,0,1,3,2,1
2574,493,18,35000,Conservative,2025-01-13,23,Groceries,Amazon,1343.69,UPI,Mobile,0,1,0,1,0,5,0,0
2575,383,42,35000,Conservative,2025-06-08,10,Investment,Paytm,5159.84,UPI,Mobile,0,0,0,0,0,5,2,0
2576,387,42,35000,Balanced,2025-08-18,22,Investment,Uber,5735.57,Credit Card,Mobile,0,1,0,0,1,6,5,1
2577,474,32,35000,Balanced,2025-02-06,10,Groceries,Myntra,1778.44,Credit Card,Mobile,0,0,0,0,1,4,1,0
2578,315,37,35000,Aggressive,2025-05-29,18,Rent,Croma,6155.22,UPI,Mobile,0,0,0,0,0,9,3,0
2579,120,22,25000,Conservative,2025-01-30,11,Education,Myntra,2728.7,Debit Card,Mobile,0,0,0,0,0,5,2,0
2580,332,24,50000,Conservative,2025-01-25,21,Food Delivery,Amazon,100.0,Debit Card,Mobile,0,0,0,0,0,7,0,0
2581,202,34,35000,Balanced,2025-12-07,14,Health,Swiggy,1668.8,BNPL,Mobile,0,0,0,1,0,10,3,0
2582,219,21,35000,Aggressive,2025-03-10,14,Utilities,Swiggy,1651.12,BNPL,Desktop,0,0,1,0,1,5,3,0
2583,235,18,15000,Balanced,2025-06-27,4,Travel,PhonePe,5117.93,UPI,Mobile,0,0,0,1,0,4,6,0
2584,484,28,100000,Conservative,2025-05-27,19,Groceries,PhonePe,310.23,UPI,Desktop,0,0,0,1,0,9,0,0
2585,415,23,100000,Aggressive,2025-12-10,11,Education,Uber,3122.82,UPI,Mobile,0,0,0,1,0,7,0,0
2586,438,19,35000,Aggressive,2025-01-18,11,Groceries,Swiggy,1488.05,Credit Card,Mobile,0,0,0,0,0,10,0,0
2587,128,22,15000,Conservative,2025-12-04,16,Electronics,Paytm,4373.13,UPI,Mobile,1,0,0,0,0,8,5,0
2588,109,19,15000,Balanced,2025-09-20,18,Electronics,Flipkart,15801.1,Credit Card,Mobile,0,0,0,0,0,4,10,1
2589,239,31,15000,Conservative,2025-12-27,9,Electronics,Myntra,6139.53,UPI,Mobile,0,0,0,0,1,4,10,1
2590,455,21,15000,Conservative,2025-04-01,12,Groceries,Swiggy,1663.27,Credit Card,Mobile,1,0,0,1,0,2,2,0
2591,174,20,25000,Balanced,2025-09-18,12,Food Delivery,Swiggy,368.75,Credit Card,Mobile,0,0,0,0,0,3,2,1
2592,372,39,15000,Balanced,2025-12-09,10,Electronics,Zomato,6841.93,UPI,Mobile,0,0,1,0,0,2,10,1
2593,238,31,35000,Balanced,2025-10-14,19,Groceries,Paytm,1777.64,Credit Card,Mobile,0,0,0,0,0,5,1,0
2594,206,36,25000,Conservative,2025-12-16,16,Health,Swiggy,2626.7,UPI,Mobile,0,0,0,0,1,10,2,0
2595,92,34,15000,Aggressive,2025-09-25,16,Groceries,Netflix,1000.12,Credit Card,Mobile,0,0,0,0,1,6,1,0
2596,257,36,15000,Balanced,2025-05-07,21,Fashion,BigBasket,3618.68,Debit Card,Mobile,0,0,0,0,0,6,4,0
2597,195,42,35000,Aggressive,2025-12-10,4,Health,Zomato,885.21,Debit Card,Mobile,0,0,0,0,0,7,0,0
2598,375,44,35000,Conservative,2025-01-14,10,Health,Uber,3250.6,Debit Card,Desktop,0,0,0,1,0,3,1,0
2599,226,20,35000,Aggressive,2025-11-15,3,EMI,Flipkart,4128.46,BNPL,Mobile,0,0,1,0,1,10,5,0
2600,258,41,15000,Conservative,2025-08-13,8,Rent,Swiggy,14464.98,UPI,Desktop,0,0,0,0,0,3,10,0
2601,101,19,25000,Conservative,2025-11-15,11,Education,Netflix,1900.46,Cash,Mobile,0,0,0,1,0,4,1,0
2602,182,36,100000,Balanced,2025-07-08,17,Fashion,PhonePe,2184.71,UPI,Mobile,0,0,0,1,0,8,0,0
2603,158,37,35000,Balanced,2025-11-30,20,Investment,Myntra,5176.09,UPI,Mobile,0,0,0,0,0,7,2,0
2604,226,20,35000,Aggressive,2025-05-07,2,Travel,BigBasket,5014.29,UPI,Mobile,0,1,0,0,0,4,2,0
2605,312,25,35000,Conservative,2025-11-17,21,Education,Paytm,3501.99,Credit Card,Mobile,0,0,1,0,0,10,2,0
2606,178,41,35000,Balanced,2025-01-16,7,Groceries,PhonePe,836.62,BNPL,Desktop,0,0,0,0,0,8,3,0
2607,474,32,35000,Balanced,2025-12-31,2,Entertainment,Flipkart,1089.14,Credit Card,Mobile,0,1,0,0,1,1,2,1
2608,194,35,35000,Balanced,2025-03-30,12,EMI,Swiggy,9779.54,UPI,Mobile,0,0,0,0,0,3,5,0
2609,227,43,25000,Aggressive,2025-07-11,4,EMI,Flipkart,6664.1,UPI,Mobile,0,0,0,0,0,2,5,0
2610,17,25,15000,Aggressive,2025-01-21,6,Utilities,Netflix,2383.32,UPI,Mobile,0,0,1,0,0,9,3,0
2611,232,43,50000,Balanced,2025-07-15,2,Rent,Uber,15544.0,Debit Card,Mobile,0,1,1,1,0,3,8,1
2612,114,38,25000,Aggressive,2025-10-22,9,Fashion,Zomato,2841.45,Cash,Mobile,0,0,0,0,0,9,2,0
2613,390,43,35000,Aggressive,2025-01-12,1,Groceries,Paytm,938.57,UPI,Mobile,0,1,1,1,0,7,0,0
2614,459,32,100000,Balanced,2025-07-30,13,Travel,Groww,9318.13,UPI,Mobile,0,0,1,0,0,8,1,0
2615,272,32,35000,Balanced,2025-12-26,5,Entertainment,Groww,735.99,UPI,Desktop,0,0,0,0,0,1,0,0
2616,116,37,35000,Balanced,2025-11-28,1,Rent,Netflix,12591.86,UPI,Mobile,0,1,1,1,0,2,9,1
2617,490,42,35000,Conservative,2025-05-30,12,Education,Groww,3619.86,UPI,Mobile,0,0,0,0,0,4,2,0
2618,81,31,35000,Balanced,2025-05-15,3,Utilities,Paytm,1973.46,Debit Card,Mobile,0,0,0,0,1,2,1,0
2619,281,25,35000,Balanced,2025-02-12,9,Entertainment,Zomato,1022.93,Debit Card,Mobile,0,0,1,0,1,5,0,0
2620,128,22,15000,Conservative,2025-02-22,18,EMI,Groww,1970.69,UPI,Desktop,0,0,1,0,0,10,2,0
2621,459,32,100000,Balanced,2025-09-01,15,Health,Croma,1372.0,UPI,Mobile,1,0,1,1,1,8,0,0
2622,345,36,35000,Balanced,2025-05-02,2,Rent,Groww,22454.05,UPI,Tablet,1,1,1,0,0,9,10,1
2623,278,20,25000,Aggressive,2025-07-11,13,EMI,PhonePe,7077.77,Credit Card,Mobile,0,0,1,0,1,10,7,1
2624,212,32,35000,Balanced,2025-11-16,14,Entertainment,Myntra,1011.98,UPI,Mobile,0,0,0,1,0,2,0,0
2625,391,31,15000,Balanced,2025-08-31,10,Travel,Swiggy,10977.51,UPI,Mobile,0,0,0,0,0,7,10,0
2626,413,41,15000,Aggressive,2025-07-13,18,Utilities,BigBasket,2801.45,Cash,Mobile,0,0,0,1,0,4,3,0
2627,401,33,35000,Aggressive,2025-04-13,22,Food Delivery,Flipkart,769.38,BNPL,Mobile,0,1,0,0,0,9,5,1
2628,170,39,50000,Aggressive,2025-03-27,3,Electronics,Paytm,12283.05,Credit Card,Tablet,0,0,0,0,1,8,6,1
2629,329,36,35000,Balanced,2025-10-09,10,Entertainment,Croma,943.3,UPI,Mobile,0,0,1,0,1,9,0,0
2630,220,34,25000,Balanced,2025-06-21,21,Rent,Amazon,14046.33,BNPL,Desktop,0,0,0,1,1,4,10,1
2631,346,19,75000,Balanced,2025-09-17,2,Rent,Uber,21254.96,BNPL,Mobile,0,1,0,0,0,6,10,1
2632,153,42,25000,Conservative,2025-04-25,2,Fashion,Flipkart,2591.93,UPI,Desktop,0,1,0,0,0,1,4,1
2633,175,43,50000,Balanced,2025-01-07,4,Fashion,Flipkart,1434.79,Debit Card,Mobile,0,0,1,0,0,6,0,0
2634,169,36,35000,Aggressive,2025-11-03,5,Entertainment,Flipkart,547.44,Credit Card,Mobile,1,0,0,0,0,6,0,0
2635,367,39,50000,Conservative,2025-04-20,11,Electronics,Groww,10436.58,Credit Card,Desktop,0,0,1,0,1,5,6,1
2636,161,40,50000,Conservative,2025-08-11,5,Utilities,Flipkart,1823.58,Credit Card,Desktop,0,0,0,1,0,6,0,0
2637,491,39,35000,Balanced,2025-08-21,2,EMI,BigBasket,9484.45,UPI,Mobile,0,1,0,0,1,7,5,0
2638,104,27,50000,Aggressive,2025-09-25,3,Education,Myntra,2588.04,BNPL,Mobile,0,0,0,0,0,10,4,0
2639,16,32,50000,Balanced,2025-09-06,10,Rent,Zomato,14560.54,UPI,Desktop,0,0,0,0,1,7,5,0
2640,50,25,35000,Balanced,2025-05-06,3,Food Delivery,Zomato,241.8,UPI,Desktop,0,0,0,0,0,8,0,0
2641,470,37,25000,Conservative,2025-08-24,21,EMI,PhonePe,3609.15,UPI,Mobile,0,0,0,0,0,7,2,0
2642,470,37,25000,Conservative,2025-05-17,4,Health,Zomato,2024.91,Credit Card,Mobile,0,0,0,0,0,4,1,0
2643,484,28,100000,Conservative,2025-01-17,6,Entertainment,Groww,1028.77,BNPL,Tablet,0,0,0,0,0,2,5,1
2644,280,42,75000,Conservative,2025-07-21,16,Education,Netflix,3995.21,Credit Card,Mobile,0,0,1,0,0,4,3,1
2645,89,44,50000,Balanced,2025-04-02,22,Investment,Groww,3965.6,UPI,Mobile,1,1,0,0,0,2,1,0
2646,178,41,35000,Balanced,2025-10-07,23,EMI,Uber,5001.79,Credit Card,Mobile,0,1,0,0,0,9,2,0
2647,467,37,50000,Conservative,2025-09-09,9,Travel,Uber,8059.54,Credit Card,Mobile,0,0,1,0,1,2,5,1
2648,206,36,25000,Conservative,2025-03-05,10,Investment,PhonePe,2455.02,Debit Card,Mobile,1,0,1,1,0,6,1,0
2649,446,38,50000,Conservative,2025-12-03,15,Travel,Myntra,7449.68,BNPL,Mobile,1,0,1,0,0,3,7,1
2650,282,36,35000,Balanced,2025-03-15,13,Utilities,PhonePe,2516.13,UPI,Mobile,0,0,1,0,0,5,1,0
2651,451,41,50000,Conservative,2025-04-24,10,Food Delivery,Netflix,533.29,Cash,Mobile,0,0,0,0,0,8,0,0
2652,321,28,35000,Conservative,2025-11-08,22,Health,Amazon,1754.3,Credit Card,Mobile,0,1,0,0,0,10,1,0
2653,428,21,35000,Conservative,2025-12-01,7,Rent,BigBasket,5965.7,UPI,Desktop,1,0,0,1,0,4,3,0
2654,484,28,100000,Conservative,2025-12-18,4,Investment,Flipkart,3661.94,UPI,Mobile,0,0,0,0,0,2,0,0
2655,224,28,15000,Balanced,2025-08-19,14,Investment,Flipkart,2716.77,Debit Card,Desktop,0,0,0,0,0,1,3,0
2656,268,23,25000,Conservative,2025-11-08,6,Fashion,PhonePe,2791.66,Credit Card,Mobile,0,0,1,0,0,9,4,1
2657,309,18,15000,Aggressive,2025-02-18,12,Entertainment,PhonePe,931.61,Credit Card,Mobile,0,0,1,1,0,2,3,1
2658,347,28,25000,Conservative,2025-04-28,12,Utilities,Groww,1944.62,Credit Card,Mobile,0,0,0,1,0,2,1,0
2659,424,34,25000,Conservative,2025-01-07,20,Entertainment,PhonePe,367.21,UPI,Mobile,0,0,0,0,0,1,0,0
2660,100,35,35000,Aggressive,2025-01-26,7,Education,Croma,3370.68,UPI,Desktop,0,0,0,1,0,9,1,0
2661,360,19,35000,Balanced,2025-04-10,17,Groceries,Croma,1365.3,UPI,Mobile,0,0,1,0,0,2,0,0
2662,150,33,15000,Conservative,2025-01-07,0,Rent,Myntra,9965.03,Credit Card,Mobile,0,1,0,0,0,1,10,1
2663,20,35,50000,Aggressive,2025-07-14,17,Groceries,Amazon,1772.5,Debit Card,Mobile,0,0,0,1,0,1,0,0
2664,11,36,25000,Aggressive,2025-08-14,10,Utilities,BigBasket,2394.55,Debit Card,Mobile,0,0,1,1,0,2,1,0
2665,151,41,75000,Balanced,2025-01-16,7,Groceries,Swiggy,706.63,UPI,Desktop,0,0,0,0,0,5,0,0
2666,404,20,15000,Conservative,2025-09-12,18,Travel,Myntra,9022.8,UPI,Mobile,0,0,0,1,1,10,10,0
2667,436,34,15000,Aggressive,2025-02-18,22,Health,Flipkart,2789.03,Debit Card,Mobile,0,1,0,0,0,6,3,0
2668,258,41,15000,Conservative,2025-01-27,19,Investment,Paytm,4577.66,Debit Card,Mobile,0,0,0,0,1,3,6,0
2669,26,18,15000,Balanced,2025-09-21,0,Food Delivery,Netflix,515.28,Credit Card,Mobile,0,1,1,0,0,1,2,1
2670,325,30,25000,Balanced,2025-03-20,19,Entertainment,Netflix,935.08,UPI,Mobile,0,0,1,1,0,5,0,0
2671,203,20,35000,Balanced,2025-07-12,19,Fashion,Amazon,1092.88,UPI,Mobile,0,0,1,0,1,1,2,1
2672,182,36,100000,Balanced,2025-10-04,21,EMI,Netflix,6094.54,Debit Card,Mobile,1,0,0,0,0,6,1,0
2673,248,21,35000,Balanced,2025-01-24,12,Education,Paytm,4118.84,Credit Card,Desktop,0,0,1,0,0,2,4,1
2674,280,42,75000,Conservative,2025-03-12,10,Education,Amazon,3718.36,Credit Card,Mobile,0,0,0,1,0,1,0,0
2675,231,31,25000,Conservative,2025-12-31,9,Education,Uber,5451.4,Debit Card,Mobile,0,0,0,0,0,8,4,0
2676,283,32,35000,Conservative,2025-04-02,19,EMI,Groww,6103.18,UPI,Tablet,1,0,0,0,0,3,3,0
2677,6,23,15000,Aggressive,2025-12-19,22,Entertainment,Groww,141.83,Cash,Mobile,0,1,0,0,0,5,0,0
2678,495,43,25000,Conservative,2025-02-08,13,Travel,Zomato,4333.43,UPI,Mobile,0,0,0,0,0,1,3,0
2679,415,23,100000,Aggressive,2025-03-21,15,Food Delivery,Paytm,100.0,Cash,Mobile,0,0,0,0,1,8,0,0
2680,290,42,25000,Conservative,2025-11-26,13,Health,Croma,3242.8,UPI,Mobile,0,0,0,0,0,6,2,0
2681,337,25,15000,Balanced,2025-02-04,22,Health,Amazon,866.49,Credit Card,Desktop,1,1,0,1,1,4,3,1
2682,476,25,50000,Aggressive,2025-02-09,4,Travel,Croma,4251.03,Credit Card,Mobile,0,0,0,0,0,4,1,0
2683,456,34,50000,Balanced,2025-06-21,14,EMI,Swiggy,8418.01,Credit Card,Mobile,0,0,0,0,0,4,5,1
2684,151,41,75000,Balanced,2025-12-25,1,Fashion,Uber,2109.32,Credit Card,Mobile,0,1,0,1,1,7,2,1
2685,300,23,25000,Balanced,2025-05-13,3,Fashion,Myntra,1299.92,UPI,Desktop,0,0,0,1,1,3,3,1
2686,300,23,25000,Balanced,2025-07-28,14,Fashion,Amazon,3651.66,Credit Card,Mobile,0,0,0,0,1,9,2,0
2687,5,39,15000,Balanced,2025-05-28,6,Travel,Swiggy,8650.79,Credit Card,Mobile,0,0,0,0,0,9,10,0
2688,386,33,50000,Conservative,2025-05-25,15,Investment,Myntra,1069.65,UPI,Mobile,0,0,0,1,0,3,0,0
2689,499,44,15000,Aggressive,2025-04-22,11,Groceries,Netflix,1265.65,UPI,Mobile,0,0,0,1,1,9,1,0
2690,251,43,35000,Conservative,2025-12-09,0,Food Delivery,Paytm,199.04,UPI,Mobile,0,1,0,1,0,7,0,0
2691,72,43,100000,Balanced,2025-06-14,21,EMI,Swiggy,8233.94,UPI,Desktop,0,0,1,0,0,7,1,0
2692,41,30,35000,Conservative,2025-03-17,15,Rent,Uber,11665.96,Debit Card,Mobile,0,0,1,0,0,6,6,0
2693,497,32,25000,Conservative,2025-07-04,18,Food Delivery,PhonePe,477.64,BNPL,Mobile,1,0,1,0,0,9,5,1
2694,161,40,50000,Conservative,2025-06-07,6,Education,Uber,2154.74,Debit Card,Mobile,0,0,0,1,0,2,0,0
2695,67,36,25000,Conservative,2025-02-12,20,Entertainment,Netflix,520.43,Cash,Desktop,0,0,0,0,0,7,0,0
2696,173,44,25000,Conservative,2025-08-04,22,Groceries,Croma,1143.45,Credit Card,Tablet,1,1,0,1,0,7,0,0
2697,182,36,100000,Balanced,2025-07-16,0,Investment,BigBasket,5613.06,UPI,Mobile,0,1,1,0,1,1,3,1
2698,87,39,25000,Aggressive,2025-08-13,23,Health,Uber,3721.31,Credit Card,Desktop,0,1,0,0,0,10,2,0
2699,337,25,15000,Balanced,2025-08-23,4,Entertainment,Croma,925.81,Credit Card,Mobile,0,0,1,0,0,3,3,1
2700,236,37,25000,Conservative,2025-03-14,13,Food Delivery,Flipkart,428.83,UPI,Mobile,0,0,1,0,0,10,0,0
2701,488,23,75000,Balanced,2025-11-29,5,EMI,Groww,5872.26,Credit Card,Desktop,0,0,1,0,1,9,1,0
2702,302,30,15000,Conservative,2025-01-24,1,Rent,Flipkart,9120.12,BNPL,Mobile,0,1,1,0,1,1,10,1
2703,383,42,35000,Conservative,2025-11-12,22,Entertainment,Swiggy,831.54,UPI,Desktop,0,1,0,1,0,5,0,0
2704,438,19,35000,Aggressive,2025-05-07,13,Electronics,Flipkart,8717.86,UPI,Mobile,0,0,0,1,1,5,6,1
2705,250,27,25000,Conservative,2025-01-30,18,Groceries,Zomato,1037.17,BNPL,Mobile,0,0,1,0,0,6,3,0
2706,427,41,50000,Conservative,2025-02-13,7,EMI,Croma,3551.97,Credit Card,Mobile,0,0,0,1,0,6,1,0
2707,422,22,15000,Aggressive,2025-04-28,0,Groceries,Flipkart,2782.95,UPI,Mobile,0,1,1,0,0,9,5,1
2708,420,28,25000,Conservative,2025-11-29,15,Utilities,Paytm,2042.72,BNPL,Mobile,0,0,0,0,1,7,4,0
2709,374,20,50000,Aggressive,2025-01-18,12,Education,PhonePe,5794.47,Debit Card,Mobile,0,0,1,0,0,6,2,0
2710,87,39,25000,Aggressive,2025-02-28,16,Rent,Paytm,5005.3,UPI,Mobile,0,0,1,0,0,3,6,1
2711,371,39,35000,Balanced,2025-05-08,13,Travel,Swiggy,4926.85,UPI,Tablet,0,0,0,0,0,10,2,0
2712,311,18,75000,Balanced,2025-06-21,12,Food Delivery,Zomato,304.11,Credit Card,Mobile,0,0,0,0,1,5,0,0
2713,62,23,25000,Balanced,2025-03-20,20,Food Delivery,Swiggy,148.28,Credit Card,Mobile,0,0,0,0,0,2,2,1
2714,330,34,35000,Balanced,2025-10-09,17,Food Delivery,BigBasket,508.24,UPI,Mobile,0,0,1,0,1,8,0,0
2715,28,28,25000,Balanced,2025-05-31,23,Rent,PhonePe,9068.2,BNPL,Mobile,0,1,0,1,0,2,10,1
2716,248,21,35000,Balanced,2025-10-07,18,Electronics,Swiggy,10853.32,Debit Card,Mobile,0,0,0,0,0,4,8,1
2717,439,18,75000,Balanced,2025-12-04,19,Travel,Myntra,12629.84,UPI,Mobile,1,0,0,1,0,7,3,0
2718,185,33,50000,Aggressive,2025-08-11,0,Rent,Groww,9327.14,Credit Card,Mobile,0,1,0,1,0,8,5,1
2719,363,23,50000,Conservative,2025-04-14,22,Fashion,BigBasket,2820.22,Credit Card,Mobile,0,1,1,0,0,2,3,1
2720,356,39,35000,Balanced,2025-11-09,2,Utilities,Paytm,1479.97,BNPL,Mobile,0,1,0,0,0,1,5,1
2721,377,25,50000,Balanced,2025-03-06,9,Rent,BigBasket,14668.03,UPI,Desktop,0,0,0,0,0,4,5,0
2722,414,22,50000,Conservative,2025-06-27,3,Fashion,Myntra,3063.32,Credit Card,Desktop,0,0,1,1,0,6,3,1
2723,359,38,50000,Balanced,2025-09-17,1,Education,PhonePe,1283.06,UPI,Desktop,0,1,0,1,0,4,0,0
2724,465,32,50000,Balanced,2025-12-09,23,Food Delivery,Flipkart,379.62,UPI,Mobile,0,1,0,0,1,2,2,1
2725,111,39,35000,Conservative,2025-06-19,16,Groceries,Flipkart,968.13,Debit Card,Mobile,0,0,0,0,1,8,0,0
2726,320,41,25000,Balanced,2025-12-12,9,Health,Paytm,2113.95,UPI,Mobile,0,0,1,0,0,10,1,0
2727,7,18,25000,Balanced,2025-05-08,18,Utilities,Myntra,100.0,Debit Card,Mobile,0,0,0,0,0,2,0,0
2728,218,40,35000,Balanced,2025-07-13,12,Investment,Myntra,5376.27,BNPL,Tablet,0,0,0,0,0,5,6,0
2729,299,37,25000,Aggressive,2025-08-19,5,Food Delivery,Swiggy,484.24,BNPL,Mobile,0,0,1,1,0,6,5,1
2730,235,18,15000,Balanced,2025-07-20,16,Education,BigBasket,2049.23,Credit Card,Mobile,0,0,0,0,0,6,2,0
2731,487,28,50000,Aggressive,2025-06-11,9,Fashion,Groww,3368.45,Debit Card,Desktop,0,0,0,1,0,2,1,0
2732,359,38,50000,Balanced,2025-01-12,11,Utilities,Flipkart,2367.45,Credit Card,Mobile,0,0,0,0,1,4,0,0
2733,446,38,50000,Conservative,2025-04-19,0,Utilities,Amazon,2066.2,UPI,Mobile,0,1,0,1,0,1,0,0
2734,358,40,50000,Aggressive,2025-01-29,15,Entertainment,Croma,825.74,UPI,Mobile,0,0,0,1,1,8,0,0
2735,41,30,35000,Conservative,2025-03-17,21,Travel,BigBasket,10893.83,UPI,Mobile,0,0,1,0,1,5,6,0
2736,386,33,50000,Conservative,2025-07-09,3,Electronics,Croma,4564.78,UPI,Mobile,0,0,0,1,0,8,1,0
2737,341,33,25000,Balanced,2025-08-30,16,Education,Flipkart,1746.04,UPI,Mobile,0,0,1,1,0,5,1,0
2738,455,21,15000,Conservative,2025-09-16,0,Travel,PhonePe,5051.63,UPI,Tablet,0,1,1,0,0,7,8,1
2739,302,30,15000,Conservative,2025-11-03,4,Entertainment,BigBasket,946.01,UPI,Mobile,1,0,0,0,0,10,1,0
2740,30,24,50000,Aggressive,2025-02-09,1,Fashion,Myntra,3111.76,Debit Card,Tablet,0,1,0,1,0,9,1,0
2741,436,34,15000,Aggressive,2025-12-02,5,Travel,Paytm,9089.58,UPI,Mobile,1,0,0,1,0,10,10,0
2742,336,40,25000,Conservative,2025-09-12,20,Utilities,Swiggy,2819.81,UPI,Desktop,0,0,0,1,0,7,2,0
2743,497,32,25000,Conservative,2025-03-04,10,Health,Zomato,460.43,UPI,Desktop,1,0,0,0,0,7,0,0
2744,162,38,35000,Conservative,2025-06-03,10,Education,Netflix,2815.31,UPI,Mobile,1,0,1,0,0,8,1,0
2745,386,33,50000,Conservative,2025-07-17,0,Health,Paytm,2586.59,UPI,Mobile,0,1,0,0,1,4,1,0
2746,195,42,35000,Aggressive,2025-02-11,9,Entertainment,Flipkart,603.61,Credit Card,Mobile,0,0,0,1,0,4,2,1
2747,400,39,25000,Balanced,2025-09-30,21,Rent,Netflix,14615.95,Credit Card,Mobile,0,0,0,0,0,4,10,1
2748,24,32,50000,Conservative,2025-10-30,2,Travel,Paytm,2628.48,UPI,Mobile,0,1,1,0,0,5,1,0
2749,482,42,25000,Balanced,2025-08-03,13,Education,Flipkart,4878.34,UPI,Mobile,1,0,0,1,0,9,3,0
2750,432,22,50000,Conservative,2025-05-03,3,Food Delivery,Myntra,469.52,Cash,Desktop,1,0,0,1,1,8,0,0
2751,383,42,35000,Conservative,2025-09-10,6,Utilities,PhonePe,1897.67,UPI,Mobile,0,0,0,0,0,9,1,0
2752,348,40,15000,Aggressive,2025-10-07,0,Fashion,BigBasket,658.76,Credit Card,Mobile,0,1,0,1,0,9,2,1
2753,355,19,35000,Conservative,2025-12-11,21,Travel,PhonePe,8495.53,UPI,Desktop,0,0,1,0,0,5,4,0
2754,48,42,35000,Conservative,2025-08-03,23,Travel,Croma,11970.24,UPI,Mobile,1,1,0,0,0,4,8,1
2755,66,44,25000,Balanced,2025-05-04,15,Entertainment,Groww,1247.41,UPI,Mobile,1,0,0,0,1,6,0,0
2756,101,19,25000,Conservative,2025-03-18,19,Investment,Uber,8016.8,UPI,Mobile,0,0,0,0,0,7,6,0
2757,325,30,25000,Balanced,2025-09-23,11,Entertainment,Uber,1189.64,Credit Card,Mobile,0,0,0,0,0,1,2,1
2758,480,31,35000,Balanced,2025-04-28,13,Utilities,BigBasket,1762.01,BNPL,Mobile,0,0,0,0,0,4,4,0
2759,307,26,35000,Balanced,2025-09-17,5,Travel,Zomato,12042.11,UPI,Desktop,0,0,0,0,0,4,6,0
2760,177,42,25000,Conservative,2025-01-31,9,Groceries,Amazon,1611.1,UPI,Tablet,0,0,1,1,0,3,1,0
2761,31,26,35000,Conservative,2025-08-06,18,Health,Uber,1485.27,Credit Card,Desktop,0,0,0,0,0,3,0,0
2762,260,34,35000,Balanced,2025-03-18,22,Travel,Zomato,8561.97,Credit Card,Mobile,0,1,0,0,0,6,6,1
2763,206,36,25000,Conservative,2025-08-11,6,Utilities,Amazon,1342.81,Debit Card,Desktop,0,0,0,0,0,1,1,0
2764,48,42,35000,Conservative,2025-08-03,12,Entertainment,Myntra,855.27,Debit Card,Mobile,1,0,1,1,0,3,2,1
2765,79,25,35000,Conservative,2025-08-02,13,Travel,PhonePe,9789.75,Cash,Desktop,1,0,1,1,0,1,7,1
2766,75,40,25000,Conservative,2025-09-07,3,EMI,Flipkart,3788.11,Debit Card,Mobile,0,0,0,1,1,5,3,0
2767,142,31,15000,Conservative,2025-04-06,2,Education,Netflix,4660.57,UPI,Mobile,0,1,0,0,0,2,8,1
2768,406,42,35000,Conservative,2025-05-02,6,Groceries,Groww,798.32,UPI,Mobile,1,0,0,0,1,6,0,0
2769,414,22,50000,Conservative,2025-08-05,5,Electronics,Amazon,12039.8,UPI,Mobile,1,0,1,0,0,10,6,1
2770,217,42,35000,Balanced,2025-04-20,2,Entertainment,Myntra,885.34,UPI,Desktop,0,1,1,0,0,3,2,1
2771,108,31,75000,Conservative,2025-12-27,7,Groceries,Paytm,1349.35,Cash,Mobile,0,0,0,0,0,9,0,0
2772,358,40,50000,Aggressive,2025-12-09,7,Rent,Paytm,13034.28,Credit Card,Desktop,0,0,0,0,1,5,5,0
2773,266,23,35000,Conservative,2025-09-22,19,Health,Amazon,3181.92,Credit Card,Mobile,0,0,0,0,0,7,1,0
2774,239,31,15000,Conservative,2025-09-25,21,Investment,Paytm,5597.18,Cash,Mobile,0,0,1,0,1,7,7,0
2775,348,40,15000,Aggressive,2025-04-03,9,Education,Flipkart,3538.32,UPI,Mobile,1,0,1,1,0,1,6,1
2776,470,37,25000,Conservative,2025-10-23,1,Utilities,Uber,620.54,UPI,Mobile,0,1,0,1,0,8,0,0
2777,302,30,15000,Conservative,2025-10-30,9,Groceries,Swiggy,1035.59,BNPL,Mobile,0,0,1,0,1,3,6,1
2778,247,20,35000,Balanced,2025-05-28,20,Entertainment,Paytm,602.58,Credit Card,Mobile,0,0,1,0,0,7,2,1
2779,182,36,100000,Balanced,2025-10-17,13,Fashion,Croma,2081.11,UPI,Mobile,0,0,1,0,0,3,2,1
2780,329,36,35000,Balanced,2025-07-26,1,Utilities,Paytm,2387.75,Credit Card,Mobile,0,1,0,0,1,10,1,0
2781,245,43,35000,Conservative,2025-06-28,18,Groceries,Paytm,1799.76,UPI,Mobile,0,0,0,0,0,8,1,0
2782,379,20,50000,Balanced,2025-08-03,13,EMI,Amazon,3075.31,UPI,Mobile,1,0,0,1,0,5,1,0
2783,453,19,25000,Balanced,2025-10-25,6,Health,Zomato,3149.66,Debit Card,Desktop,0,0,0,0,0,4,2,0
2784,479,20,25000,Balanced,2025-03-07,3,Food Delivery,Amazon,409.8,Credit Card,Tablet,0,0,1,0,0,7,2,1
2785,13,38,35000,Conservative,2025-10-05,21,Electronics,BigBasket,11670.12,UPI,Mobile,1,0,0,0,0,2,8,1
2786,341,33,25000,Balanced,2025-10-31,0,Investment,Croma,3271.88,Cash,Mobile,0,1,0,0,0,3,2,0
2787,437,36,50000,Conservative,2025-04-20,11,Investment,Paytm,2841.91,UPI,Mobile,0,0,0,0,0,3,1,0
2788,308,25,50000,Aggressive,2025-02-20,1,Food Delivery,Croma,429.18,Debit Card,Tablet,0,1,0,1,0,9,0,0
2789,409,34,15000,Conservative,2025-11-11,21,EMI,Amazon,5915.94,Credit Card,Mobile,0,0,1,0,0,3,9,1
2790,388,26,75000,Conservative,2025-09-15,17,Health,Zomato,2174.61,UPI,Desktop,0,0,0,1,0,6,0,0
2791,107,18,15000,Conservative,2025-06-05,16,EMI,BigBasket,7375.03,Debit Card,Desktop,1,0,1,0,0,1,10,1
2792,376,43,35000,Conservative,2025-08-01,2,Food Delivery,Croma,674.11,Credit Card,Mobile,1,1,1,1,0,6,2,1
2793,345,36,35000,Balanced,2025-09-15,0,Education,Amazon,4082.61,Cash,Desktop,0,1,0,1,0,8,2,0
2794,466,37,50000,Balanced,2025-11-20,1,Food Delivery,Zomato,357.89,Cash,Mobile,0,1,1,1,0,3,2,1
2795,256,41,75000,Conservative,2025-08-13,10,Food Delivery,BigBasket,339.38,Credit Card,Mobile,0,0,0,0,0,3,2,1
2796,29,20,50000,Conservative,2025-12-16,0,Education,Paytm,2669.16,UPI,Mobile,0,1,0,0,1,10,1,0
2797,49,30,75000,Conservative,2025-08-23,8,Fashion,Croma,2990.49,Credit Card,Mobile,0,0,0,0,0,4,2,1
2798,11,36,25000,Aggressive,2025-10-16,2,Health,Groww,2450.86,UPI,Tablet,0,1,0,0,0,10,1,0
2799,214,23,35000,Aggressive,2025-05-05,7,Entertainment,Swiggy,516.39,UPI,Mobile,1,0,1,0,0,2,2,1
2800,430,26,15000,Aggressive,2025-05-30,10,EMI,Groww,2634.4,Cash,Desktop,0,0,1,0,1,9,3,0
2801,152,29,35000,Balanced,2025-05-16,11,Education,Croma,3037.58,Debit Card,Mobile,0,0,0,0,1,2,1,0
2802,174,20,25000,Balanced,2025-12-16,12,Travel,PhonePe,9771.19,BNPL,Mobile,0,0,1,0,0,9,10,1
2803,206,36,25000,Conservative,2025-11-14,20,Education,Netflix,1810.6,Cash,Mobile,0,0,0,1,1,2,1,0
2804,186,27,100000,Aggressive,2025-05-30,2,Utilities,Netflix,3338.14,UPI,Mobile,0,1,0,0,1,6,0,0
2805,296,32,35000,Balanced,2025-04-18,16,EMI,PhonePe,5057.06,BNPL,Tablet,0,0,0,1,0,8,5,0
2806,171,42,35000,Conservative,2025-05-07,19,Travel,Zomato,6879.8,UPI,Mobile,0,0,0,0,0,10,3,0
2807,14,42,100000,Aggressive,2025-12-10,18,Education,BigBasket,4079.43,UPI,Mobile,0,0,0,0,0,10,0,0
2808,38,27,35000,Conservative,2025-02-09,19,Entertainment,Amazon,442.52,Credit Card,Mobile,0,0,0,0,0,9,0,0
2809,373,43,15000,Conservative,2025-02-06,18,Investment,PhonePe,2370.58,UPI,Desktop,0,0,0,0,1,6,3,0
2810,313,38,25000,Aggressive,2025-11-14,16,Education,Netflix,2097.93,UPI,Mobile,0,0,1,0,0,7,1,0
2811,277,25,50000,Balanced,2025-05-05,2,Travel,Myntra,7748.28,Credit Card,Desktop,1,1,0,1,0,6,5,1
2812,34,44,35000,Conservative,2025-11-03,0,Food Delivery,Swiggy,491.01,Debit Card,Mobile,1,1,0,1,1,6,2,1
2813,350,19,75000,Conservative,2025-04-14,6,Fashion,PhonePe,2702.48,Debit Card,Mobile,0,0,0,0,0,2,0,0
2814,257,36,15000,Balanced,2025-12-27,22,Investment,Paytm,8717.65,Credit Card,Mobile,0,1,0,0,1,9,10,1
2815,53,41,50000,Conservative,2025-02-16,0,Education,Uber,2550.59,UPI,Mobile,0,1,0,0,0,6,1,0
2816,151,41,75000,Balanced,2025-01-30,15,Utilities,Zomato,2983.49,BNPL,Mobile,0,0,0,1,0,3,3,0
2817,214,23,35000,Aggressive,2025-10-14,20,Education,Croma,1298.63,Cash,Mobile,0,0,0,0,0,1,0,0
2818,11,36,25000,Aggressive,2025-12-01,4,Electronics,Paytm,12917.03,UPI,Mobile,1,0,0,1,0,5,10,0
2819,51,18,15000,Conservative,2025-05-21,17,Food Delivery,Paytm,341.9,Credit Card,Mobile,0,0,1,0,0,5,2,1
2820,46,28,25000,Conservative,2025-09-10,7,Health,Croma,2062.93,UPI,Mobile,0,0,1,0,0,5,1,0
2821,91,33,25000,Conservative,2025-06-08,7,Food Delivery,Flipkart,312.45,UPI,Mobile,0,0,1,0,0,2,2,1
2822,481,37,35000,Conservative,2025-12-19,16,Entertainment,Uber,883.3,Credit Card,Mobile,0,0,1,0,1,1,2,1
2823,355,19,35000,Conservative,2025-10-06,3,Food Delivery,Amazon,323.22,UPI,Tablet,0,0,1,1,0,2,2,1
2824,312,25,35000,Conservative,2025-06-04,10,Electronics,Paytm,18711.84,Debit Card,Mobile,1,0,0,1,0,9,10,0
2825,156,21,15000,Aggressive,2025-12-03,11,Groceries,Paytm,1898.12,UPI,Mobile,1,0,0,1,1,2,2,0
2826,84,37,25000,Balanced,2025-12-08,9,Entertainment,Paytm,961.43,Credit Card,Mobile,0,0,0,1,0,7,0,0
2827,300,23,25000,Balanced,2025-08-06,10,EMI,Groww,5179.82,UPI,Mobile,0,0,1,0,0,10,4,0
2828,233,32,35000,Conservative,2025-12-11,5,Fashion,Netflix,4891.87,Debit Card,Tablet,0,0,0,0,1,6,2,0
2829,65,23,50000,Aggressive,2025-04-11,4,Food Delivery,Flipkart,366.77,Cash,Mobile,0,0,0,0,0,1,0,0
2830,65,23,50000,Aggressive,2025-03-11,18,EMI,BigBasket,11375.88,Debit Card,Desktop,0,0,0,0,1,7,4,0
2831,169,36,35000,Aggressive,2025-05-31,0,Electronics,Groww,15786.78,BNPL,Mobile,0,1,0,0,1,3,10,1
2832,70,42,15000,Aggressive,2025-05-05,2,Investment,Amazon,3868.4,Credit Card,Mobile,1,1,1,1,1,8,7,1
2833,498,34,100000,Conservative,2025-03-21,15,Fashion,Swiggy,1338.47,BNPL,Mobile,0,0,1,0,0,1,5,1
2834,477,37,15000,Balanced,2025-04-15,2,Fashion,Flipkart,1206.84,Debit Card,Mobile,0,1,1,0,1,9,3,1
2835,415,23,100000,Aggressive,2025-06-19,18,Investment,Croma,3168.77,UPI,Mobile,0,0,0,1,0,9,0,0
2836,351,43,50000,Conservative,2025-05-04,9,Food Delivery,Swiggy,452.8,UPI,Mobile,1,0,0,0,0,9,0,0
2837,127,39,15000,Conservative,2025-03-19,23,Electronics,PhonePe,21227.07,UPI,Mobile,0,1,0,1,0,4,10,1
2838,5,39,15000,Balanced,2025-09-06,17,Travel,Uber,5802.35,Debit Card,Mobile,0,0,1,1,0,4,9,1
2839,445,40,15000,Aggressive,2025-02-16,10,Travel,PhonePe,9340.34,Credit Card,Desktop,0,0,1,1,1,4,10,1
2840,103,28,50000,Balanced,2025-01-16,11,Travel,Croma,3408.67,Debit Card,Mobile,0,0,0,0,1,10,1,0
2841,305,22,75000,Balanced,2025-10-15,0,Utilities,Swiggy,1064.49,Debit Card,Desktop,0,1,0,0,0,2,0,0
2842,227,43,25000,Aggressive,2025-01-16,9,Rent,BigBasket,15012.72,UPI,Mobile,0,0,0,0,1,10,10,0
2843,119,36,35000,Conservative,2025-04-19,5,Fashion,Paytm,3004.59,Credit Card,Mobile,0,0,1,1,1,6,3,1
2844,334,40,100000,Aggressive,2025-03-17,7,Entertainment,PhonePe,944.0,UPI,Mobile,0,0,0,0,0,8,0,0
2845,276,18,50000,Balanced,2025-01-06,0,Entertainment,Amazon,714.58,Credit Card,Mobile,0,1,1,1,0,3,2,1
2846,269,40,35000,Conservative,2025-04-21,11,Rent,Uber,12349.44,Cash,Mobile,0,0,0,1,0,9,7,0
2847,299,37,25000,Aggressive,2025-01-29,18,Investment,Groww,5682.63,Credit Card,Tablet,0,0,0,0,1,8,4,0
2848,293,18,15000,Balanced,2025-08-09,8,Investment,Netflix,9649.05,UPI,Mobile,0,0,0,0,0,4,10,0
2849,99,43,75000,Conservative,2025-12-15,1,Electronics,Groww,12051.17,UPI,Mobile,0,1,0,0,0,8,5,1
2850,310,31,25000,Aggressive,2025-10-24,20,Education,PhonePe,2552.21,Debit Card,Mobile,0,0,0,1,1,5,2,0
2851,433,32,15000,Balanced,2025-11-20,12,Utilities,Uber,1517.19,UPI,Mobile,0,0,0,1,1,9,2,0
2852,482,42,25000,Balanced,2025-11-18,7,Groceries,Zomato,588.31,BNPL,Desktop,0,0,0,0,0,5,3,0
2853,252,44,100000,Balanced,2025-05-11,22,Groceries,Zomato,401.32,Credit Card,Mobile,0,1,1,0,1,1,2,1
2854,79,25,35000,Conservative,2025-03-06,12,Utilities,BigBasket,2034.83,UPI,Desktop,0,0,0,1,1,9,1,0
2855,364,30,50000,Conservative,2025-08-28,1,Investment,Groww,3495.55,Debit Card,Desktop,0,1,1,1,1,3,3,1
2856,238,31,35000,Balanced,2025-04-18,21,Rent,Zomato,11922.65,UPI,Mobile,0,0,0,0,0,3,6,0
2857,480,31,35000,Balanced,2025-04-21,14,Health,Flipkart,2947.51,UPI,Desktop,0,0,0,0,0,9,1,0
2858,263,23,100000,Balanced,2025-01-27,15,EMI,PhonePe,6327.84,UPI,Mobile,0,0,0,0,0,3,1,0
2859,215,35,35000,Conservative,2025-01-25,11,EMI,PhonePe,7314.14,UPI,Mobile,0,0,0,0,0,1,4,0
2860,123,39,50000,Balanced,2025-08-04,16,Fashion,BigBasket,2915.29,Debit Card,Mobile,1,0,0,0,0,4,1,0
2861,206,36,25000,Conservative,2025-06-16,15,Fashion,Swiggy,1977.37,Debit Card,Mobile,0,0,1,1,1,8,3,1
2862,282,36,35000,Balanced,2025-02-11,23,Travel,Zomato,4971.88,Credit Card,Mobile,0,1,0,1,1,9,4,1
2863,32,33,25000,Balanced,2025-10-24,7,Fashion,PhonePe,3526.51,Debit Card,Desktop,0,0,0,1,1,7,2,0
2864,148,42,35000,Balanced,2025-06-20,12,Fashion,Zomato,2767.51,Credit Card,Mobile,0,0,0,1,0,5,1,0
2865,150,33,15000,Conservative,2025-03-09,4,Entertainment,Swiggy,1019.79,UPI,Mobile,0,0,0,0,1,1,1,0
2866,443,44,50000,Conservative,2025-06-21,13,Utilities,Zomato,2203.09,BNPL,Desktop,0,0,0,1,1,4,5,1
2867,317,44,35000,Conservative,2025-05-15,15,Groceries,Uber,1410.18,UPI,Mobile,0,0,0,0,0,10,0,0
2868,255,28,15000,Aggressive,2025-03-11,10,Groceries,Amazon,1378.18,UPI,Mobile,0,0,0,1,0,9,1,0
2869,29,20,50000,Conservative,2025-01-26,2,Rent,Myntra,7065.39,Debit Card,Mobile,0,1,1,0,0,6,2,0
2870,218,40,35000,Balanced,2025-09-10,3,Investment,Netflix,6110.75,Credit Card,Mobile,0,0,0,0,1,2,5,1
2871,162,38,35000,Conservative,2025-08-27,10,Education,Croma,3529.79,Debit Card,Mobile,0,0,1,0,0,7,2,0
2872,383,42,35000,Conservative,2025-12-30,21,Utilities,Myntra,2478.21,Credit Card,Mobile,0,0,0,0,0,3,1,0
2873,290,42,25000,Conservative,2025-01-15,6,Groceries,Paytm,1855.39,UPI,Mobile,0,0,0,0,0,2,1,0
2874,305,22,75000,Balanced,2025-08-03,3,EMI,Croma,6120.66,UPI,Mobile,1,0,0,1,0,2,1,0
2875,390,43,35000,Aggressive,2025-11-21,6,Electronics,Swiggy,9372.63,Debit Card,Mobile,0,0,0,0,1,10,5,0
2876,386,33,50000,Conservative,2025-07-02,10,Groceries,PhonePe,1404.42,Credit Card,Mobile,1,0,0,0,0,7,0,0
2877,415,23,100000,Aggressive,2025-09-27,7,EMI,Paytm,4492.87,UPI,Tablet,0,0,0,1,0,4,0,0
2878,178,41,35000,Balanced,2025-06-13,10,Food Delivery,Uber,383.27,Credit Card,Mobile,0,0,0,0,1,9,0,0
2879,296,32,35000,Balanced,2025-06-26,7,Education,Groww,2109.29,BNPL,Mobile,0,0,0,0,0,6,4,0
2880,491,39,35000,Balanced,2025-12-22,12,Fashion,Paytm,3862.32,Debit Card,Mobile,0,0,1,0,0,5,2,0
2881,85,20,50000,Balanced,2025-03-07,4,Groceries,Groww,150.22,Credit Card,Desktop,0,0,0,0,0,3,0,0
2882,425,35,35000,Aggressive,2025-02-12,2,Food Delivery,Myntra,445.5,UPI,Mobile,0,1,0,0,0,6,0,0
2883,351,43,50000,Conservative,2025-09-05,3,Rent,PhonePe,10406.6,UPI,Mobile,1,0,1,1,1,2,6,1
2884,268,23,25000,Conservative,2025-01-26,13,Utilities,Uber,2884.86,UPI,Mobile,0,0,0,1,1,8,2,0
2885,47,42,25000,Conservative,2025-09-12,5,Groceries,Netflix,1105.81,UPI,Desktop,0,0,1,1,1,10,0,0
2886,453,19,25000,Balanced,2025-07-10,2,Food Delivery,PhonePe,198.92,UPI,Mobile,0,1,0,0,0,2,2,1
2887,206,36,25000,Conservative,2025-01-27,20,Electronics,Amazon,16273.01,Credit Card,Mobile,0,0,0,0,0,8,10,1
2888,469,38,75000,Aggressive,2025-03-25,5,EMI,Uber,7550.98,UPI,Mobile,0,0,0,0,0,6,2,0
2889,377,25,50000,Balanced,2025-06-13,15,Education,Swiggy,3380.38,UPI,Mobile,0,0,1,0,1,1,1,0
2890,484,28,100000,Conservative,2025-10-28,8,Food Delivery,Paytm,277.0,UPI,Mobile,0,0,0,1,0,6,0,0
2891,306,27,50000,Conservative,2025-03-09,22,Health,Amazon,2348.95,Credit Card,Mobile,0,1,0,0,1,2,2,1
2892,158,37,35000,Balanced,2025-08-28,1,EMI,Amazon,7487.59,Debit Card,Mobile,0,1,0,1,0,8,4,0
2893,420,28,25000,Conservative,2025-09-16,11,Travel,Zomato,4906.52,Credit Card,Desktop,0,0,0,0,0,5,3,0
2894,395,27,35000,Balanced,2025-08-08,9,Education,Uber,2335.29,UPI,Mobile,0,0,0,1,0,6,1,0
2895,478,29,15000,Aggressive,2025-10-14,2,Fashion,Uber,2030.32,UPI,Mobile,0,1,0,1,0,2,4,1
2896,164,28,50000,Aggressive,2025-01-20,8,Fashion,Croma,2997.04,UPI,Desktop,0,0,1,1,0,6,1,0
2897,224,28,15000,Balanced,2025-04-09,22,Food Delivery,Groww,321.92,UPI,Mobile,0,1,0,0,0,1,2,1
2898,338,20,75000,Balanced,2025-07-11,18,Education,Uber,3166.62,Credit Card,Mobile,0,0,0,1,0,9,0,0
2899,284,32,25000,Balanced,2025-10-10,16,Rent,BigBasket,8932.36,UPI,Desktop,0,0,1,0,0,8,7,0
2900,125,22,35000,Balanced,2025-04-23,9,EMI,Myntra,8231.77,Credit Card,Mobile,0,0,1,0,0,3,6,1
2901,90,32,35000,Conservative,2025-02-18,11,Food Delivery,Croma,442.83,Credit Card,Mobile,0,0,0,0,0,4,2,1
2902,470,37,25000,Conservative,2025-06-24,6,Health,Netflix,687.59,UPI,Mobile,0,0,1,1,0,2,0,0
2903,171,42,35000,Conservative,2025-06-27,7,Electronics,Swiggy,12286.01,Credit Card,Mobile,0,0,0,0,0,4,9,1
2904,439,18,75000,Balanced,2025-05-20,4,Food Delivery,Amazon,260.92,BNPL,Mobile,0,0,1,1,1,2,5,1
2905,251,43,35000,Conservative,2025-06-08,7,Fashion,Swiggy,2899.93,UPI,Mobile,0,0,1,0,0,8,1,0
2906,225,25,50000,Balanced,2025-06-05,18,Health,Flipkart,1513.52,UPI,Mobile,1,0,1,1,0,4,0,0
2907,120,22,25000,Conservative,2025-08-04,5,EMI,Flipkart,3340.73,UPI,Mobile,1,0,0,0,0,8,2,0
2908,76,33,50000,Aggressive,2025-06-22,11,Food Delivery,PhonePe,460.35,Debit Card,Mobile,0,0,1,1,0,3,2,1
2909,250,27,25000,Conservative,2025-07-07,21,Investment,Myntra,3814.94,Credit Card,Desktop,0,0,0,1,1,6,5,1
2910,157,29,25000,Aggressive,2025-09-20,21,Education,Netflix,5188.31,UPI,Mobile,0,0,0,1,0,4,4,0
2911,410,35,25000,Conservative,2025-03-29,7,Fashion,Netflix,3303.36,Credit Card,Mobile,0,0,0,0,0,3,4,1
2912,464,34,15000,Aggressive,2025-11-27,23,Entertainment,Groww,962.96,Debit Card,Desktop,0,1,0,1,0,2,3,1
2913,343,35,15000,Conservative,2025-05-17,8,EMI,Zomato,7328.5,Credit Card,Mobile,0,0,0,1,0,5,9,0
2914,262,43,25000,Balanced,2025-04-21,5,Fashion,Myntra,3450.38,Credit Card,Mobile,0,0,0,1,1,3,4,1
2915,200,30,15000,Conservative,2025-09-09,15,Travel,Uber,8116.81,Credit Card,Mobile,0,0,0,0,0,10,10,0
2916,68,26,50000,Conservative,2025-12-24,5,Fashion,Zomato,2876.4,UPI,Mobile,0,0,1,1,1,2,3,1
2917,213,31,50000,Conservative,2025-04-09,8,EMI,Croma,5249.4,BNPL,Desktop,0,0,0,1,0,5,5,0
2918,157,29,25000,Aggressive,2025-04-29,13,Health,Groww,2418.94,BNPL,Mobile,0,0,0,0,0,10,4,0
2919,374,20,50000,Aggressive,2025-09-15,15,Groceries,Myntra,1723.95,Cash,Mobile,0,0,0,1,0,1,0,0
2920,292,19,50000,Aggressive,2025-11-24,10,Travel,Uber,8514.22,Credit Card,Mobile,0,0,0,1,1,4,5,1
2921,434,33,35000,Conservative,2025-03-12,18,Entertainment,Flipkart,979.89,UPI,Mobile,0,0,0,1,0,6,0,0
2922,333,36,35000,Balanced,2025-04-20,4,Investment,BigBasket,6278.93,UPI,Desktop,0,0,0,0,0,2,3,0
2923,83,21,25000,Conservative,2025-08-09,14,Electronics,Croma,7496.4,Debit Card,Mobile,0,0,0,1,1,10,7,1
2924,72,43,100000,Balanced,2025-12-14,21,Investment,Paytm,2783.19,UPI,Mobile,0,0,1,1,0,10,0,0
2925,336,40,25000,Conservative,2025-11-07,6,Travel,Amazon,4254.39,UPI,Mobile,0,0,0,0,0,6,3,0
2926,81,31,35000,Balanced,2025-04-10,14,Food Delivery,Zomato,298.81,UPI,Mobile,0,0,0,1,0,3,0,0
2927,128,22,15000,Conservative,2025-06-11,9,Investment,Myntra,4513.24,Cash,Mobile,0,0,0,0,1,9,6,0
2928,94,26,100000,Conservative,2025-09-16,23,Travel,Netflix,10812.36,Debit Card,Desktop,0,1,0,1,0,7,2,0
2929,399,32,50000,Balanced,2025-02-19,6,Rent,Paytm,9602.16,UPI,Mobile,0,0,0,0,1,8,3,0
2930,409,34,15000,Conservative,2025-08-03,9,EMI,Swiggy,3660.3,Debit Card,Mobile,1,0,0,0,0,5,4,0
2931,481,37,35000,Conservative,2025-01-05,13,Rent,Netflix,17817.79,UPI,Mobile,1,0,0,1,0,1,10,0
2932,224,28,15000,Balanced,2025-12-07,2,Rent,PhonePe,12202.66,Debit Card,Tablet,0,1,0,1,0,4,10,1
2933,101,19,25000,Conservative,2025-12-29,22,Travel,PhonePe,14175.76,UPI,Tablet,0,1,0,1,1,3,10,1
2934,311,18,75000,Balanced,2025-03-17,4,Rent,Zomato,10081.12,Credit Card,Mobile,0,0,0,1,1,7,2,0
2935,302,30,15000,Conservative,2025-09-05,7,Groceries,Zomato,717.72,UPI,Mobile,1,0,0,1,0,5,0,0
2936,246,30,35000,Balanced,2025-06-17,15,Electronics,PhonePe,10898.15,BNPL,Desktop,0,0,0,0,0,9,10,1
2937,430,26,15000,Aggressive,2025-11-19,11,Food Delivery,Myntra,409.5,Credit Card,Mobile,0,0,0,1,1,2,2,1
2938,320,41,25000,Balanced,2025-11-28,18,EMI,Groww,9979.0,Credit Card,Mobile,0,0,1,1,1,7,9,1
2939,249,25,35000,Balanced,2025-11-25,7,Education,Flipkart,822.8,UPI,Mobile,0,0,0,0,1,2,0,0
2940,485,38,15000,Conservative,2025-10-30,7,EMI,Uber,10112.53,UPI,Desktop,0,0,0,0,0,10,10,0
2941,366,43,35000,Conservative,2025-01-20,7,Food Delivery,Paytm,485.24,UPI,Mobile,0,0,0,0,0,5,0,0
2942,184,18,35000,Balanced,2025-03-13,14,Rent,Flipkart,8011.67,Debit Card,Mobile,0,0,0,0,0,6,4,0
2943,282,36,35000,Balanced,2025-01-04,8,Investment,Groww,3466.14,Credit Card,Mobile,1,0,1,0,0,10,1,0
2944,147,41,50000,Aggressive,2025-11-29,23,Investment,Uber,5520.23,Credit Card,Mobile,0,1,0,0,0,5,2,0
2945,7,18,25000,Balanced,2025-08-26,6,Groceries,Amazon,974.09,UPI,Mobile,0,0,0,0,0,4,0,0
2946,55,24,35000,Conservative,2025-05-15,23,Education,Uber,2277.38,Credit Card,Mobile,0,1,0,0,0,8,1,0
2947,412,32,35000,Conservative,2025-07-15,0,Fashion,Swiggy,733.04,UPI,Mobile,0,1,1,1,0,4,2,1
2948,66,44,25000,Balanced,2025-09-28,13,EMI,BigBasket,5882.13,UPI,Mobile,0,0,0,1,0,5,4,0
2949,93,31,75000,Conservative,2025-01-31,15,Travel,Flipkart,7865.83,UPI,Mobile,0,0,0,0,0,5,2,0
2950,77,39,50000,Balanced,2025-06-29,18,Entertainment,BigBasket,428.5,Credit Card,Mobile,0,0,0,1,1,8,2,1
2951,178,41,35000,Balanced,2025-04-08,15,Education,BigBasket,2937.78,Credit Card,Mobile,0,0,1,0,1,3,3,1
2952,366,43,35000,Conservative,2025-01-18,5,Rent,PhonePe,7659.2,UPI,Mobile,0,0,1,0,0,9,4,0
2953,372,39,15000,Balanced,2025-12-17,5,Rent,Myntra,17856.28,UPI,Mobile,0,0,0,0,0,7,10,0
2954,178,41,35000,Balanced,2025-01-28,15,Travel,Swiggy,5453.42,Credit Card,Desktop,0,0,0,0,0,5,3,0
2955,323,26,15000,Balanced,2025-01-03,20,Groceries,BigBasket,1439.2,UPI,Desktop,1,0,0,1,0,9,1,0
2956,178,41,35000,Balanced,2025-09-08,9,EMI,Flipkart,6880.89,UPI,Tablet,0,0,0,0,1,10,3,0
2957,454,22,15000,Aggressive,2025-01-22,16,Electronics,Paytm,8972.39,UPI,Desktop,0,0,1,0,0,2,10,1
2958,6,23,15000,Aggressive,2025-09-26,23,Entertainment,Paytm,828.48,Debit Card,Mobile,0,1,0,1,0,3,3,1
2959,249,25,35000,Balanced,2025-06-03,14,Travel,Flipkart,9633.47,Debit Card,Desktop,1,0,1,1,0,8,5,0
2960,266,23,35000,Conservative,2025-09-30,7,Education,Zomato,4028.17,Debit Card,Tablet,0,0,0,0,0,1,2,0
2961,12,42,15000,Balanced,2025-08-21,1,Investment,Uber,6640.12,BNPL,Desktop,0,1,0,0,1,4,10,1
2962,99,43,75000,Conservative,2025-07-20,11,Fashion,PhonePe,4508.77,UPI,Desktop,0,0,0,0,0,9,1,0
2963,363,23,50000,Conservative,2025-11-17,0,Groceries,Amazon,1153.68,UPI,Mobile,0,1,0,0,0,5,0,0
2964,31,26,35000,Conservative,2025-01-14,9,Investment,Uber,3109.21,BNPL,Mobile,0,0,0,0,1,7,4,0
2965,382,44,100000,Balanced,2025-12-16,0,Health,BigBasket,2190.01,Debit Card,Mobile,0,1,0,1,0,6,0,0
2966,4,38,35000,Balanced,2025-04-03,1,Electronics,Myntra,9410.38,BNPL,Mobile,1,1,0,1,0,10,10,1
2967,51,18,15000,Conservative,2025-08-06,7,EMI,Amazon,5673.25,Debit Card,Mobile,0,0,1,1,0,2,9,1
2968,138,20,35000,Balanced,2025-05-22,6,Entertainment,BigBasket,564.94,Credit Card,Desktop,0,0,0,0,0,4,2,1
2969,456,34,50000,Balanced,2025-04-09,22,Travel,PhonePe,9138.18,UPI,Mobile,0,1,0,0,1,3,5,1
2970,476,25,50000,Aggressive,2025-10-01,22,Health,Swiggy,1667.41,UPI,Mobile,1,1,0,0,0,4,0,0
2971,382,44,100000,Balanced,2025-07-23,17,Electronics,Amazon,9209.21,Debit Card,Mobile,0,0,0,0,0,1,1,0
2972,420,28,25000,Conservative,2025-09-08,8,Health,Amazon,3633.99,BNPL,Desktop,0,0,0,0,0,5,5,0
2973,254,23,25000,Conservative,2025-12-25,6,Education,Groww,2575.91,Debit Card,Mobile,0,0,0,0,0,1,2,0
2974,267,21,25000,Balanced,2025-05-06,1,Entertainment,Flipkart,867.84,Credit Card,Desktop,0,1,1,0,0,3,2,1
2975,415,23,100000,Aggressive,2025-05-26,4,Food Delivery,Netflix,257.89,Debit Card,Mobile,0,0,0,0,1,9,0,0
2976,140,18,100000,Aggressive,2025-06-01,3,Food Delivery,PhonePe,516.86,UPI,Mobile,1,0,0,1,0,8,0,0
2977,78,28,75000,Balanced,2025-05-21,5,Groceries,Zomato,1779.77,UPI,Mobile,0,0,0,1,0,10,0,0
2978,385,38,50000,Balanced,2025-07-20,15,Rent,Uber,13999.63,Debit Card,Desktop,0,0,0,0,0,1,5,0
2979,345,36,35000,Balanced,2025-07-10,7,Rent,Myntra,10351.42,Credit Card,Desktop,0,0,1,0,1,1,7,1
2980,54,34,25000,Conservative,2025-07-05,12,EMI,Groww,8874.28,UPI,Mobile,1,0,0,1,1,10,7,0
2981,150,33,15000,Conservative,2025-05-05,11,Utilities,Netflix,2401.51,BNPL,Desktop,1,0,0,1,0,7,6,0
2982,230,29,25000,Conservative,2025-09-13,20,EMI,Croma,7987.53,Credit Card,Desktop,0,0,0,1,0,6,6,0
2983,162,38,35000,Conservative,2025-10-29,8,Investment,Paytm,8639.49,Cash,Desktop,0,0,0,1,0,3,4,0
2984,88,30,35000,Aggressive,2025-05-30,4,Entertainment,Zomato,817.84,Cash,Tablet,0,0,0,0,1,8,0,0
2985,393,40,50000,Balanced,2025-12-16,17,Electronics,Groww,10206.1,Debit Card,Mobile,0,0,1,0,0,7,6,1
2986,103,28,50000,Balanced,2025-10-13,9,Groceries,Amazon,478.04,UPI,Mobile,0,0,1,0,0,4,0,0
2987,383,42,35000,Conservative,2025-05-23,9,Groceries,Zomato,1412.37,UPI,Mobile,0,0,1,1,0,8,0,0
2988,446,38,50000,Conservative,2025-07-27,19,Groceries,Flipkart,2375.65,UPI,Mobile,0,0,0,1,0,10,0,0
2989,472,23,25000,Conservative,2025-10-17,1,Entertainment,Swiggy,1385.07,UPI,Mobile,0,1,0,0,0,5,1,0
2990,215,35,35000,Conservative,2025-04-26,15,Utilities,Croma,1364.02,Debit Card,Desktop,0,0,0,0,1,5,0,0
2991,9,27,15000,Aggressive,2025-12-29,11,Food Delivery,Paytm,527.59,UPI,Mobile,0,0,0,1,0,2,0,0
2992,415,23,100000,Aggressive,2025-11-06,6,Health,BigBasket,3325.06,UPI,Desktop,0,0,1,1,0,4,0,0
2993,89,44,50000,Balanced,2025-09-21,20,Education,Swiggy,509.54,UPI,Mobile,0,0,0,0,1,2,0,0
2994,354,36,35000,Balanced,2025-02-02,3,Food Delivery,Netflix,140.76,Debit Card,Mobile,1,0,1,1,0,2,2,1
2995,217,42,35000,Balanced,2025-07-04,13,Fashion,Amazon,1973.77,Credit Card,Mobile,1,0,1,0,0,4,3,1
2996,138,20,35000,Balanced,2025-06-19,4,EMI,Amazon,3955.28,UPI,Mobile,0,0,1,0,0,9,2,0
2997,280,42,75000,Conservative,2025-09-27,11,Utilities,Myntra,2070.82,UPI,Mobile,0,0,0,0,0,6,0,0
2998,422,22,15000,Aggressive,2025-10-22,18,Health,Groww,2004.09,Debit Card,Tablet,0,0,0,1,0,4,2,0
2999,221,19,35000,Conservative,2025-10-02,12,Health,PhonePe,2583.58,Debit Card,Desktop,1,0,0,1,0,2,1,0
3000,335,24,50000,Conservative,2025-07-24,2,EMI,Flipkart,2417.52,Cash,Mobile,0,1,0,1,0,9,0,0
3001,148,42,35000,Balanced,2025-06-23,8,Groceries,PhonePe,100.0,UPI,Desktop,0,0,0,0,1,10,0,0
3002,104,27,50000,Aggressive,2025-06-10,3,Food Delivery,Myntra,473.64,Debit Card,Mobile,0,0,0,1,0,1,0,0
3003,244,24,25000,Conservative,2025-01-25,23,Food Delivery,Flipkart,391.99,UPI,Desktop,0,1,0,0,0,7,0,0
3004,151,41,75000,Balanced,2025-08-23,11,Education,Amazon,1634.76,UPI,Desktop,0,0,0,1,0,2,0,0
3005,259,28,75000,Aggressive,2025-10-01,10,Education,PhonePe,1599.46,BNPL,Mobile,1,0,0,1,0,5,3,0
3006,451,41,50000,Conservative,2025-09-20,2,Utilities,Zomato,3874.86,BNPL,Desktop,0,1,0,1,0,10,4,0
3007,343,35,15000,Conservative,2025-05-15,14,Groceries,Amazon,779.5,Credit Card,Mobile,0,0,0,0,1,8,1,0
3008,204,22,50000,Conservative,2025-05-10,13,Travel,Zomato,8810.78,Credit Card,Mobile,0,0,0,1,1,6,5,1
3009,59,19,35000,Balanced,2025-10-11,6,Investment,BigBasket,6077.02,UPI,Mobile,0,0,1,0,0,1,5,1
3010,163,43,35000,Aggressive,2025-10-27,10,Food Delivery,Flipkart,439.88,BNPL,Mobile,0,0,0,0,0,7,3,0
3011,243,42,50000,Conservative,2025-10-27,0,Travel,Uber,3586.72,UPI,Mobile,0,1,0,0,1,3,1,0
3012,166,23,15000,Balanced,2025-05-04,6,Groceries,Netflix,1991.05,UPI,Mobile,1,0,1,1,0,5,2,0
3013,394,37,50000,Conservative,2025-06-02,22,Entertainment,Myntra,863.49,Credit Card,Mobile,1,1,0,0,0,10,2,1
3014,365,30,50000,Balanced,2025-07-11,8,Fashion,Croma,2596.65,UPI,Mobile,0,0,1,0,1,6,1,0
3015,118,27,25000,Balanced,2025-05-10,7,Rent,Myntra,20348.95,UPI,Mobile,0,0,1,0,1,5,10,0
3016,486,31,100000,Balanced,2025-04-08,0,Groceries,Zomato,772.68,UPI,Desktop,0,1,1,0,0,8,0,0
3017,261,42,50000,Balanced,2025-07-28,22,Education,Groww,4611.29,Debit Card,Desktop,0,1,1,1,0,8,1,0
3018,271,22,15000,Conservative,2025-12-08,0,Utilities,Flipkart,1693.44,Credit Card,Tablet,0,1,0,1,1,8,4,1
3019,53,41,50000,Conservative,2025-05-17,18,Groceries,Netflix,1239.13,UPI,Mobile,0,0,0,0,0,6,0,0
3020,492,27,50000,Aggressive,2025-07-08,0,EMI,Paytm,8952.15,Credit Card,Mobile,0,1,0,0,0,4,5,1
3021,284,32,25000,Balanced,2025-06-27,15,Rent,Zomato,20085.68,Credit Card,Desktop,0,0,0,1,0,3,10,1
3022,483,38,25000,Balanced,2025-08-11,13,Travel,PhonePe,4363.33,BNPL,Mobile,0,0,1,0,0,6,8,1
3023,6,23,15000,Aggressive,2025-12-19,18,Investment,Amazon,3337.46,UPI,Mobile,0,0,1,1,0,2,6,1
3024,341,33,25000,Balanced,2025-03-20,12,Health,Swiggy,2125.89,UPI,Mobile,0,0,0,1,0,7,1,0
3025,313,38,25000,Aggressive,2025-11-12,18,Electronics,Myntra,14965.96,Debit Card,Mobile,0,0,0,0,0,6,10,0
3026,245,43,35000,Conservative,2025-09-13,18,Utilities,Groww,716.08,Debit Card,Desktop,0,0,0,0,0,6,0,0
3027,349,22,35000,Balanced,2025-10-04,0,Groceries,Flipkart,1928.52,Debit Card,Desktop,1,1,1,1,0,8,1,0
3028,248,21,35000,Balanced,2025-11-06,17,Groceries,BigBasket,1752.18,Credit Card,Mobile,0,0,0,1,0,2,1,0
3029,22,25,35000,Balanced,2025-12-18,8,Electronics,Croma,319.85,UPI,Mobile,0,0,0,1,1,4,2,1
3030,90,32,35000,Conservative,2025-09-26,19,Rent,Paytm,12469.89,Debit Card,Mobile,0,0,0,1,0,2,7,0
3031,445,40,15000,Aggressive,2025-01-01,0,Entertainment,Uber,705.75,Credit Card,Mobile,1,1,1,0,0,3,2,1
3032,36,43,25000,Conservative,2025-12-27,1,Food Delivery,Zomato,540.92,BNPL,Mobile,0,1,0,0,0,1,5,1
3033,116,37,35000,Balanced,2025-02-10,21,Fashion,Paytm,3785.15,UPI,Mobile,0,0,0,1,0,1,2,0
3034,147,41,50000,Aggressive,2025-12-12,16,Groceries,Croma,1623.99,UPI,Desktop,0,0,0,0,1,6,0,0
3035,440,25,25000,Conservative,2025-07-15,23,Utilities,PhonePe,1279.57,UPI,Mobile,0,1,1,0,0,1,3,1
3036,66,44,25000,Balanced,2025-08-26,4,Electronics,Myntra,8527.12,UPI,Desktop,0,0,0,1,1,2,8,1
3037,442,42,75000,Conservative,2025-08-22,11,Investment,Zomato,6265.08,UPI,Mobile,0,0,0,0,0,10,1,0
3038,270,25,50000,Conservative,2025-10-26,5,Food Delivery,Croma,455.71,UPI,Mobile,0,0,0,1,0,8,0,0
3039,354,36,35000,Balanced,2025-02-08,21,Rent,Groww,11318.91,Cash,Mobile,0,0,1,1,0,6,6,0
3040,255,28,15000,Aggressive,2025-11-15,8,Entertainment,Flipkart,415.53,BNPL,Mobile,0,0,0,0,0,8,3,0
3041,420,28,25000,Conservative,2025-11-14,1,Electronics,Swiggy,19736.85,Debit Card,Mobile,0,1,1,0,0,3,10,1
3042,307,26,35000,Balanced,2025-08-20,8,Electronics,Groww,16913.33,Debit Card,Mobile,0,0,0,1,1,6,10,1
3043,155,39,25000,Conservative,2025-02-09,9,Groceries,Amazon,1126.77,UPI,Mobile,0,0,0,0,1,8,0,0
3044,96,18,15000,Conservative,2025-09-04,18,Rent,PhonePe,14115.63,UPI,Mobile,1,0,0,0,0,10,10,0
3045,476,25,50000,Aggressive,2025-08-30,2,Education,BigBasket,2621.02,Credit Card,Desktop,0,1,1,0,0,8,3,1
3046,469,38,75000,Aggressive,2025-07-20,18,Electronics,Uber,12504.99,UPI,Mobile,0,0,0,1,0,1,5,1
3047,240,20,75000,Balanced,2025-10-02,4,Investment,Groww,3479.03,Debit Card,Tablet,1,0,0,0,0,3,0,0
3048,72,43,100000,Balanced,2025-04-02,2,Utilities,BigBasket,1640.29,Debit Card,Mobile,1,1,0,1,0,10,0,0
3049,386,33,50000,Conservative,2025-11-05,18,Food Delivery,BigBasket,301.07,UPI,Mobile,1,0,0,0,0,6,0,0
3050,350,19,75000,Conservative,2025-08-23,16,EMI,Paytm,7883.63,UPI,Desktop,0,0,0,0,0,9,2,0
3051,154,34,35000,Aggressive,2025-11-26,9,Utilities,PhonePe,1894.22,Credit Card,Desktop,0,0,1,1,0,6,1,0
3052,236,37,25000,Conservative,2025-02-20,22,Entertainment,Uber,829.99,Debit Card,Mobile,0,1,0,1,0,9,0,0
3053,261,42,50000,Balanced,2025-01-01,10,Health,Swiggy,1703.36,Debit Card,Mobile,1,0,0,0,0,5,0,0
3054,6,23,15000,Aggressive,2025-07-22,4,Travel,Swiggy,5565.16,BNPL,Mobile,0,0,0,0,0,10,10,0
3055,419,38,50000,Conservative,2025-08-09,16,Electronics,Groww,11319.01,Credit Card,Mobile,0,0,0,0,0,4,6,1
3056,185,33,50000,Aggressive,2025-09-27,5,Investment,PhonePe,4878.86,Cash,Mobile,0,0,0,1,1,10,1,0
3057,42,30,15000,Conservative,2025-08-04,17,Investment,Amazon,5497.37,UPI,Mobile,1,0,0,1,0,7,7,0
3058,330,34,35000,Balanced,2025-01-05,18,Groceries,Croma,1216.44,Debit Card,Mobile,1,0,0,0,0,1,0,0
3059,61,28,25000,Conservative,2025-05-19,3,Education,Myntra,3689.91,Credit Card,Mobile,0,0,0,1,0,4,2,0
3060,457,39,25000,Balanced,2025-05-31,11,Entertainment,BigBasket,941.26,Cash,Desktop,0,0,0,1,1,1,2,1
3061,22,25,35000,Balanced,2025-08-30,12,Education,Paytm,4779.53,UPI,Mobile,0,0,0,0,0,1,2,0
3062,325,30,25000,Balanced,2025-08-28,0,Education,PhonePe,2177.42,Credit Card,Mobile,0,1,1,1,0,8,3,1
3063,465,32,50000,Balanced,2025-07-03,2,Utilities,Myntra,1629.41,UPI,Mobile,1,1,0,0,0,6,0,0
3064,393,40,50000,Balanced,2025-08-05,22,Fashion,Swiggy,3084.34,UPI,Mobile,1,1,0,0,0,4,3,1
3065,345,36,35000,Balanced,2025-10-25,22,Electronics,Netflix,11169.65,BNPL,Mobile,0,1,0,0,0,7,10,1
3066,429,26,25000,Conservative,2025-03-11,11,Utilities,Zomato,3239.58,Credit Card,Mobile,0,0,0,0,0,3,2,0
3067,78,28,75000,Balanced,2025-03-04,7,Groceries,Myntra,564.37,Credit Card,Mobile,1,0,0,1,1,4,2,1
3068,254,23,25000,Conservative,2025-12-17,13,Education,BigBasket,1773.28,Credit Card,Mobile,0,0,1,0,0,4,3,1
3069,277,25,50000,Balanced,2025-03-09,14,Entertainment,Flipkart,1023.97,UPI,Desktop,0,0,0,0,0,3,0,0
3070,31,26,35000,Conservative,2025-05-02,3,Rent,Uber,17752.14,UPI,Mobile,1,0,0,1,1,7,10,0
3071,358,40,50000,Aggressive,2025-03-22,22,Investment,BigBasket,3171.13,UPI,Mobile,0,1,0,1,0,9,1,0
3072,298,21,50000,Balanced,2025-04-18,9,Electronics,Croma,7480.18,UPI,Mobile,0,0,0,0,0,1,2,0
3073,241,32,15000,Aggressive,2025-03-06,7,Fashion,BigBasket,1488.66,Credit Card,Mobile,0,0,1,0,0,7,3,1
3074,438,19,35000,Aggressive,2025-08-12,12,Groceries,Swiggy,315.07,Credit Card,Mobile,0,0,0,0,0,10,0,0
3075,3,36,15000,Balanced,2025-04-06,8,Fashion,Myntra,2586.45,Debit Card,Mobile,0,0,0,0,1,3,5,1
3076,461,28,50000,Conservative,2025-02-06,1,Rent,Groww,12438.38,BNPL,Mobile,0,1,0,1,1,8,9,1
3077,184,18,35000,Balanced,2025-03-07,2,Electronics,Groww,11390.79,Credit Card,Mobile,0,1,1,1,1,9,8,1
3078,361,43,50000,Conservative,2025-11-05,21,EMI,PhonePe,5634.33,Credit Card,Desktop,1,0,0,1,1,9,2,0
3079,269,40,35000,Conservative,2025-02-02,16,Investment,PhonePe,3471.59,Credit Card,Mobile,1,0,0,1,1,10,1,0
3080,267,21,25000,Balanced,2025-09-11,15,Rent,Swiggy,721.73,UPI,Mobile,0,0,0,1,1,7,0,0
3081,241,32,15000,Aggressive,2025-09-17,9,Fashion,Zomato,3244.35,Credit Card,Mobile,0,0,0,1,0,4,6,1
3082,329,36,35000,Balanced,2025-09-13,8,Utilities,Netflix,1956.75,UPI,Mobile,0,0,0,1,0,10,1,0
3083,240,20,75000,Balanced,2025-03-07,8,Food Delivery,BigBasket,249.93,Credit Card,Mobile,0,0,0,0,0,6,0,0
3084,137,44,50000,Balanced,2025-08-04,19,Health,Zomato,1710.83,Debit Card,Mobile,1,0,0,0,0,1,0,0
3085,224,28,15000,Balanced,2025-10-27,0,Food Delivery,Zomato,541.12,UPI,Mobile,0,1,1,1,0,8,2,1
3086,41,30,35000,Conservative,2025-04-02,9,Education,Swiggy,643.86,UPI,Mobile,1,0,1,1,0,9,0,0
3087,299,37,25000,Aggressive,2025-11-01,2,Travel,Myntra,5805.78,Credit Card,Mobile,1,1,0,0,0,2,6,1
3088,356,39,35000,Balanced,2025-02-02,17,Entertainment,BigBasket,589.99,Cash,Mobile,1,0,0,1,0,5,0,0
3089,17,25,15000,Aggressive,2025-10-28,15,Entertainment,Amazon,261.77,Cash,Mobile,0,0,1,1,1,1,2,1
3090,363,23,50000,Conservative,2025-04-15,22,Investment,BigBasket,10454.64,UPI,Mobile,0,1,0,0,0,8,4,0
3091,75,40,25000,Conservative,2025-08-19,23,Investment,Netflix,5579.33,Credit Card,Mobile,0,1,1,0,0,4,6,1
3092,452,36,50000,Balanced,2025-04-23,18,Education,Groww,2099.4,Debit Card,Mobile,0,0,0,1,0,5,0,0
3093,268,23,25000,Conservative,2025-10-01,6,Education,Croma,1173.26,UPI,Desktop,1,0,1,1,1,2,2,1
3094,32,33,25000,Balanced,2025-08-03,10,Electronics,Zomato,12923.67,UPI,Desktop,1,0,0,1,0,10,10,0
3095,223,32,15000,Conservative,2025-12-18,11,Groceries,Paytm,1044.09,BNPL,Mobile,0,0,0,0,0,10,4,0
3096,463,19,25000,Aggressive,2025-06-26,2,Fashion,Zomato,750.77,UPI,Mobile,0,1,0,0,0,1,2,1
3097,371,39,35000,Balanced,2025-11-02,16,Food Delivery,Myntra,367.34,UPI,Desktop,1,0,0,0,0,3,0,0
3098,392,36,75000,Aggressive,2025-07-12,10,Utilities,Swiggy,447.45,UPI,Mobile,0,0,0,0,0,10,0,0
3099,152,29,35000,Balanced,2025-01-05,10,Entertainment,Flipkart,1055.94,BNPL,Mobile,1,0,1,0,1,6,5,1
3100,237,39,25000,Balanced,2025-12-21,12,Electronics,BigBasket,624.71,Credit Card,Mobile,0,0,0,1,0,5,0,0
3101,225,25,50000,Balanced,2025-02-26,0,Food Delivery,Swiggy,531.08,Cash,Mobile,0,1,0,1,0,4,2,1
3102,392,36,75000,Aggressive,2025-04-01,12,Health,Myntra,1823.25,Credit Card,Mobile,1,0,1,0,0,3,2,1
3103,256,41,75000,Conservative,2025-10-15,23,Groceries,Zomato,553.87,Credit Card,Mobile,0,1,0,1,1,2,2,1
3104,215,35,35000,Conservative,2025-09-12,3,Health,Groww,1913.56,BNPL,Mobile,0,0,0,1,1,2,6,1
3105,113,28,15000,Balanced,2025-04-21,13,Travel,Netflix,7912.71,UPI,Desktop,0,0,0,0,0,1,10,0
3106,261,42,50000,Balanced,2025-12-06,14,Food Delivery,Groww,454.83,UPI,Tablet,0,0,1,1,0,6,0,0
3107,177,42,25000,Conservative,2025-08-12,6,Health,Flipkart,2085.42,UPI,Desktop,0,0,1,1,0,9,1,0
3108,233,32,35000,Conservative,2025-07-23,20,Food Delivery,Croma,519.55,UPI,Mobile,0,0,0,0,0,8,0,0
3109,32,33,25000,Balanced,2025-11-03,22,Utilities,PhonePe,2650.42,UPI,Mobile,1,1,0,0,0,9,2,0
3110,409,34,15000,Conservative,2025-04-13,9,Travel,Flipkart,3490.43,Debit Card,Mobile,0,0,1,0,1,6,4,0
3111,47,42,25000,Conservative,2025-12-03,23,Utilities,Uber,2992.21,Credit Card,Mobile,1,1,0,0,0,1,4,1
3112,337,25,15000,Balanced,2025-05-03,0,Electronics,Paytm,8871.01,Debit Card,Mobile,1,1,0,0,0,5,10,1
3113,81,31,35000,Balanced,2025-06-18,17,Health,Amazon,1838.8,Debit Card,Mobile,0,0,0,0,0,7,1,0
3114,455,21,15000,Conservative,2025-03-08,9,Electronics,Swiggy,6436.8,BNPL,Mobile,0,0,0,0,0,4,10,1
3115,116,37,35000,Balanced,2025-12-29,17,Electronics,BigBasket,6453.78,Credit Card,Mobile,0,0,0,0,1,9,5,1
3116,32,33,25000,Balanced,2025-01-07,5,Food Delivery,Netflix,448.74,Credit Card,Mobile,0,0,0,1,0,2,2,1
3117,311,18,75000,Balanced,2025-12-08,23,Utilities,Swiggy,2042.38,Cash,Mobile,0,1,0,0,0,6,0,0
3118,139,36,50000,Balanced,2025-02-22,8,Rent,PhonePe,16771.03,UPI,Mobile,0,0,1,0,0,8,6,0
3119,273,34,75000,Balanced,2025-08-19,12,Rent,Croma,12906.73,Cash,Mobile,0,0,0,0,0,1,3,0
3120,150,33,15000,Conservative,2025-06-26,6,Rent,Amazon,15072.0,Debit Card,Mobile,0,0,0,0,0,10,10,0
3121,385,38,50000,Balanced,2025-08-10,14,Fashion,BigBasket,2141.08,Credit Card,Mobile,0,0,0,1,0,2,2,1
3122,32,33,25000,Balanced,2025-08-29,9,Electronics,Amazon,6590.21,Cash,Mobile,0,0,1,0,0,4,7,1
3123,133,19,25000,Conservative,2025-09-02,20,Groceries,Swiggy,1505.48,UPI,Mobile,1,0,0,0,0,7,1,0
3124,394,37,50000,Conservative,2025-05-20,17,Utilities,BigBasket,1460.73,BNPL,Desktop,0,0,1,0,1,2,5,1
3125,82,33,100000,Conservative,2025-03-07,18,Travel,Netflix,7972.66,Credit Card,Desktop,0,0,0,1,0,7,1,0
3126,112,37,15000,Conservative,2025-05-28,17,Health,Flipkart,1297.04,UPI,Mobile,0,0,0,1,1,3,1,0
3127,40,21,75000,Conservative,2025-04-21,15,Food Delivery,Zomato,426.83,Credit Card,Tablet,0,0,1,0,0,9,2,1
3128,495,43,25000,Conservative,2025-05-07,15,Fashion,Amazon,2184.6,UPI,Mobile,0,0,0,1,1,3,3,1
3129,229,38,35000,Balanced,2025-02-28,12,Electronics,Netflix,14155.45,Credit Card,Desktop,0,0,0,1,1,2,10,1
3130,267,21,25000,Balanced,2025-06-08,17,Electronics,Groww,11068.98,UPI,Mobile,0,0,0,0,0,3,10,1
3131,320,41,25000,Balanced,2025-02-02,21,Food Delivery,Myntra,289.78,BNPL,Desktop,1,0,0,0,1,3,5,1
3132,293,18,15000,Balanced,2025-04-04,0,EMI,BigBasket,6776.14,BNPL,Mobile,1,1,1,0,0,7,10,1
3133,267,21,25000,Balanced,2025-07-12,21,Investment,Zomato,5642.89,UPI,Tablet,0,0,1,1,1,2,6,1
3134,450,25,25000,Balanced,2025-10-02,21,Fashion,Groww,2799.92,UPI,Mobile,1,0,1,1,1,2,4,1
3135,481,37,35000,Conservative,2025-03-16,14,Education,Myntra,1820.99,Credit Card,Mobile,0,0,0,0,0,3,1,0
3136,355,19,35000,Conservative,2025-02-08,13,Education,BigBasket,2925.59,Credit Card,Tablet,0,0,0,1,0,4,1,0
3137,11,36,25000,Aggressive,2025-03-03,1,EMI,PhonePe,8308.25,UPI,Mobile,1,1,0,0,0,4,8,1
3138,151,41,75000,Balanced,2025-06-11,4,Utilities,Croma,1837.55,UPI,Mobile,0,0,0,0,0,2,0,0
3139,85,20,50000,Balanced,2025-12-08,1,Entertainment,Netflix,1345.13,Credit Card,Mobile,0,1,0,1,1,9,2,1
3140,188,43,25000,Balanced,2025-05-23,0,Health,Uber,1154.56,Credit Card,Desktop,0,1,0,0,0,5,0,0
3141,77,39,50000,Balanced,2025-06-10,23,Food Delivery,Netflix,657.55,BNPL,Mobile,0,1,0,0,1,10,5,1
3142,46,28,25000,Conservative,2025-06-13,19,Fashion,Flipkart,3503.41,UPI,Mobile,0,0,0,0,0,4,2,0
3143,307,26,35000,Balanced,2025-08-20,13,Groceries,PhonePe,1047.75,UPI,Mobile,0,0,0,0,1,4,0,0
3144,486,31,100000,Balanced,2025-03-04,19,Entertainment,Groww,948.3,UPI,Mobile,1,0,0,0,0,8,0,0
3145,199,42,100000,Aggressive,2025-02-05,19,Food Delivery,Uber,385.01,Credit Card,Mobile,1,0,1,1,1,4,2,1
3146,161,40,50000,Conservative,2025-02-22,22,Travel,Flipkart,5207.51,Debit Card,Desktop,0,1,1,1,1,9,4,1
3147,345,36,35000,Balanced,2025-01-06,1,Groceries,Myntra,1586.51,UPI,Mobile,0,1,1,0,0,6,0,0
3148,420,28,25000,Conservative,2025-03-01,14,EMI,PhonePe,1926.5,UPI,Mobile,1,0,1,0,1,1,1,0
3149,29,20,50000,Conservative,2025-06-14,10,Fashion,Paytm,3066.35,Credit Card,Mobile,0,0,0,0,0,8,1,0
3150,449,31,25000,Balanced,2025-11-12,20,Entertainment,Netflix,645.65,UPI,Mobile,0,0,0,0,0,4,0,0
3151,447,21,35000,Balanced,2025-08-04,7,Groceries,BigBasket,1680.43,Credit Card,Desktop,1,0,1,0,1,4,2,1
3152,457,39,25000,Balanced,2025-05-13,18,Food Delivery,Amazon,232.47,UPI,Mobile,0,0,0,0,0,5,0,0
3153,72,43,100000,Balanced,2025-07-23,15,Entertainment,Groww,952.77,Debit Card,Tablet,0,0,1,1,1,1,2,1
3154,458,44,75000,Aggressive,2025-07-02,2,Education,Zomato,3136.09,Debit Card,Mobile,1,1,0,0,0,7,0,0
3155,119,36,35000,Conservative,2025-08-28,12,Entertainment,BigBasket,868.35,Debit Card,Mobile,0,0,1,0,0,10,0,0
3156,91,33,25000,Conservative,2025-11-15,10,Fashion,Uber,3159.63,Debit Card,Mobile,0,0,0,0,1,5,2,0
3157,343,35,15000,Conservative,2025-05-18,9,Food Delivery,Croma,294.25,Credit Card,Mobile,0,0,0,0,0,3,2,1
3158,177,42,25000,Conservative,2025-03-14,23,Education,BigBasket,3344.17,UPI,Mobile,0,1,0,0,0,7,2,0
3159,235,18,15000,Balanced,2025-10-23,16,Utilities,Zomato,815.07,UPI,Mobile,0,0,0,1,0,8,1,0
3160,274,35,15000,Balanced,2025-06-26,23,Utilities,BigBasket,2047.23,Credit Card,Mobile,0,1,1,1,0,3,4,1
3161,377,25,50000,Balanced,2025-04-25,14,Education,Netflix,2903.83,UPI,Mobile,0,0,0,0,0,6,1,0
3162,359,38,50000,Balanced,2025-11-12,21,Travel,Zomato,5416.69,UPI,Mobile,0,0,0,0,0,3,2,0
3163,475,31,25000,Conservative,2025-07-25,0,Rent,Uber,9451.69,UPI,Desktop,0,1,0,1,1,9,9,1
3164,38,27,35000,Conservative,2025-02-14,22,Investment,Netflix,3629.84,BNPL,Mobile,0,1,0,1,0,7,5,0
3165,291,40,15000,Conservative,2025-12-07,3,Fashion,Zomato,2442.23,UPI,Tablet,0,0,0,0,0,5,3,0
3166,160,37,50000,Balanced,2025-08-01,21,Electronics,Netflix,13822.04,BNPL,Mobile,1,0,0,1,0,1,10,1
3167,74,29,35000,Aggressive,2025-04-20,23,Investment,Amazon,6305.28,Credit Card,Desktop,0,1,1,1,1,2,5,1
3168,286,23,75000,Balanced,2025-07-08,8,Food Delivery,Flipkart,471.86,BNPL,Mobile,0,0,0,0,0,8,3,0
3169,94,26,100000,Conservative,2025-10-29,1,Utilities,Uber,869.09,UPI,Mobile,0,1,0,0,0,7,0,0
3170,461,28,50000,Conservative,2025-06-14,19,Investment,PhonePe,4235.39,Debit Card,Desktop,0,0,0,0,0,3,1,0
3171,104,27,50000,Aggressive,2025-06-28,11,Health,Uber,1461.79,UPI,Mobile,0,0,1,1,0,4,0,0
3172,393,40,50000,Balanced,2025-12-26,6,Food Delivery,PhonePe,476.75,UPI,Desktop,0,0,0,0,0,9,0,0
3173,420,28,25000,Conservative,2025-09-22,4,EMI,Groww,8782.51,BNPL,Mobile,0,0,1,1,0,5,10,1
3174,97,40,25000,Balanced,2025-11-29,14,Utilities,BigBasket,1523.19,UPI,Mobile,0,0,1,0,0,3,1,0
3175,381,29,25000,Conservative,2025-02-13,2,Fashion,Croma,2896.68,Credit Card,Mobile,0,1,0,0,0,7,4,1
3176,473,34,50000,Conservative,2025-08-22,18,Fashion,Netflix,3934.84,Debit Card,Mobile,0,0,1,0,0,3,3,1
3177,206,36,25000,Conservative,2025-05-25,13,Groceries,BigBasket,1307.26,Credit Card,Mobile,0,0,1,0,0,9,1,0
3178,185,33,50000,Aggressive,2025-05-01,22,Groceries,Croma,403.14,BNPL,Mobile,1,1,0,0,0,5,3,0
3179,356,39,35000,Balanced,2025-05-07,0,Rent,Flipkart,12553.79,Debit Card,Desktop,0,1,1,0,1,3,9,1
3180,63,23,25000,Aggressive,2025-12-31,21,Rent,Swiggy,8928.31,UPI,Desktop,0,0,0,0,0,6,7,0
3181,55,24,35000,Conservative,2025-09-23,14,Rent,Myntra,3883.96,UPI,Desktop,0,0,1,1,0,1,2,0
3182,65,23,50000,Aggressive,2025-01-25,0,Food Delivery,Uber,452.6,Credit Card,Mobile,0,1,1,0,0,10,2,1
3183,344,40,50000,Conservative,2025-09-19,20,Investment,BigBasket,3500.94,Debit Card,Mobile,0,0,0,0,0,5,1,0
3184,340,31,35000,Aggressive,2025-10-12,16,Rent,BigBasket,11785.71,UPI,Desktop,0,0,0,1,0,2,6,0
3185,309,18,15000,Aggressive,2025-06-09,13,Health,Flipkart,3030.8,UPI,Mobile,0,0,0,0,1,4,4,0
3186,331,21,25000,Aggressive,2025-06-17,12,Food Delivery,PhonePe,484.03,UPI,Mobile,0,0,0,1,0,8,0,0
3187,244,24,25000,Conservative,2025-04-20,21,Investment,BigBasket,4988.15,UPI,Tablet,0,0,0,1,0,8,3,0
3188,281,25,35000,Balanced,2025-02-18,3,Electronics,PhonePe,19941.21,Debit Card,Mobile,0,0,0,1,0,7,10,0
3189,52,32,25000,Conservative,2025-12-27,5,Education,Croma,2934.23,UPI,Tablet,0,0,1,0,0,10,2,0
3190,263,23,100000,Balanced,2025-09-01,6,EMI,Netflix,6539.98,Credit Card,Mobile,1,0,1,0,1,2,3,1
3191,188,43,25000,Balanced,2025-03-19,21,Fashion,Netflix,3551.03,UPI,Mobile,0,0,1,1,0,5,2,0
3192,444,28,100000,Balanced,2025-01-18,13,Health,Zomato,1370.91,BNPL,Mobile,0,0,0,0,0,4,3,0
3193,342,38,35000,Conservative,2025-05-11,17,Groceries,Groww,824.41,Credit Card,Mobile,0,0,1,0,0,9,0,0
3194,73,34,25000,Conservative,2025-01-21,11,Education,Zomato,2731.12,Debit Card,Mobile,0,0,0,0,0,8,2,0
3195,205,38,35000,Conservative,2025-08-05,2,Travel,BigBasket,1943.98,UPI,Mobile,1,1,0,1,0,4,1,0
3196,4,38,35000,Balanced,2025-02-26,13,Groceries,Zomato,338.82,BNPL,Desktop,0,0,1,1,0,4,5,1
3197,308,25,50000,Aggressive,2025-06-18,7,Education,Croma,4352.51,Cash,Mobile,0,0,0,0,0,3,1,0
3198,353,40,50000,Balanced,2025-12-29,2,Entertainment,Netflix,404.99,Credit Card,Desktop,0,1,0,1,0,8,2,1
3199,174,20,25000,Balanced,2025-08-08,3,Health,PhonePe,3045.73,Credit Card,Mobile,0,0,0,0,0,3,2,0
3200,233,32,35000,Conservative,2025-04-09,15,Investment,Paytm,3565.45,Debit Card,Mobile,0,0,1,1,0,5,2,0
3201,284,32,25000,Balanced,2025-11-27,3,Travel,BigBasket,2161.24,UPI,Mobile,0,0,0,0,0,7,1,0
3202,20,35,50000,Aggressive,2025-01-22,3,Rent,Croma,4111.82,Credit Card,Mobile,0,0,0,0,0,1,1,0
3203,11,36,25000,Aggressive,2025-04-07,11,Education,PhonePe,4111.69,UPI,Mobile,0,0,1,1,0,4,5,1
3204,426,20,50000,Conservative,2025-09-02,7,Rent,BigBasket,17447.36,Credit Card,Mobile,1,0,0,0,1,2,8,1
3205,476,25,50000,Aggressive,2025-11-29,1,Fashion,Swiggy,1139.19,BNPL,Desktop,0,1,0,1,1,2,5,1
3206,304,29,15000,Aggressive,2025-08-04,7,Electronics,Groww,15452.4,Credit Card,Mobile,1,0,1,0,0,9,10,1
3207,443,44,50000,Conservative,2025-10-09,19,Health,PhonePe,1424.64,Cash,Mobile,0,0,0,0,0,6,0,0
3208,90,32,35000,Conservative,2025-12-12,18,Utilities,BigBasket,2201.15,Credit Card,Mobile,0,0,0,1,0,2,1,0
3209,66,44,25000,Balanced,2025-12-24,4,Electronics,Myntra,18712.94,UPI,Tablet,0,0,1,1,0,3,10,1
3210,445,40,15000,Aggressive,2025-07-28,3,Entertainment,Croma,687.0,UPI,Desktop,0,0,0,1,1,8,0,0
3211,423,34,35000,Balanced,2025-05-15,1,Entertainment,Myntra,1184.94,UPI,Desktop,0,1,0,0,1,8,0,0
3212,163,43,35000,Aggressive,2025-10-16,22,Health,Zomato,2802.89,Debit Card,Mobile,0,1,0,1,0,9,1,0
3213,153,42,25000,Conservative,2025-06-12,17,Fashion,PhonePe,1401.54,Debit Card,Mobile,0,0,0,0,0,9,1,0
3214,226,20,35000,Aggressive,2025-05-18,17,Rent,Zomato,7708.11,Debit Card,Mobile,0,0,1,1,1,4,6,1
3215,67,36,25000,Conservative,2025-11-15,3,Travel,PhonePe,5262.3,BNPL,Mobile,0,0,1,0,0,5,9,1
3216,386,33,50000,Conservative,2025-06-21,13,EMI,Croma,6116.05,UPI,Tablet,0,0,0,0,0,10,2,0
3217,432,22,50000,Conservative,2025-06-06,11,Electronics,Zomato,10419.65,UPI,Tablet,0,0,0,0,0,6,4,0
3218,302,30,15000,Conservative,2025-11-23,8,EMI,Groww,1657.81,UPI,Mobile,0,0,0,0,0,6,2,0
3219,122,43,25000,Conservative,2025-02-19,16,Entertainment,Groww,995.77,UPI,Mobile,0,0,0,1,0,3,0,0
3220,23,25,50000,Balanced,2025-03-02,21,Fashion,Groww,3176.39,UPI,Mobile,1,0,0,0,1,7,1,0
3221,28,28,25000,Balanced,2025-03-28,4,Electronics,Uber,12816.66,Debit Card,Tablet,0,0,0,1,0,8,10,0
3222,289,24,35000,Aggressive,2025-09-24,10,EMI,BigBasket,6352.17,Debit Card,Mobile,0,0,0,0,0,7,3,0
3223,490,42,35000,Conservative,2025-05-05,23,Entertainment,Paytm,1692.57,UPI,Mobile,1,1,0,0,0,4,2,1
3224,158,37,35000,Balanced,2025-12-24,23,Utilities,Paytm,3087.61,Credit Card,Mobile,0,1,0,0,1,10,1,0
3225,34,44,35000,Conservative,2025-06-28,10,Education,Swiggy,2274.66,UPI,Mobile,0,0,0,0,0,6,1,0
3226,247,20,35000,Balanced,2025-11-23,6,Groceries,Zomato,930.2,UPI,Mobile,0,0,0,0,1,1,0,0
3227,158,37,35000,Balanced,2025-07-31,6,Education,BigBasket,3995.21,BNPL,Desktop,0,0,0,0,0,5,5,0
3228,457,39,25000,Balanced,2025-03-28,23,Rent,PhonePe,3902.14,Debit Card,Mobile,0,1,1,1,0,10,5,1
3229,120,22,25000,Conservative,2025-05-16,22,Education,Myntra,3401.19,UPI,Mobile,0,1,0,1,0,9,2,0
3230,234,33,15000,Conservative,2025-02-02,22,Investment,Zomato,7042.11,Credit Card,Desktop,1,1,0,0,1,3,10,1
3231,251,43,35000,Conservative,2025-11-05,7,Health,BigBasket,1566.68,Credit Card,Mobile,1,0,1,1,0,9,0,0
3232,62,23,25000,Balanced,2025-07-16,2,Health,Netflix,1313.26,Credit Card,Mobile,0,1,1,0,0,2,3,1
3233,120,22,25000,Conservative,2025-02-24,15,Investment,Myntra,5997.64,UPI,Mobile,0,0,1,0,0,2,6,1
3234,160,37,50000,Balanced,2025-08-17,14,Electronics,Myntra,11047.53,BNPL,Mobile,0,0,0,0,1,5,9,1
3235,86,29,35000,Balanced,2025-04-17,4,Health,Paytm,1356.01,Credit Card,Mobile,0,0,1,1,0,5,0,0
3236,12,42,15000,Balanced,2025-07-04,18,Food Delivery,Amazon,289.47,Credit Card,Desktop,1,0,1,0,0,4,2,1
3237,422,22,15000,Aggressive,2025-11-17,5,Food Delivery,BigBasket,568.41,BNPL,Mobile,0,0,1,0,0,9,5,1
3238,342,38,35000,Conservative,2025-03-26,22,Groceries,Zomato,1565.56,UPI,Mobile,0,1,0,0,0,8,0,0
3239,355,19,35000,Conservative,2025-07-06,16,Electronics,Amazon,2906.48,Credit Card,Mobile,0,0,0,1,1,5,3,1
3240,216,44,15000,Balanced,2025-08-24,3,Health,Croma,2717.83,UPI,Mobile,0,0,0,0,0,10,3,0
3241,449,31,25000,Balanced,2025-03-28,19,Groceries,BigBasket,952.35,Credit Card,Mobile,0,0,1,1,0,8,0,0
3242,399,32,50000,Balanced,2025-06-30,14,Travel,Zomato,9978.35,Debit Card,Mobile,0,0,1,0,0,7,3,0
3243,250,27,25000,Conservative,2025-11-04,21,Investment,Flipkart,4127.32,Debit Card,Tablet,1,0,1,0,0,8,3,0
3244,43,39,75000,Balanced,2025-01-05,22,Fashion,Netflix,2561.69,UPI,Mobile,1,1,0,0,0,8,0,0
3245,421,34,100000,Aggressive,2025-02-25,12,EMI,Myntra,7125.35,Credit Card,Mobile,0,0,0,0,1,4,1,0
3246,203,20,35000,Balanced,2025-01-04,6,Groceries,Groww,1996.85,Debit Card,Tablet,1,0,1,1,1,5,1,0
3247,213,31,50000,Conservative,2025-09-19,20,Entertainment,Groww,814.86,UPI,Desktop,0,0,0,1,0,3,0,0
3248,14,42,100000,Aggressive,2025-11-18,4,Utilities,Croma,981.62,Cash,Desktop,0,0,0,0,0,4,0,0
3249,451,41,50000,Conservative,2025-05-05,16,Electronics,Groww,10535.6,Cash,Mobile,1,0,0,0,0,2,6,1
3250,465,32,50000,Balanced,2025-06-13,3,Food Delivery,Netflix,630.02,Debit Card,Mobile,0,0,1,1,0,5,0,0
3251,232,43,50000,Balanced,2025-06-08,6,Fashion,Zomato,2207.83,UPI,Mobile,0,0,0,1,0,2,0,0
3252,111,39,35000,Conservative,2025-07-05,5,Food Delivery,Zomato,310.45,UPI,Mobile,1,0,0,1,1,1,2,1
3253,133,19,25000,Conservative,2025-07-04,2,Utilities,Swiggy,1537.77,BNPL,Mobile,1,1,0,0,0,3,6,1
3254,415,23,100000,Aggressive,2025-11-04,11,Food Delivery,Zomato,507.5,UPI,Desktop,1,0,0,0,1,6,0,0
3255,95,31,100000,Aggressive,2025-10-01,11,Fashion,PhonePe,3601.87,UPI,Mobile,1,0,0,0,0,7,0,0
3256,285,25,25000,Balanced,2025-12-06,23,Food Delivery,Croma,378.34,Credit Card,Mobile,0,1,1,0,0,4,2,1
3257,161,40,50000,Conservative,2025-02-03,5,Fashion,Paytm,2902.88,BNPL,Mobile,1,0,1,0,0,7,6,1
3258,467,37,50000,Conservative,2025-04-11,11,Entertainment,Netflix,987.78,UPI,Mobile,0,0,1,0,1,5,0,0
3259,170,39,50000,Aggressive,2025-11-27,20,Fashion,BigBasket,2620.66,UPI,Mobile,0,0,1,0,0,3,3,1
3260,190,22,100000,Aggressive,2025-09-07,8,Travel,Swiggy,7560.27,Credit Card,Mobile,0,0,0,1,0,6,1,0
3261,24,32,50000,Conservative,2025-05-22,6,EMI,Paytm,4633.73,UPI,Mobile,0,0,0,0,0,2,1,0
3262,492,27,50000,Aggressive,2025-11-13,4,Health,Netflix,1132.41,Debit Card,Desktop,0,0,0,0,0,1,0,0
3263,273,34,75000,Balanced,2025-08-30,10,Health,PhonePe,1278.89,Credit Card,Mobile,0,0,1,0,0,8,0,0
3264,432,22,50000,Conservative,2025-06-26,6,Groceries,Zomato,1347.98,UPI,Mobile,0,0,1,0,0,9,0,0
3265,456,34,50000,Balanced,2025-12-25,18,Electronics,Uber,14960.17,Credit Card,Tablet,0,0,0,1,0,4,7,1
3266,335,24,50000,Conservative,2025-01-01,7,Groceries,Amazon,1312.36,Credit Card,Tablet,1,0,0,0,1,8,0,0
3267,464,34,15000,Aggressive,2025-02-12,12,EMI,Myntra,7870.52,Credit Card,Desktop,0,0,0,0,1,8,10,0
3268,405,34,35000,Balanced,2025-04-29,11,Investment,Zomato,7766.73,Credit Card,Mobile,0,0,0,1,0,2,6,1
3269,485,38,15000,Conservative,2025-10-06,21,Travel,Groww,9482.67,Credit Card,Mobile,0,0,1,0,0,4,10,1
3270,51,18,15000,Conservative,2025-03-17,16,Education,Uber,3714.52,UPI,Mobile,0,0,1,0,1,6,4,0
3271,272,32,35000,Balanced,2025-06-27,0,Travel,Netflix,6744.24,Credit Card,Mobile,0,1,0,0,0,3,5,1
3272,81,31,35000,Balanced,2025-01-16,4,Entertainment,Croma,856.55,UPI,Mobile,0,0,0,1,0,10,0,0
3273,181,28,75000,Conservative,2025-03-29,13,Education,Swiggy,3788.05,UPI,Mobile,0,0,0,0,1,9,1,0
3274,207,18,50000,Balanced,2025-04-07,20,Rent,Uber,16568.1,Debit Card,Desktop,0,0,0,0,0,2,6,0
3275,145,36,25000,Conservative,2025-05-19,22,Groceries,Swiggy,980.34,Credit Card,Mobile,0,1,0,0,1,1,2,1
3276,224,28,15000,Balanced,2025-11-11,7,Health,Paytm,1569.81,UPI,Mobile,0,0,1,1,0,10,2,0
3277,475,31,25000,Conservative,2025-10-30,3,Entertainment,Zomato,982.89,Credit Card,Tablet,0,0,0,1,0,10,0,0
3278,24,32,50000,Conservative,2025-09-15,18,Food Delivery,Myntra,598.61,UPI,Desktop,0,0,0,1,0,1,0,0
3279,51,18,15000,Conservative,2025-11-23,17,Groceries,Zomato,1638.15,Cash,Mobile,0,0,1,0,0,3,2,0
3280,419,38,50000,Conservative,2025-10-22,15,Travel,Zomato,6624.74,UPI,Desktop,0,0,0,1,0,9,2,0
3281,475,31,25000,Conservative,2025-05-17,0,Utilities,Amazon,1886.52,Cash,Desktop,0,1,0,0,0,3,1,0
3282,370,34,50000,Balanced,2025-03-27,15,Utilities,Zomato,2910.32,UPI,Mobile,0,0,0,0,0,7,1,0
3283,436,34,15000,Aggressive,2025-02-28,17,Rent,Paytm,9806.93,Credit Card,Mobile,0,0,0,0,1,1,10,1
3284,20,35,50000,Aggressive,2025-10-01,0,Fashion,PhonePe,1926.72,Credit Card,Desktop,1,1,0,0,0,3,2,1
3285,280,42,75000,Conservative,2025-01-19,1,Entertainment,Myntra,1088.22,UPI,Desktop,0,1,0,0,1,10,0,0
3286,159,38,15000,Balanced,2025-06-12,4,Electronics,Amazon,8468.67,UPI,Mobile,0,0,0,0,0,2,10,1
3287,399,32,50000,Balanced,2025-06-06,2,Food Delivery,Paytm,612.43,Debit Card,Tablet,0,1,1,0,0,5,2,1
3288,199,42,100000,Aggressive,2025-03-27,9,Investment,Groww,7578.01,UPI,Mobile,0,0,0,0,0,1,1,0
3289,312,25,35000,Conservative,2025-09-16,15,Investment,Myntra,5315.55,UPI,Mobile,0,0,0,1,1,8,3,0
3290,37,44,35000,Balanced,2025-03-19,21,Investment,Zomato,4094.99,BNPL,Mobile,0,0,1,0,0,8,5,0
3291,17,25,15000,Aggressive,2025-09-01,21,Food Delivery,PhonePe,266.98,Debit Card,Mobile,1,0,0,0,0,9,0,0
3292,497,32,25000,Conservative,2025-09-07,20,Rent,PhonePe,19765.77,BNPL,Mobile,0,0,0,0,1,9,10,0
3293,417,42,50000,Conservative,2025-11-13,21,Education,Croma,981.72,Credit Card,Mobile,0,0,0,1,0,7,0,0
3294,328,25,35000,Conservative,2025-10-17,13,Entertainment,Paytm,156.83,UPI,Mobile,0,0,1,0,0,3,2,1
3295,368,21,50000,Conservative,2025-04-12,1,Investment,Croma,4559.09,Credit Card,Mobile,0,1,0,0,0,7,1,0
3296,94,26,100000,Conservative,2025-06-13,3,Groceries,Croma,1351.2,Credit Card,Tablet,0,0,1,0,0,4,2,1
3297,343,35,15000,Conservative,2025-11-30,7,Utilities,PhonePe,2328.99,BNPL,Desktop,0,0,0,0,0,5,6,0
3298,306,27,50000,Conservative,2025-03-07,19,Education,Uber,5113.45,UPI,Mobile,0,0,1,0,1,1,2,0
3299,498,34,100000,Conservative,2025-03-05,1,Utilities,Uber,1484.83,Debit Card,Mobile,1,1,0,0,0,9,0,0
3300,458,44,75000,Aggressive,2025-03-25,6,Education,Myntra,3811.67,UPI,Mobile,0,0,0,0,0,2,1,0
3301,461,28,50000,Conservative,2025-05-01,11,Rent,Flipkart,18243.34,Credit Card,Tablet,1,0,1,0,0,10,9,1
3302,95,31,100000,Aggressive,2025-07-12,18,Education,BigBasket,1907.06,UPI,Mobile,0,0,0,1,1,6,0,0
3303,60,23,25000,Balanced,2025-10-03,12,Investment,PhonePe,4726.18,UPI,Desktop,1,0,0,1,0,9,3,0
3304,214,23,35000,Aggressive,2025-11-11,9,Investment,Paytm,5517.88,UPI,Tablet,0,0,1,0,1,10,3,0
3305,146,38,25000,Aggressive,2025-02-10,4,Rent,BigBasket,9420.52,Debit Card,Mobile,0,0,0,1,1,1,9,1
3306,123,39,50000,Balanced,2025-10-22,19,Groceries,PhonePe,2132.03,Debit Card,Desktop,0,0,0,0,0,1,0,0
3307,393,40,50000,Balanced,2025-08-10,14,Education,Paytm,2701.55,UPI,Desktop,0,0,0,0,0,7,1,0
3308,171,42,35000,Conservative,2025-08-04,17,EMI,PhonePe,4839.72,UPI,Mobile,1,0,1,1,0,1,2,0
3309,476,25,50000,Aggressive,2025-01-14,14,Food Delivery,BigBasket,515.97,BNPL,Mobile,0,0,0,0,0,10,3,0
3310,388,26,75000,Conservative,2025-05-28,11,Health,Swiggy,1698.47,Credit Card,Mobile,0,0,0,1,0,8,0,0
3311,107,18,15000,Conservative,2025-12-15,22,Electronics,Amazon,7560.15,BNPL,Mobile,0,1,0,0,0,6,10,1
3312,468,34,100000,Conservative,2025-12-08,12,Rent,Croma,6845.05,UPI,Mobile,0,0,0,0,0,8,1,0
3313,191,39,15000,Conservative,2025-01-12,19,Health,Swiggy,2366.26,UPI,Mobile,0,0,0,0,0,5,3,0
3314,184,18,35000,Balanced,2025-07-12,5,Food Delivery,Zomato,536.11,Debit Card,Mobile,0,0,0,0,0,2,0,0
3315,95,31,100000,Aggressive,2025-05-01,3,Fashion,BigBasket,2811.88,UPI,Mobile,1,0,0,0,0,6,0,0
3316,214,23,35000,Aggressive,2025-08-07,2,Travel,Zomato,13266.67,Credit Card,Mobile,0,1,0,0,1,1,9,1
3317,95,31,100000,Aggressive,2025-05-15,9,Electronics,Groww,15865.86,UPI,Mobile,0,0,1,1,0,8,5,1
3318,77,39,50000,Balanced,2025-10-22,4,Food Delivery,PhonePe,260.82,Credit Card,Mobile,0,0,1,0,0,3,2,1
3319,319,42,35000,Balanced,2025-03-06,12,Fashion,PhonePe,818.0,UPI,Mobile,0,0,1,0,0,5,0,0
3320,182,36,100000,Balanced,2025-06-10,22,Electronics,Croma,12154.74,Debit Card,Mobile,0,1,1,0,0,5,4,1
3321,38,27,35000,Conservative,2025-02-25,21,Health,Swiggy,1830.65,UPI,Mobile,0,0,1,0,1,6,1,0
3322,181,28,75000,Conservative,2025-01-12,2,Food Delivery,Paytm,614.69,Debit Card,Mobile,0,1,0,0,0,6,0,0
3323,178,41,35000,Balanced,2025-04-23,12,Education,Netflix,3836.21,UPI,Mobile,0,0,1,0,0,3,2,0
3324,167,27,25000,Aggressive,2025-01-15,14,Health,Netflix,1439.91,Credit Card,Mobile,0,0,0,1,0,7,1,0
3325,451,41,50000,Conservative,2025-05-15,3,Investment,PhonePe,3403.78,BNPL,Mobile,0,0,0,1,0,7,4,0
3326,427,41,50000,Conservative,2025-11-27,18,Investment,Zomato,4105.89,Credit Card,Mobile,0,0,0,1,0,6,1,0
3327,210,29,50000,Aggressive,2025-06-26,15,Investment,Myntra,4984.63,Credit Card,Mobile,0,0,1,0,1,2,3,1
3328,369,28,25000,Conservative,2025-12-02,5,Entertainment,Zomato,1044.34,UPI,Mobile,1,0,0,1,0,8,0,0
3329,31,26,35000,Conservative,2025-11-26,3,Investment,Paytm,3478.12,UPI,Mobile,0,0,0,0,0,1,1,0
3330,177,42,25000,Conservative,2025-02-19,23,Entertainment,Groww,360.81,UPI,Mobile,0,1,0,1,0,10,0,0
3331,20,35,50000,Aggressive,2025-10-29,7,Education,Flipkart,5094.46,UPI,Desktop,0,0,0,1,0,7,2,0
3332,190,22,100000,Aggressive,2025-12-26,4,Education,Groww,2344.0,Debit Card,Mobile,0,0,1,0,0,1,0,0
3333,355,19,35000,Conservative,2025-06-20,17,Investment,Paytm,1246.49,BNPL,Tablet,0,0,1,0,0,10,3,0
3334,36,43,25000,Conservative,2025-10-11,12,Investment,BigBasket,5035.56,UPI,Mobile,0,0,0,1,0,10,4,0
3335,212,32,35000,Balanced,2025-01-11,18,Fashion,BigBasket,3687.74,Debit Card,Desktop,0,0,0,1,1,7,2,0
3336,439,18,75000,Balanced,2025-04-01,0,Electronics,Paytm,14755.1,Credit Card,Mobile,1,1,1,0,0,3,5,1
3337,492,27,50000,Aggressive,2025-04-06,18,Entertainment,Zomato,1236.92,Credit Card,Mobile,0,0,1,1,0,8,2,1
3338,245,43,35000,Conservative,2025-01-24,1,Electronics,Flipkart,10738.53,Credit Card,Mobile,0,1,0,1,0,10,8,1
3339,255,28,15000,Aggressive,2025-03-22,4,Education,Amazon,5456.26,Cash,Mobile,0,0,1,1,0,8,7,0
3340,455,21,15000,Conservative,2025-08-16,7,EMI,Swiggy,1568.38,Credit Card,Mobile,0,0,0,0,0,4,2,0
3341,415,23,100000,Aggressive,2025-10-01,17,Electronics,Paytm,18170.9,UPI,Mobile,1,0,0,0,0,8,3,0
3342,393,40,50000,Balanced,2025-05-06,6,Fashion,Croma,598.79,Debit Card,Mobile,0,0,0,1,1,6,0,0
3343,176,26,50000,Balanced,2025-10-14,18,Rent,PhonePe,9446.52,UPI,Desktop,0,0,1,1,1,6,5,1
3344,440,25,25000,Conservative,2025-10-01,17,Entertainment,Zomato,660.94,Credit Card,Desktop,1,0,0,0,1,9,0,0
3345,259,28,75000,Aggressive,2025-12-15,22,Investment,Swiggy,5336.36,UPI,Desktop,0,1,1,0,0,1,3,1
3346,252,44,100000,Balanced,2025-06-06,23,Rent,Zomato,3128.36,Credit Card,Desktop,0,1,1,0,0,6,2,1
3347,250,27,25000,Conservative,2025-02-01,21,Entertainment,PhonePe,1105.03,UPI,Mobile,1,0,1,0,0,7,0,0
3348,205,38,35000,Conservative,2025-02-21,1,Travel,Uber,6228.45,Credit Card,Mobile,0,1,0,1,1,9,5,1
3349,290,42,25000,Conservative,2025-01-20,18,EMI,Amazon,8684.78,Debit Card,Mobile,0,0,0,0,0,5,6,0
3350,69,35,50000,Balanced,2025-10-22,0,Food Delivery,Amazon,458.87,Debit Card,Mobile,0,1,0,1,0,5,0,0
3351,484,28,100000,Conservative,2025-03-01,9,Travel,Groww,7731.77,UPI,Desktop,1,0,1,1,0,10,1,0
3352,145,36,25000,Conservative,2025-09-24,9,Entertainment,Paytm,682.19,Credit Card,Desktop,0,0,0,0,0,2,2,1
3353,236,37,25000,Conservative,2025-06-30,23,Fashion,Paytm,2210.31,Credit Card,Mobile,0,1,0,0,0,5,3,1
3354,58,22,25000,Balanced,2025-08-27,7,Food Delivery,Zomato,437.47,Credit Card,Desktop,0,0,0,0,0,8,0,0
3355,190,22,100000,Aggressive,2025-02-21,12,Electronics,Amazon,14912.74,UPI,Mobile,0,0,0,1,1,10,2,0
3356,37,44,35000,Balanced,2025-09-14,15,Utilities,Groww,1389.81,BNPL,Tablet,0,0,0,0,0,7,3,0
3357,449,31,25000,Balanced,2025-03-18,3,Travel,Flipkart,4734.34,Cash,Mobile,0,0,0,0,0,7,3,0
3358,95,31,100000,Aggressive,2025-12-14,16,Food Delivery,Croma,540.8,UPI,Mobile,0,0,0,1,1,3,2,1
3359,373,43,15000,Conservative,2025-01-23,1,Electronics,Croma,12702.2,Credit Card,Mobile,0,1,0,1,0,6,10,1
3360,65,23,50000,Aggressive,2025-03-03,13,Utilities,Myntra,1714.62,UPI,Mobile,1,0,0,0,0,6,0,0
3361,98,35,35000,Aggressive,2025-03-24,7,Electronics,Zomato,12912.08,Credit Card,Mobile,0,0,0,0,1,4,9,1
3362,56,34,100000,Conservative,2025-09-02,8,Entertainment,Amazon,1054.38,Credit Card,Mobile,1,0,0,0,1,8,0,0
3363,85,20,50000,Balanced,2025-01-11,13,Investment,Croma,8494.61,BNPL,Mobile,0,0,0,1,1,5,8,1
3364,340,31,35000,Aggressive,2025-02-27,3,Entertainment,Flipkart,1300.65,Credit Card,Mobile,0,0,1,1,0,1,2,1
3365,359,38,50000,Balanced,2025-11-29,9,Electronics,BigBasket,18724.4,Credit Card,Desktop,0,0,0,1,1,7,9,1
3366,171,42,35000,Conservative,2025-06-15,0,Health,BigBasket,2950.42,BNPL,Desktop,0,1,0,0,0,6,4,0
3367,382,44,100000,Balanced,2025-01-02,8,Education,Groww,3343.37,Credit Card,Mobile,1,0,0,0,0,7,0,0
3368,295,41,35000,Balanced,2025-01-10,4,Travel,Uber,6848.08,UPI,Desktop,0,0,0,0,0,3,3,0
3369,13,38,35000,Conservative,2025-12-07,18,Fashion,PhonePe,1062.04,UPI,Mobile,0,0,0,1,1,5,0,0
3370,97,40,25000,Balanced,2025-03-25,12,Travel,PhonePe,12141.89,Credit Card,Mobile,0,0,1,0,0,8,10,1
3371,108,31,75000,Conservative,2025-02-19,9,Investment,Netflix,7161.4,Debit Card,Mobile,0,0,0,0,0,5,1,0
3372,468,34,100000,Conservative,2025-01-01,5,Utilities,Paytm,1555.35,Debit Card,Desktop,1,0,0,1,0,10,0,0
3373,411,42,25000,Aggressive,2025-07-26,6,Entertainment,Amazon,100.0,UPI,Desktop,0,0,0,0,1,4,0,0
3374,271,22,15000,Conservative,2025-01-05,22,EMI,Swiggy,7211.89,UPI,Mobile,1,1,0,1,0,2,10,1
3375,120,22,25000,Conservative,2025-12-24,5,Food Delivery,Netflix,359.36,UPI,Mobile,0,0,0,0,0,9,0,0
3376,500,24,35000,Conservative,2025-11-18,2,Rent,Myntra,9857.51,UPI,Mobile,0,1,0,1,0,6,5,0
3377,492,27,50000,Aggressive,2025-07-27,20,Groceries,Zomato,1910.86,Credit Card,Tablet,0,0,0,0,0,3,0,0
3378,386,33,50000,Conservative,2025-11-26,12,Utilities,Groww,680.97,UPI,Desktop,0,0,0,1,0,10,0,0
3379,278,20,25000,Aggressive,2025-12-06,16,Food Delivery,Swiggy,581.22,UPI,Mobile,0,0,0,1,0,3,0,0
3380,234,33,15000,Conservative,2025-07-13,5,Education,PhonePe,3667.77,UPI,Tablet,0,0,0,1,0,10,4,0
3381,159,38,15000,Balanced,2025-12-11,17,Groceries,Uber,1697.19,UPI,Desktop,0,0,1,0,0,10,2,0
3382,287,25,50000,Conservative,2025-11-25,10,Travel,Flipkart,2792.89,BNPL,Mobile,0,0,0,0,0,5,4,0
3383,16,32,50000,Balanced,2025-08-26,4,Fashion,Zomato,3045.15,Credit Card,Mobile,0,0,1,0,0,5,3,1
3384,155,39,25000,Conservative,2025-08-02,0,EMI,Flipkart,4464.21,Debit Card,Mobile,1,1,1,1,0,2,5,1
3385,370,34,50000,Balanced,2025-04-08,5,Utilities,PhonePe,2367.36,Credit Card,Mobile,0,0,0,1,1,6,0,0
3386,161,40,50000,Conservative,2025-07-31,12,Groceries,Groww,1492.27,UPI,Mobile,0,0,0,0,0,7,0,0
3387,95,31,100000,Aggressive,2025-08-17,12,Education,Swiggy,3482.45,Cash,Mobile,0,0,1,0,0,2,0,0
3388,206,36,25000,Conservative,2025-07-16,14,EMI,PhonePe,7278.37,UPI,Desktop,0,0,0,0,0,7,5,0
3389,100,35,35000,Aggressive,2025-05-10,0,Rent,BigBasket,10256.25,UPI,Mobile,0,1,0,1,0,1,7,1
3390,292,19,50000,Aggressive,2025-01-03,15,Rent,Flipkart,8809.05,Debit Card,Desktop,1,0,0,0,1,9,3,0
3391,55,24,35000,Conservative,2025-07-27,5,Utilities,Croma,1659.35,UPI,Mobile,0,0,0,0,0,9,0,0
3392,151,41,75000,Balanced,2025-04-03,17,Travel,Groww,11705.49,UPI,Mobile,1,0,0,1,0,9,3,0
3393,399,32,50000,Balanced,2025-12-08,8,Health,Paytm,1828.37,UPI,Mobile,0,0,1,1,1,5,0,0
3394,407,42,50000,Balanced,2025-01-08,3,Rent,Paytm,14780.61,UPI,Mobile,0,0,0,0,0,7,5,0
3395,472,23,25000,Conservative,2025-08-05,0,Rent,Flipkart,22106.7,Credit Card,Desktop,1,1,1,0,0,2,10,1
3396,209,39,50000,Balanced,2025-02-24,10,Travel,BigBasket,10878.63,BNPL,Desktop,0,0,0,1,0,8,7,0
3397,138,20,35000,Balanced,2025-01-08,2,Rent,Netflix,3753.17,UPI,Mobile,0,1,0,0,0,6,2,0
3398,102,43,50000,Balanced,2025-09-15,7,Education,PhonePe,4849.77,BNPL,Desktop,0,0,1,0,0,2,6,1
3399,323,26,15000,Balanced,2025-05-19,7,EMI,Groww,7466.8,UPI,Mobile,0,0,0,0,1,1,9,0
3400,435,33,50000,Conservative,2025-06-13,2,Travel,PhonePe,4469.32,Credit Card,Mobile,0,1,1,1,1,5,3,1
3401,296,32,35000,Balanced,2025-02-04,22,Groceries,BigBasket,1473.87,Credit Card,Mobile,1,1,0,1,0,3,2,1
3402,171,42,35000,Conservative,2025-09-07,4,Investment,Amazon,4284.79,UPI,Mobile,0,0,0,1,1,4,2,0
3403,150,33,15000,Conservative,2025-09-26,19,Utilities,Myntra,1899.81,Debit Card,Mobile,0,0,1,1,0,2,2,0
3404,208,25,15000,Balanced,2025-07-12,11,Health,Myntra,2340.51,BNPL,Desktop,0,0,0,0,1,1,8,1
3405,154,34,35000,Aggressive,2025-01-14,6,Electronics,Croma,13257.58,Credit Card,Desktop,0,0,1,0,0,6,9,1
3406,206,36,25000,Conservative,2025-03-16,8,Travel,Paytm,6398.91,Credit Card,Mobile,0,0,1,0,0,4,7,1
3407,498,34,100000,Conservative,2025-11-28,23,Entertainment,Zomato,435.82,Debit Card,Mobile,0,1,1,0,1,5,2,1
3408,141,29,25000,Conservative,2025-03-02,2,Entertainment,BigBasket,373.69,Cash,Mobile,1,1,0,0,0,5,0,0
3409,378,28,35000,Balanced,2025-10-09,7,Rent,Uber,10045.57,UPI,Mobile,0,0,0,0,0,8,5,0
3410,472,23,25000,Conservative,2025-03-20,7,EMI,PhonePe,5378.07,Credit Card,Mobile,0,0,1,1,1,4,6,1
3411,296,32,35000,Balanced,2025-10-11,14,Fashion,Zomato,1798.28,UPI,Mobile,0,0,0,0,1,2,1,0
3412,397,19,75000,Balanced,2025-06-01,21,Education,Uber,2881.62,UPI,Mobile,1,0,0,1,0,5,0,0
3413,148,42,35000,Balanced,2025-02-25,20,Groceries,PhonePe,749.6,UPI,Mobile,0,0,0,1,0,8,0,0
3414,258,41,15000,Conservative,2025-06-28,20,EMI,Netflix,7324.7,Credit Card,Mobile,0,0,0,0,0,3,10,1
3415,212,32,35000,Balanced,2025-02-16,8,Entertainment,Zomato,832.11,Cash,Mobile,0,0,1,0,0,6,0,0
3416,265,32,50000,Balanced,2025-05-08,23,Investment,Amazon,6199.01,BNPL,Mobile,0,1,0,0,0,10,5,0
3417,272,32,35000,Balanced,2025-03-02,15,Entertainment,Zomato,847.73,UPI,Mobile,1,0,0,1,0,7,0,0
3418,386,33,50000,Conservative,2025-04-14,12,Health,Myntra,1701.0,BNPL,Mobile,0,0,1,0,0,10,3,0
3419,392,36,75000,Aggressive,2025-02-01,16,Utilities,Paytm,2376.62,UPI,Mobile,1,0,0,0,0,3,0,0
3420,273,34,75000,Balanced,2025-07-27,7,Rent,Myntra,9394.11,BNPL,Mobile,0,0,0,1,0,8,5,0
3421,426,20,50000,Conservative,2025-01-20,23,Travel,Paytm,8109.04,UPI,Mobile,0,1,1,0,1,10,5,1
3422,43,39,75000,Balanced,2025-07-08,19,Health,Flipkart,2086.56,UPI,Mobile,0,0,0,0,1,5,0,0
3423,119,36,35000,Conservative,2025-12-04,22,Health,Croma,963.92,Debit Card,Mobile,1,1,1,0,1,10,0,0
3424,271,22,15000,Conservative,2025-10-25,20,Utilities,Uber,2990.94,Credit Card,Mobile,0,0,0,0,0,10,3,0
3425,389,27,35000,Aggressive,2025-09-26,23,Utilities,Zomato,2203.26,UPI,Mobile,0,1,0,0,0,7,1,0
3426,193,30,75000,Aggressive,2025-02-21,7,Food Delivery,PhonePe,302.5,UPI,Mobile,0,0,1,1,0,10,0,0
3427,282,36,35000,Balanced,2025-03-23,4,Investment,Netflix,5510.21,UPI,Mobile,0,0,0,0,0,8,3,0
3428,97,40,25000,Balanced,2025-04-29,13,Rent,PhonePe,14163.07,UPI,Mobile,0,0,1,1,0,3,10,1
3429,356,39,35000,Balanced,2025-01-02,7,EMI,PhonePe,9619.18,Debit Card,Mobile,1,0,1,0,0,3,7,1
3430,392,36,75000,Aggressive,2025-03-24,16,Rent,Croma,4865.12,UPI,Mobile,0,0,0,0,0,2,1,0
3431,208,25,15000,Balanced,2025-10-20,8,Groceries,Groww,1510.54,UPI,Mobile,0,0,0,1,0,6,2,0
3432,112,37,15000,Conservative,2025-05-29,15,Groceries,Paytm,1288.1,UPI,Mobile,0,0,0,0,1,4,1,0
3433,82,33,100000,Conservative,2025-06-02,6,Health,PhonePe,1958.54,Debit Card,Mobile,1,0,0,0,0,9,0,0
3434,9,27,15000,Aggressive,2025-05-08,6,Electronics,Swiggy,6038.49,BNPL,Mobile,0,0,0,0,0,9,10,1
3435,103,28,50000,Balanced,2025-07-02,1,Groceries,Croma,2063.86,UPI,Mobile,1,1,0,0,0,10,0,0
3436,323,26,15000,Balanced,2025-11-01,12,Rent,Croma,12319.7,UPI,Mobile,1,0,0,0,0,10,10,0
3437,407,42,50000,Balanced,2025-08-15,0,Entertainment,BigBasket,665.28,UPI,Mobile,0,1,0,1,0,10,0,0
3438,226,20,35000,Aggressive,2025-04-11,1,Travel,Flipkart,7639.31,UPI,Mobile,0,1,0,0,1,4,6,1
3439,366,43,35000,Conservative,2025-04-07,22,Education,Uber,1974.59,Credit Card,Mobile,0,1,1,0,0,7,3,1
3440,250,27,25000,Conservative,2025-03-13,3,Groceries,Groww,586.61,UPI,Mobile,0,0,1,0,0,6,0,0
3441,325,30,25000,Balanced,2025-01-31,21,Utilities,PhonePe,2484.79,UPI,Mobile,0,0,1,0,0,1,1,0
3442,425,35,35000,Aggressive,2025-02-04,20,Education,Uber,2252.96,Credit Card,Mobile,1,0,1,1,0,7,1,0
3443,281,25,35000,Balanced,2025-04-08,3,EMI,Zomato,7085.82,Credit Card,Mobile,0,0,1,0,0,2,6,1
3444,108,31,75000,Conservative,2025-05-27,18,Fashion,Groww,1885.85,Credit Card,Mobile,0,0,0,1,1,7,2,1
3445,337,25,15000,Balanced,2025-01-29,22,Education,Groww,2626.94,Credit Card,Mobile,0,1,0,1,0,6,5,1
3446,158,37,35000,Balanced,2025-12-23,23,Electronics,Netflix,10517.87,UPI,Mobile,0,1,0,1,0,3,8,1
3447,442,42,75000,Conservative,2025-03-05,6,Fashion,Uber,1229.73,UPI,Mobile,1,0,0,0,0,4,0,0
3448,488,23,75000,Balanced,2025-11-06,22,Food Delivery,BigBasket,432.89,Credit Card,Mobile,0,1,0,0,0,6,2,1
3449,499,44,15000,Aggressive,2025-02-03,19,Utilities,Netflix,745.0,Credit Card,Desktop,1,0,1,0,0,10,0,0
3450,393,40,50000,Balanced,2025-11-23,0,Health,Flipkart,1693.59,Credit Card,Mobile,0,1,0,1,0,1,2,1
3451,328,25,35000,Conservative,2025-12-31,13,Investment,Groww,6201.07,UPI,Mobile,0,0,0,1,0,2,3,0
3452,259,28,75000,Aggressive,2025-01-11,9,Entertainment,Paytm,749.29,UPI,Desktop,0,0,0,1,1,1,2,1
3453,161,40,50000,Conservative,2025-04-22,23,Health,Zomato,3265.71,Debit Card,Mobile,0,1,0,0,0,4,1,0
3454,486,31,100000,Balanced,2025-08-07,17,Groceries,Zomato,1177.84,Cash,Mobile,0,0,0,0,0,8,0,0
3455,287,25,50000,Conservative,2025-03-25,11,Food Delivery,Myntra,386.03,Debit Card,Tablet,0,0,1,1,1,8,2,1
3456,395,27,35000,Balanced,2025-10-17,22,Health,Groww,2323.0,Credit Card,Desktop,0,1,0,1,0,2,3,1
3457,376,43,35000,Conservative,2025-08-11,12,Travel,Swiggy,5301.6,UPI,Mobile,0,0,0,1,0,6,3,0
3458,316,19,35000,Balanced,2025-02-26,7,Education,Flipkart,3721.97,UPI,Mobile,0,0,0,0,0,1,2,0
3459,259,28,75000,Aggressive,2025-08-10,15,Utilities,Uber,1838.25,BNPL,Mobile,0,0,0,0,0,3,3,0
3460,26,18,15000,Balanced,2025-11-10,21,Education,Groww,1780.41,BNPL,Mobile,0,0,0,1,0,6,5,0
3461,371,39,35000,Balanced,2025-08-12,8,Food Delivery,BigBasket,479.22,UPI,Mobile,0,0,0,0,1,9,0,0
3462,175,43,50000,Balanced,2025-08-10,2,Entertainment,Swiggy,741.32,Credit Card,Mobile,0,1,0,1,0,6,2,1
3463,17,25,15000,Aggressive,2025-01-06,19,Investment,Paytm,714.99,Cash,Mobile,0,0,0,1,0,5,0,0
3464,248,21,35000,Balanced,2025-04-10,13,Groceries,Netflix,1547.9,UPI,Mobile,0,0,0,0,1,10,0,0
3465,133,19,25000,Conservative,2025-02-14,9,Groceries,PhonePe,238.35,UPI,Tablet,0,0,0,0,0,1,0,0
3466,188,43,25000,Balanced,2025-09-26,13,Food Delivery,Croma,281.86,BNPL,Mobile,0,0,0,1,0,2,5,1
3467,41,30,35000,Conservative,2025-05-08,16,Health,BigBasket,2916.7,UPI,Desktop,0,0,0,0,0,9,1,0
3468,231,31,25000,Conservative,2025-03-14,20,Rent,Myntra,12240.39,Debit Card,Desktop,0,0,0,0,0,5,9,0
3469,446,38,50000,Conservative,2025-05-27,1,Fashion,Amazon,2100.38,Debit Card,Mobile,0,1,1,1,0,3,2,1
3470,328,25,35000,Conservative,2025-03-19,5,Health,BigBasket,1710.68,UPI,Mobile,0,0,1,0,0,2,0,0
3471,134,36,35000,Aggressive,2025-05-17,14,Food Delivery,Flipkart,566.99,Debit Card,Mobile,0,0,0,1,0,5,0,0
3472,89,44,50000,Balanced,2025-10-26,10,Utilities,Zomato,580.35,Credit Card,Desktop,0,0,0,0,0,5,0,0
3473,9,27,15000,Aggressive,2025-03-09,4,Food Delivery,BigBasket,478.5,Debit Card,Desktop,0,0,0,0,1,2,0,0
3474,154,34,35000,Aggressive,2025-09-14,21,Electronics,Netflix,15028.67,Credit Card,Mobile,0,0,0,0,0,4,10,1
3475,34,44,35000,Conservative,2025-10-14,9,Health,BigBasket,3469.69,Credit Card,Mobile,0,0,1,0,0,6,1,0
3476,443,44,50000,Conservative,2025-11-14,18,Fashion,Croma,2537.47,Credit Card,Desktop,0,0,0,0,1,4,3,1
3477,246,30,35000,Balanced,2025-07-29,6,Utilities,Groww,2157.88,UPI,Desktop,0,0,1,0,0,1,1,0
3478,384,33,75000,Balanced,2025-07-02,15,Education,Groww,4438.03,Credit Card,Mobile,1,0,1,0,1,6,1,0
3479,262,43,25000,Balanced,2025-12-22,3,Health,Groww,1488.65,Credit Card,Mobile,0,0,0,1,0,10,1,0
3480,281,25,35000,Balanced,2025-02-05,18,Rent,Uber,12129.4,UPI,Desktop,1,0,0,1,0,1,6,0
3481,368,21,50000,Conservative,2025-08-19,9,Electronics,Zomato,14364.31,UPI,Mobile,0,0,1,0,0,3,7,1
3482,445,40,15000,Aggressive,2025-09-21,15,Rent,BigBasket,15568.72,Credit Card,Mobile,0,0,0,0,0,8,10,0
3483,141,29,25000,Conservative,2025-02-03,3,Electronics,Myntra,1983.37,Debit Card,Tablet,1,0,1,0,0,3,3,1
3484,484,28,100000,Conservative,2025-04-14,15,Education,Croma,219.33,UPI,Desktop,0,0,1,1,1,5,0,0
3485,363,23,50000,Conservative,2025-10-27,18,Groceries,BigBasket,1277.83,Debit Card,Mobile,0,0,0,1,1,1,0,0
3486,89,44,50000,Balanced,2025-10-22,20,Travel,BigBasket,4132.54,BNPL,Desktop,0,0,0,1,0,3,4,0
3487,166,23,15000,Balanced,2025-12-15,2,Food Delivery,Groww,402.7,Credit Card,Mobile,0,1,0,0,0,3,2,1
3488,336,40,25000,Conservative,2025-02-13,1,Investment,PhonePe,5939.29,Debit Card,Mobile,0,1,0,1,1,8,6,1
3489,133,19,25000,Conservative,2025-02-08,5,Electronics,PhonePe,13084.44,Debit Card,Mobile,0,0,0,0,1,4,10,1
3490,373,43,15000,Conservative,2025-03-17,10,Groceries,Amazon,1085.87,UPI,Mobile,0,0,0,0,0,3,1,0
3491,159,38,15000,Balanced,2025-07-15,8,Utilities,Uber,2742.02,Debit Card,Mobile,0,0,0,0,1,8,3,0
3492,179,43,15000,Aggressive,2025-05-12,15,Education,Flipkart,2518.88,Debit Card,Mobile,0,0,0,0,1,1,3,0
3493,143,20,25000,Balanced,2025-02-17,21,Health,Netflix,1681.17,UPI,Desktop,0,0,0,0,1,4,1,0
3494,14,42,100000,Aggressive,2025-10-25,12,Electronics,Zomato,7927.0,Cash,Mobile,0,0,1,0,1,4,3,1
3495,52,32,25000,Conservative,2025-12-10,19,Education,PhonePe,2417.67,Debit Card,Mobile,0,0,0,0,1,7,1,0
3496,253,18,15000,Conservative,2025-07-20,10,Groceries,Flipkart,661.73,UPI,Tablet,0,0,0,1,0,4,0,0
3497,278,20,25000,Aggressive,2025-12-10,1,Health,BigBasket,2866.95,UPI,Mobile,0,1,0,0,0,10,2,0
3498,436,34,15000,Aggressive,2025-10-14,12,EMI,Flipkart,6848.41,BNPL,Mobile,0,0,0,0,0,9,10,0
3499,449,31,25000,Balanced,2025-06-30,18,Investment,BigBasket,5278.18,Credit Card,Mobile,0,0,0,0,0,4,6,1
3500,75,40,25000,Conservative,2025-10-25,12,Rent,Groww,13010.98,UPI,Mobile,0,0,0,0,1,7,10,0
3501,415,23,100000,Aggressive,2025-09-20,11,Entertainment,PhonePe,812.49,Credit Card,Mobile,0,0,0,0,0,7,0,0
3502,483,38,25000,Balanced,2025-01-30,8,Education,Zomato,4926.58,Debit Card,Mobile,0,0,1,1,0,9,3,0
3503,434,33,35000,Conservative,2025-04-04,21,Education,Paytm,3121.23,Debit Card,Mobile,1,0,0,0,0,8,1,0
3504,307,26,35000,Balanced,2025-11-24,6,Groceries,Flipkart,631.57,BNPL,Mobile,0,0,0,0,1,4,3,0
3505,300,23,25000,Balanced,2025-01-10,3,Travel,BigBasket,5693.12,Debit Card,Mobile,0,0,0,0,0,9,4,0
3506,130,43,35000,Balanced,2025-01-12,23,Groceries,Paytm,740.33,UPI,Mobile,0,1,0,0,0,7,0,0
3507,337,25,15000,Balanced,2025-04-24,1,Travel,Croma,4090.37,BNPL,Desktop,0,1,0,1,0,8,10,1
3508,294,32,50000,Conservative,2025-09-20,8,Electronics,Paytm,14781.17,UPI,Desktop,0,0,0,0,0,9,5,0
3509,343,35,15000,Conservative,2025-10-13,14,Fashion,Uber,3308.65,UPI,Desktop,0,0,0,0,0,10,4,0
3510,172,36,50000,Balanced,2025-12-05,21,Food Delivery,PhonePe,100.0,Credit Card,Mobile,1,0,1,0,0,10,2,1
3511,88,30,35000,Aggressive,2025-05-31,21,Rent,BigBasket,9507.25,Credit Card,Mobile,0,0,0,0,1,1,7,1
3512,493,18,35000,Conservative,2025-07-18,3,Food Delivery,PhonePe,348.07,UPI,Mobile,0,0,1,0,0,10,0,0
3513,92,34,15000,Aggressive,2025-03-29,8,Fashion,Myntra,4663.72,UPI,Desktop,0,0,0,1,0,3,8,1
3514,490,42,35000,Conservative,2025-07-07,23,Health,Swiggy,2665.71,UPI,Mobile,0,1,0,1,0,6,1,0
3515,459,32,100000,Balanced,2025-09-26,16,Food Delivery,Flipkart,181.15,UPI,Mobile,0,0,1,1,1,5,2,1
3516,383,42,35000,Conservative,2025-05-31,11,EMI,Paytm,7834.47,Cash,Mobile,0,0,1,1,0,5,4,0
3517,309,18,15000,Aggressive,2025-07-19,23,Utilities,Zomato,1778.98,UPI,Mobile,0,1,0,0,0,4,2,0
3518,5,39,15000,Balanced,2025-04-10,1,Investment,Zomato,5710.45,UPI,Desktop,0,1,0,0,0,8,7,0
3519,317,44,35000,Conservative,2025-08-03,0,Entertainment,Uber,706.63,Debit Card,Mobile,1,1,0,0,0,1,2,1
3520,55,24,35000,Conservative,2025-04-16,10,Food Delivery,Amazon,447.73,UPI,Desktop,0,0,0,0,0,5,0,0
3521,356,39,35000,Balanced,2025-12-07,8,EMI,Swiggy,11850.27,Debit Card,Mobile,0,0,0,1,0,7,6,0
3522,290,42,25000,Conservative,2025-12-21,19,Travel,Zomato,9141.6,Debit Card,Mobile,0,0,0,0,0,6,7,0
3523,164,28,50000,Aggressive,2025-06-23,3,Health,Amazon,2120.95,UPI,Desktop,0,0,0,0,1,5,0,0
3524,164,28,50000,Aggressive,2025-01-04,20,Electronics,Zomato,15146.63,UPI,Mobile,1,0,0,0,0,1,8,1
3525,352,27,35000,Aggressive,2025-12-24,13,Groceries,Netflix,1698.61,UPI,Mobile,0,0,0,0,1,3,0,0
3526,178,41,35000,Balanced,2025-04-16,3,Investment,BigBasket,2263.24,UPI,Mobile,0,0,1,0,0,2,1,0
3527,239,31,15000,Conservative,2025-05-21,23,Fashion,Amazon,1916.86,UPI,Desktop,0,1,0,0,0,7,2,0
3528,440,25,25000,Conservative,2025-06-07,18,Food Delivery,Netflix,318.67,Credit Card,Mobile,0,0,0,1,0,6,0,0
3529,242,23,35000,Conservative,2025-06-02,0,Investment,Swiggy,6237.97,Debit Card,Desktop,1,1,0,1,0,10,3,0
3530,177,42,25000,Conservative,2025-04-09,10,EMI,Amazon,3616.55,UPI,Mobile,0,0,0,0,0,4,2,0
3531,192,38,50000,Balanced,2025-05-19,3,Food Delivery,Myntra,215.32,Cash,Mobile,0,0,0,0,0,7,0,0
3532,156,21,15000,Aggressive,2025-09-24,3,EMI,Netflix,5948.89,Cash,Mobile,0,0,0,0,0,1,7,0
3533,12,42,15000,Balanced,2025-09-04,10,Travel,Croma,8692.69,Credit Card,Desktop,1,0,0,0,0,1,10,1
3534,175,43,50000,Balanced,2025-03-16,20,Education,Amazon,3152.72,Credit Card,Mobile,0,0,0,0,0,3,1,0
3535,36,43,25000,Conservative,2025-01-11,15,EMI,Swiggy,2346.0,Debit Card,Mobile,0,0,0,0,0,3,1,0
3536,265,32,50000,Balanced,2025-10-18,22,Education,Myntra,2836.41,UPI,Tablet,0,1,1,0,0,2,3,1
3537,94,26,100000,Conservative,2025-10-28,9,Utilities,BigBasket,2935.33,UPI,Desktop,0,0,1,0,0,6,0,0
3538,23,25,50000,Balanced,2025-06-17,5,EMI,Croma,5048.3,Debit Card,Mobile,0,0,1,0,0,1,2,0
3539,499,44,15000,Aggressive,2025-04-14,19,Health,Groww,463.82,Debit Card,Mobile,0,0,1,0,0,9,0,0
3540,52,32,25000,Conservative,2025-11-03,4,Rent,Flipkart,14250.68,UPI,Mobile,1,0,1,1,0,10,10,0
3541,190,22,100000,Aggressive,2025-06-05,9,EMI,Amazon,3163.41,BNPL,Mobile,1,0,0,1,0,4,3,0
3542,11,36,25000,Aggressive,2025-05-26,1,Rent,Amazon,6341.67,UPI,Mobile,0,1,0,0,0,1,7,1
3543,183,26,25000,Conservative,2025-07-16,21,Education,Swiggy,2269.33,UPI,Mobile,0,0,1,0,0,4,1,0
3544,238,31,35000,Balanced,2025-01-19,12,Travel,BigBasket,7474.29,Credit Card,Mobile,0,0,0,1,1,4,6,1
3545,398,43,50000,Conservative,2025-11-23,4,Rent,Zomato,21919.76,Credit Card,Desktop,0,0,1,1,1,6,10,1
3546,412,32,35000,Conservative,2025-12-23,23,Utilities,Paytm,1592.28,Credit Card,Desktop,0,1,1,0,0,9,2,1
3547,163,43,35000,Aggressive,2025-03-24,1,Electronics,Myntra,10782.89,BNPL,Desktop,0,1,0,0,0,5,10,1
3548,97,40,25000,Balanced,2025-09-14,4,Electronics,Paytm,14516.01,Credit Card,Desktop,0,0,0,1,0,9,10,1
3549,478,29,15000,Aggressive,2025-10-22,13,Fashion,Netflix,2859.47,Debit Card,Mobile,0,0,0,1,0,2,5,1
3550,74,29,35000,Aggressive,2025-03-25,1,Entertainment,Paytm,738.07,UPI,Mobile,0,1,0,0,1,8,0,0
3551,470,37,25000,Conservative,2025-03-31,8,EMI,BigBasket,2405.76,UPI,Mobile,0,0,0,0,0,3,1,0
3552,408,24,35000,Balanced,2025-07-14,16,Food Delivery,Paytm,314.3,UPI,Mobile,0,0,1,0,1,8,0,0
3553,184,18,35000,Balanced,2025-10-09,20,Fashion,Myntra,3139.81,Credit Card,Desktop,0,0,1,0,0,2,3,1
3554,229,38,35000,Balanced,2025-01-12,22,Entertainment,PhonePe,915.05,UPI,Tablet,0,1,0,1,0,3,2,1
3555,433,32,15000,Balanced,2025-11-30,0,Health,Myntra,2750.56,Cash,Mobile,0,1,0,1,0,5,3,0
3556,270,25,50000,Conservative,2025-03-18,10,Entertainment,Uber,364.77,Cash,Mobile,0,0,0,0,0,2,0,0
3557,460,20,35000,Conservative,2025-09-17,22,EMI,Myntra,2969.87,UPI,Mobile,0,1,0,0,0,7,1,0
3558,379,20,50000,Balanced,2025-02-09,18,Education,Myntra,5118.91,UPI,Mobile,0,0,0,0,0,8,2,0
3559,66,44,25000,Balanced,2025-04-13,3,Electronics,Swiggy,8447.75,UPI,Desktop,0,0,1,0,0,6,8,1
3560,321,28,35000,Conservative,2025-08-21,8,Utilities,Amazon,2860.96,Credit Card,Mobile,0,0,0,0,1,9,1,0
3561,11,36,25000,Aggressive,2025-07-19,9,Entertainment,Groww,535.94,Credit Card,Mobile,0,0,0,0,0,6,0,0
3562,206,36,25000,Conservative,2025-09-28,22,Travel,Uber,5101.0,Credit Card,Desktop,0,1,1,0,0,9,6,1
3563,474,32,35000,Balanced,2025-12-11,16,Groceries,Zomato,666.55,UPI,Mobile,0,0,1,0,0,2,0,0
3564,439,18,75000,Balanced,2025-04-30,12,Utilities,BigBasket,2481.22,Debit Card,Mobile,0,0,1,1,0,8,0,0
3565,500,24,35000,Conservative,2025-04-25,9,Entertainment,Amazon,1078.65,UPI,Mobile,0,0,0,0,0,9,0,0
3566,86,29,35000,Balanced,2025-04-29,12,EMI,Flipkart,4436.03,BNPL,Mobile,0,0,1,1,0,6,5,0
3567,237,39,25000,Balanced,2025-09-01,19,Fashion,Zomato,1003.27,Credit Card,Desktop,1,0,0,0,0,8,0,0
3568,174,20,25000,Balanced,2025-01-25,10,Utilities,Swiggy,1974.04,UPI,Mobile,0,0,0,1,0,3,1,0
3569,257,36,15000,Balanced,2025-11-22,9,Groceries,PhonePe,451.08,UPI,Mobile,0,0,0,1,0,2,0,0
3570,250,27,25000,Conservative,2025-08-26,14,Investment,BigBasket,7449.51,UPI,Mobile,0,0,0,0,0,8,5,0
3571,434,33,35000,Conservative,2025-01-11,1,Food Delivery,Flipkart,402.14,BNPL,Mobile,0,1,1,1,1,6,5,1
3572,471,20,25000,Conservative,2025-04-27,14,Electronics,Flipkart,13915.81,Debit Card,Mobile,0,0,1,0,0,10,10,1
3573,286,23,75000,Balanced,2025-07-01,14,Groceries,Flipkart,955.13,UPI,Mobile,1,0,0,0,1,3,0,0
3574,250,27,25000,Conservative,2025-12-09,23,Groceries,Netflix,1712.65,Credit Card,Mobile,0,1,0,1,1,4,3,1
3575,342,38,35000,Conservative,2025-01-18,17,Utilities,Uber,100.0,UPI,Desktop,0,0,0,0,0,7,0,0
3576,131,18,35000,Balanced,2025-01-22,8,Entertainment,Netflix,1603.34,Credit Card,Tablet,0,0,0,0,1,2,2,1
3577,443,44,50000,Conservative,2025-02-05,3,Education,Amazon,1737.96,Debit Card,Mobile,1,0,0,1,1,10,0,0
3578,90,32,35000,Conservative,2025-09-13,23,Investment,BigBasket,2214.64,UPI,Mobile,0,1,0,0,0,3,1,0
3579,411,42,25000,Aggressive,2025-08-01,19,Utilities,PhonePe,2432.26,Credit Card,Mobile,1,0,0,1,0,6,1,0
3580,75,40,25000,Conservative,2025-06-27,19,Investment,Zomato,2127.91,UPI,Mobile,0,0,0,0,0,4,1,0
3581,292,19,50000,Aggressive,2025-09-19,21,Education,Netflix,3297.11,UPI,Mobile,0,0,0,0,0,10,1,0
3582,215,35,35000,Conservative,2025-03-17,15,Education,BigBasket,2776.11,Credit Card,Mobile,0,0,1,1,1,9,3,1
3583,108,31,75000,Conservative,2025-10-25,8,Groceries,Zomato,625.36,UPI,Desktop,0,0,0,0,1,5,0,0
3584,311,18,75000,Balanced,2025-03-15,22,Utilities,BigBasket,2198.14,BNPL,Tablet,0,1,0,0,1,8,3,0
3585,66,44,25000,Balanced,2025-10-14,20,Travel,Croma,12962.73,UPI,Desktop,0,0,0,0,0,9,10,0
3586,128,22,15000,Conservative,2025-05-09,7,Electronics,Croma,11289.43,UPI,Desktop,0,0,0,0,0,4,10,1
3587,37,44,35000,Balanced,2025-12-06,1,Health,Netflix,179.62,Credit Card,Tablet,0,1,0,0,0,8,0,0
3588,482,42,25000,Balanced,2025-05-16,7,Fashion,PhonePe,3994.97,UPI,Mobile,0,0,1,0,0,1,5,1
3589,356,39,35000,Balanced,2025-11-12,19,EMI,Uber,4805.22,UPI,Desktop,0,0,0,0,0,2,2,0
3590,79,25,35000,Conservative,2025-09-25,21,Investment,BigBasket,3364.32,UPI,Mobile,0,0,1,0,0,2,1,0
3591,345,36,35000,Balanced,2025-08-08,13,EMI,Netflix,6507.64,UPI,Mobile,0,0,0,1,0,1,3,0
3592,327,34,15000,Balanced,2025-10-01,21,Rent,Uber,9933.53,BNPL,Mobile,1,0,0,1,0,2,10,1
3593,490,42,35000,Conservative,2025-10-19,2,Utilities,Uber,2171.38,UPI,Desktop,0,1,0,0,0,3,1,0
3594,176,26,50000,Balanced,2025-06-07,14,Investment,Uber,3931.56,UPI,Mobile,0,0,0,1,0,8,1,0
3595,415,23,100000,Aggressive,2025-06-14,9,Entertainment,PhonePe,1028.69,BNPL,Mobile,0,0,1,1,0,5,5,1
3596,304,29,15000,Aggressive,2025-10-12,2,Fashion,Zomato,100.0,UPI,Mobile,0,1,0,1,0,2,2,1
3597,171,42,35000,Conservative,2025-09-12,10,Entertainment,Croma,701.78,Credit Card,Tablet,0,0,1,0,1,4,2,1
3598,426,20,50000,Conservative,2025-04-27,3,Fashion,Croma,790.66,UPI,Desktop,0,0,0,1,0,7,0,0
3599,274,35,15000,Balanced,2025-04-05,20,Groceries,Amazon,1214.0,Credit Card,Tablet,1,0,0,0,0,2,1,0
3600,301,43,75000,Conservative,2025-03-05,2,Investment,Paytm,4442.91,Debit Card,Desktop,1,1,0,0,0,5,1,0
3601,32,33,25000,Balanced,2025-07-11,1,Education,Netflix,1479.91,Credit Card,Mobile,0,1,0,0,1,4,3,1
3602,308,25,50000,Aggressive,2025-07-05,4,Education,BigBasket,3237.53,Credit Card,Desktop,1,0,0,0,0,2,1,0
3603,393,40,50000,Balanced,2025-11-26,14,EMI,Uber,3732.93,BNPL,Desktop,0,0,1,1,1,3,6,1
3604,222,28,35000,Conservative,2025-02-06,9,Travel,Uber,100.0,UPI,Mobile,0,0,0,0,1,9,0,0
3605,77,39,50000,Balanced,2025-01-27,5,Travel,Uber,10000.67,UPI,Mobile,0,0,1,1,1,4,6,1
3606,78,28,75000,Balanced,2025-03-10,13,EMI,Uber,5896.42,Debit Card,Mobile,0,0,0,1,0,1,1,0
3607,23,25,50000,Balanced,2025-07-16,2,EMI,Netflix,7312.56,UPI,Desktop,0,1,0,0,0,6,2,0
3608,484,28,100000,Conservative,2025-04-05,22,EMI,Paytm,8870.77,Credit Card,Desktop,1,1,0,0,1,5,1,0
3609,80,42,50000,Conservative,2025-01-26,15,Fashion,Groww,3440.59,Cash,Mobile,0,0,0,0,1,9,1,0
3610,389,27,35000,Aggressive,2025-01-09,14,EMI,Swiggy,5354.73,UPI,Mobile,0,0,1,1,1,4,5,1
3611,92,34,15000,Aggressive,2025-11-17,13,Rent,Swiggy,17769.63,Credit Card,Mobile,0,0,0,0,0,6,10,0
3612,146,38,25000,Aggressive,2025-12-14,3,Electronics,Swiggy,15394.31,Cash,Mobile,0,0,0,0,0,5,10,0
3613,142,31,15000,Conservative,2025-08-04,4,Travel,Netflix,8330.67,BNPL,Mobile,1,0,0,0,0,1,10,1
3614,290,42,25000,Conservative,2025-09-09,5,Rent,PhonePe,10622.76,UPI,Mobile,0,0,0,0,1,8,8,0
3615,257,36,15000,Balanced,2025-03-15,10,Education,Amazon,3811.31,UPI,Desktop,0,0,0,1,0,6,5,0
3616,338,20,75000,Balanced,2025-06-03,18,Utilities,Uber,1304.02,UPI,Desktop,1,0,0,1,0,3,0,0
3617,207,18,50000,Balanced,2025-11-17,13,Rent,PhonePe,8117.76,UPI,Mobile,0,0,0,0,1,8,3,0
3618,103,28,50000,Balanced,2025-12-15,17,Utilities,Uber,2059.5,UPI,Mobile,0,0,0,0,0,6,0,0
3619,414,22,50000,Conservative,2025-06-28,0,Education,Myntra,1023.38,Debit Card,Mobile,0,1,0,0,1,4,0,0
3620,450,25,25000,Balanced,2025-01-19,14,Electronics,Netflix,5559.16,Debit Card,Mobile,0,0,0,1,1,8,6,1
3621,339,25,15000,Conservative,2025-10-29,10,Electronics,Paytm,13349.61,BNPL,Mobile,0,0,1,0,1,8,10,1
3622,413,41,15000,Aggressive,2025-09-18,2,Utilities,PhonePe,2077.5,BNPL,Mobile,0,1,0,0,1,2,7,1
3623,170,39,50000,Aggressive,2025-06-30,17,Investment,BigBasket,4516.87,UPI,Mobile,0,0,0,1,0,1,1,0
3624,421,34,100000,Aggressive,2025-08-20,10,Groceries,Swiggy,1277.04,UPI,Mobile,0,0,0,0,1,4,0,0
3625,356,39,35000,Balanced,2025-05-26,11,Investment,BigBasket,6463.64,UPI,Mobile,0,0,0,0,0,5,3,0
3626,210,29,50000,Aggressive,2025-03-01,11,Entertainment,BigBasket,684.08,Credit Card,Desktop,1,0,1,0,1,9,2,1
3627,487,28,50000,Aggressive,2025-12-14,9,Education,Croma,1944.28,Debit Card,Mobile,0,0,0,0,0,9,0,0
3628,91,33,25000,Conservative,2025-10-06,3,Education,PhonePe,3577.5,Credit Card,Mobile,0,0,0,1,0,4,2,0
3629,152,29,35000,Balanced,2025-12-02,8,Groceries,Flipkart,1276.58,UPI,Mobile,1,0,0,0,0,2,0,0
3630,333,36,35000,Balanced,2025-10-20,7,Health,Swiggy,1941.69,UPI,Desktop,0,0,0,1,0,4,1,0
3631,496,24,25000,Balanced,2025-11-27,1,Education,Uber,1389.57,Debit Card,Mobile,0,1,0,1,0,10,1,0
3632,415,23,100000,Aggressive,2025-08-05,8,Food Delivery,Flipkart,391.19,Credit Card,Mobile,1,0,1,1,1,6,2,1
3633,241,32,15000,Aggressive,2025-12-10,2,Groceries,Croma,1471.73,UPI,Mobile,0,1,0,0,0,6,1,0
3634,424,34,25000,Conservative,2025-07-15,19,Utilities,Amazon,1976.02,UPI,Mobile,0,0,0,1,0,6,1,0
3635,46,28,25000,Conservative,2025-07-11,4,Fashion,Paytm,1228.8,UPI,Desktop,0,0,0,1,1,8,0,0
3636,125,22,35000,Balanced,2025-12-03,18,Education,Swiggy,3845.99,BNPL,Mobile,1,0,0,0,0,1,5,0
3637,345,36,35000,Balanced,2025-11-05,20,Travel,Swiggy,5032.91,Debit Card,Mobile,1,0,0,0,0,1,2,0
3638,368,21,50000,Conservative,2025-07-07,17,Electronics,PhonePe,4629.86,Credit Card,Tablet,0,0,0,0,0,7,1,0
3639,231,31,25000,Conservative,2025-12-16,1,Fashion,Uber,1850.73,UPI,Mobile,0,1,1,0,0,6,3,1
3640,499,44,15000,Aggressive,2025-08-12,9,Fashion,Uber,2891.64,UPI,Mobile,0,0,1,0,0,6,5,1
3641,191,39,15000,Conservative,2025-08-24,23,Rent,Myntra,15850.68,Debit Card,Mobile,0,1,0,0,0,10,10,0
3642,356,39,35000,Balanced,2025-05-03,12,Entertainment,Paytm,1032.58,BNPL,Desktop,1,0,0,0,1,5,3,0
3643,266,23,35000,Conservative,2025-05-30,20,Entertainment,Amazon,1621.61,UPI,Mobile,0,0,0,0,0,10,0,0
3644,488,23,75000,Balanced,2025-02-20,15,EMI,Netflix,8344.62,Debit Card,Desktop,0,0,1,0,1,2,2,0
3645,418,25,75000,Balanced,2025-10-21,9,Food Delivery,Paytm,404.57,Debit Card,Mobile,0,0,0,0,0,10,0,0
3646,71,27,25000,Balanced,2025-12-11,23,Investment,BigBasket,100.0,Debit Card,Mobile,0,1,1,1,0,2,2,1
3647,217,42,35000,Balanced,2025-12-24,0,Travel,PhonePe,6135.81,Debit Card,Mobile,0,1,1,0,0,7,5,1
3648,96,18,15000,Conservative,2025-01-24,15,Education,Myntra,4177.24,Debit Card,Mobile,0,0,1,1,0,6,5,0
3649,357,43,35000,Conservative,2025-12-03,7,Entertainment,Netflix,396.67,UPI,Desktop,1,0,0,0,0,4,0,0
3650,374,20,50000,Aggressive,2025-04-07,10,Travel,Flipkart,7600.75,Credit Card,Mobile,0,0,0,0,1,6,3,0
3651,149,41,50000,Aggressive,2025-02-09,7,Travel,Uber,9191.08,Debit Card,Tablet,0,0,1,0,0,1,5,1
3652,219,21,35000,Aggressive,2025-08-03,8,Electronics,Flipkart,12659.45,Credit Card,Desktop,1,0,0,1,1,2,9,1
3653,333,36,35000,Balanced,2025-06-09,12,Rent,Amazon,19830.69,UPI,Mobile,0,0,0,0,0,10,10,0
3654,303,18,15000,Aggressive,2025-12-14,20,EMI,Zomato,2856.63,Credit Card,Mobile,0,0,0,0,1,3,5,1
3655,468,34,100000,Conservative,2025-08-31,17,Food Delivery,Paytm,368.57,Credit Card,Mobile,0,0,0,1,0,4,2,1
3656,142,31,15000,Conservative,2025-10-04,21,Investment,Croma,3082.21,Credit Card,Desktop,1,0,1,1,0,4,6,1
3657,391,31,15000,Balanced,2025-11-15,14,Groceries,Amazon,1877.09,UPI,Mobile,0,0,0,1,0,8,2,0
3658,392,36,75000,Aggressive,2025-08-15,10,Fashion,Paytm,2843.87,Credit Card,Tablet,0,0,0,0,0,8,0,0
3659,86,29,35000,Balanced,2025-09-16,9,Rent,Groww,9247.77,Credit Card,Mobile,0,0,0,0,0,6,5,0
3660,335,24,50000,Conservative,2025-06-17,22,Rent,Zomato,20450.97,Credit Card,Mobile,0,1,0,0,0,6,10,1
3661,332,24,50000,Conservative,2025-04-02,21,Travel,Swiggy,9235.92,UPI,Mobile,1,0,0,0,0,3,3,0
3662,492,27,50000,Aggressive,2025-01-20,2,EMI,Paytm,1916.04,UPI,Tablet,0,1,1,0,0,2,2,1
3663,162,38,35000,Conservative,2025-04-12,19,Fashion,Myntra,3315.12,UPI,Mobile,0,0,0,0,0,4,1,0
3664,271,22,15000,Conservative,2025-09-11,15,Health,BigBasket,2197.67,BNPL,Desktop,0,0,0,1,1,5,5,0
3665,269,40,35000,Conservative,2025-01-10,15,Groceries,Uber,100.0,UPI,Mobile,0,0,0,1,0,10,0,0
3666,234,33,15000,Conservative,2025-04-04,2,Entertainment,Paytm,791.23,Cash,Mobile,1,1,0,0,0,3,3,1
3667,151,41,75000,Balanced,2025-12-10,2,Electronics,Zomato,11661.74,UPI,Mobile,0,1,0,0,0,10,5,1
3668,30,24,50000,Aggressive,2025-01-26,18,EMI,Amazon,9403.15,BNPL,Mobile,0,0,0,1,0,8,6,0
3669,340,31,35000,Aggressive,2025-09-06,10,Health,Uber,1579.71,UPI,Desktop,0,0,0,0,0,6,0,0
3670,481,37,35000,Conservative,2025-01-24,11,Investment,Amazon,6974.12,Debit Card,Mobile,0,0,0,1,0,9,3,0
3671,486,31,100000,Balanced,2025-02-06,19,EMI,Paytm,6940.19,UPI,Mobile,0,0,1,0,0,2,1,0
3672,101,19,25000,Conservative,2025-06-30,3,Travel,Uber,3163.52,UPI,Tablet,0,0,1,0,0,10,2,0
3673,6,23,15000,Aggressive,2025-08-17,16,Food Delivery,PhonePe,391.86,Credit Card,Mobile,0,0,0,0,1,2,2,1
3674,218,40,35000,Balanced,2025-09-02,13,Groceries,Zomato,1775.99,Credit Card,Mobile,1,0,1,1,0,5,1,0
3675,256,41,75000,Conservative,2025-03-09,9,Investment,Swiggy,6044.01,Credit Card,Mobile,0,0,0,0,1,10,1,0
3676,292,19,50000,Aggressive,2025-12-31,20,Food Delivery,Croma,520.0,Cash,Mobile,0,0,0,0,0,9,0,0
3677,377,25,50000,Balanced,2025-07-14,20,Entertainment,Zomato,1013.87,Credit Card,Mobile,0,0,0,1,0,4,2,1
3678,277,25,50000,Balanced,2025-08-03,16,Travel,Groww,4900.66,UPI,Mobile,1,0,0,1,0,3,1,0
3679,300,23,25000,Balanced,2025-05-19,23,Education,Uber,2722.53,Cash,Mobile,0,1,0,1,0,4,2,0
3680,260,34,35000,Balanced,2025-06-07,19,EMI,Netflix,9131.42,UPI,Mobile,0,0,0,1,0,5,5,0
3681,24,32,50000,Conservative,2025-01-19,23,Food Delivery,Flipkart,393.11,Credit Card,Mobile,0,1,1,0,0,3,2,1
3682,448,29,15000,Conservative,2025-03-05,17,Groceries,Zomato,192.78,Credit Card,Desktop,1,0,1,1,1,7,2,1
3683,271,22,15000,Conservative,2025-08-13,10,Utilities,Swiggy,1296.03,UPI,Mobile,0,0,0,1,0,5,1,0
3684,434,33,35000,Conservative,2025-12-24,19,Utilities,Netflix,1959.81,UPI,Mobile,0,0,0,1,0,7,1,0
3685,56,34,100000,Conservative,2025-02-05,3,Electronics,Netflix,7302.34,Credit Card,Mobile,1,0,0,0,0,10,1,0
3686,16,32,50000,Balanced,2025-06-04,0,EMI,Zomato,6742.62,UPI,Desktop,1,1,0,0,0,6,2,0
3687,94,26,100000,Conservative,2025-08-20,9,Entertainment,Uber,872.57,UPI,Mobile,0,0,0,0,1,4,0,0
3688,375,44,35000,Conservative,2025-02-07,20,Food Delivery,Netflix,176.61,Cash,Mobile,0,0,0,1,0,7,0,0
3689,229,38,35000,Balanced,2025-06-01,9,Utilities,Groww,2330.27,BNPL,Mobile,1,0,0,0,0,5,4,0
3690,254,23,25000,Conservative,2025-03-02,10,Health,Groww,1762.72,UPI,Mobile,1,0,0,0,0,10,1,0
3691,134,36,35000,Aggressive,2025-08-25,15,Electronics,Netflix,6294.12,Credit Card,Mobile,0,0,0,0,0,7,5,1
3692,30,24,50000,Aggressive,2025-01-19,16,Electronics,Myntra,19048.06,BNPL,Mobile,0,0,0,0,0,2,10,1
3693,321,28,35000,Conservative,2025-08-28,23,Investment,Uber,5908.13,Credit Card,Mobile,0,1,0,0,0,5,5,1
3694,410,35,25000,Conservative,2025-07-31,8,Travel,Uber,7474.53,UPI,Mobile,0,0,1,0,0,7,5,0
3695,32,33,25000,Balanced,2025-02-21,9,Education,BigBasket,3041.53,UPI,Mobile,0,0,1,0,1,2,2,0
3696,389,27,35000,Aggressive,2025-10-29,0,Food Delivery,Paytm,421.93,UPI,Desktop,0,1,1,0,0,6,2,1
3697,69,35,50000,Balanced,2025-10-16,2,Utilities,Myntra,3048.9,Credit Card,Desktop,0,1,1,0,1,1,3,1
3698,382,44,100000,Balanced,2025-02-20,2,Food Delivery,Croma,228.9,Credit Card,Mobile,0,1,0,1,0,4,2,1
3699,223,32,15000,Conservative,2025-03-20,18,Health,Groww,798.15,BNPL,Mobile,0,0,0,0,0,2,4,0
3700,249,25,35000,Balanced,2025-07-14,12,Rent,PhonePe,6411.26,Cash,Mobile,0,0,1,0,0,8,3,0
3701,315,37,35000,Aggressive,2025-01-01,7,Utilities,Myntra,2074.59,BNPL,Mobile,1,0,0,0,1,5,4,0
3702,386,33,50000,Conservative,2025-11-28,17,Groceries,Groww,1374.52,UPI,Desktop,0,0,1,1,1,4,2,1
3703,465,32,50000,Balanced,2025-12-01,23,Health,PhonePe,2496.1,UPI,Mobile,1,1,0,0,0,6,0,0
3704,67,36,25000,Conservative,2025-11-08,23,Travel,Netflix,15228.23,Credit Card,Mobile,0,1,0,0,1,10,10,1
3705,160,37,50000,Balanced,2025-12-17,6,Investment,Netflix,6218.46,BNPL,Mobile,0,0,0,1,0,10,5,0
3706,478,29,15000,Aggressive,2025-09-07,20,Electronics,Paytm,7569.83,UPI,Mobile,0,0,1,0,1,10,10,1
3707,414,22,50000,Conservative,2025-07-25,4,Utilities,Amazon,2061.03,UPI,Mobile,0,0,1,1,0,3,0,0
3708,114,38,25000,Aggressive,2025-11-14,20,Entertainment,Uber,1034.04,UPI,Tablet,0,0,0,1,1,7,0,0
3709,391,31,15000,Balanced,2025-01-10,7,Utilities,Netflix,2830.77,UPI,Desktop,0,0,0,1,0,9,3,0
3710,224,28,15000,Balanced,2025-03-12,12,Electronics,PhonePe,12971.99,UPI,Mobile,0,0,0,1,0,6,10,0
3711,5,39,15000,Balanced,2025-07-19,17,Travel,PhonePe,5245.43,UPI,Mobile,0,0,0,1,1,7,6,0
3712,302,30,15000,Conservative,2025-02-20,17,Investment,Croma,2240.42,Debit Card,Mobile,0,0,0,0,0,8,2,0
3713,408,24,35000,Balanced,2025-04-02,20,Utilities,Croma,1139.22,UPI,Desktop,1,0,0,0,1,2,0,0
3714,371,39,35000,Balanced,2025-08-14,13,Health,Uber,1901.33,UPI,Mobile,0,0,0,0,0,1,1,0
3715,368,21,50000,Conservative,2025-04-06,4,Entertainment,Paytm,1336.93,Cash,Mobile,0,0,1,0,0,2,2,1
3716,466,37,50000,Balanced,2025-01-29,20,Electronics,Netflix,18973.7,Credit Card,Mobile,0,0,1,0,1,6,9,1
3717,425,35,35000,Aggressive,2025-01-30,7,EMI,Flipkart,6033.82,UPI,Mobile,0,0,0,1,0,4,3,0
3718,309,18,15000,Aggressive,2025-12-08,14,Rent,Amazon,15691.44,Debit Card,Mobile,0,0,0,0,0,9,10,0
3719,197,41,25000,Aggressive,2025-06-23,5,Health,Swiggy,363.45,UPI,Desktop,0,0,1,0,0,3,0,0
3720,376,43,35000,Conservative,2025-11-12,20,Rent,PhonePe,9801.7,UPI,Mobile,0,0,0,0,0,10,5,0
3721,96,18,15000,Conservative,2025-06-25,12,Groceries,Flipkart,1670.1,UPI,Mobile,0,0,0,1,1,1,2,0
3722,324,25,35000,Balanced,2025-03-08,10,EMI,Flipkart,1330.17,BNPL,Mobile,0,0,1,1,1,1,5,1
3723,93,31,75000,Conservative,2025-04-19,22,Rent,Groww,8139.42,UPI,Mobile,0,1,0,0,0,6,2,0
3724,77,39,50000,Balanced,2025-09-28,9,Health,PhonePe,1225.78,Cash,Mobile,0,0,1,0,1,2,0,0
3725,304,29,15000,Aggressive,2025-02-10,13,Health,PhonePe,821.83,UPI,Mobile,0,0,1,1,0,5,1,0
3726,482,42,25000,Balanced,2025-01-22,2,Travel,Myntra,11111.02,Credit Card,Mobile,0,1,0,0,0,3,10,1
3727,449,31,25000,Balanced,2025-01-20,13,Travel,Croma,7474.89,UPI,Mobile,0,0,1,0,0,2,7,1
3728,119,36,35000,Conservative,2025-08-19,0,Fashion,BigBasket,1237.07,Debit Card,Mobile,0,1,0,0,0,6,0,0
3729,167,27,25000,Aggressive,2025-01-05,7,Rent,Uber,14068.57,Debit Card,Mobile,1,0,0,1,1,10,10,0
3730,6,23,15000,Aggressive,2025-03-01,16,Groceries,Amazon,593.51,UPI,Mobile,1,0,0,0,1,9,0,0
3731,49,30,75000,Conservative,2025-11-11,22,Entertainment,Flipkart,1656.34,UPI,Mobile,0,1,0,0,0,9,0,0
3732,25,30,15000,Aggressive,2025-04-14,15,Fashion,Croma,2178.32,UPI,Mobile,0,0,0,0,0,4,2,0
3733,328,25,35000,Conservative,2025-09-01,23,Food Delivery,Uber,673.52,UPI,Mobile,1,1,0,0,1,7,0,0
3734,281,25,35000,Balanced,2025-08-11,12,Utilities,Croma,825.53,Debit Card,Mobile,0,0,0,1,0,7,0,0
3735,34,44,35000,Conservative,2025-08-16,12,Travel,BigBasket,9880.85,UPI,Desktop,0,0,1,0,1,3,7,1
3736,147,41,50000,Aggressive,2025-09-15,13,Entertainment,Myntra,1185.33,UPI,Mobile,0,0,1,1,1,2,2,1
3737,291,40,15000,Conservative,2025-07-28,15,Health,Paytm,2978.87,UPI,Desktop,0,0,0,0,0,8,3,0
3738,328,25,35000,Conservative,2025-05-24,3,Education,Amazon,3865.58,UPI,Mobile,0,0,1,0,1,8,2,0
3739,111,39,35000,Conservative,2025-08-01,18,Electronics,Uber,7803.24,UPI,Mobile,1,0,1,1,0,8,6,1
3740,425,35,35000,Aggressive,2025-12-12,6,Fashion,Paytm,3662.65,Credit Card,Mobile,0,0,0,0,0,5,2,0
3741,132,43,35000,Balanced,2025-04-19,5,Rent,Paytm,7614.83,Debit Card,Desktop,0,0,0,0,0,6,4,0
3742,486,31,100000,Balanced,2025-10-16,1,EMI,BigBasket,6990.8,UPI,Mobile,0,1,0,0,0,7,1,0
3743,312,25,35000,Conservative,2025-08-28,12,Groceries,Myntra,1754.25,UPI,Mobile,0,0,0,0,0,10,1,0
3744,273,34,75000,Balanced,2025-10-24,20,Rent,Netflix,14788.58,UPI,Tablet,0,0,0,0,0,4,3,0
3745,12,42,15000,Balanced,2025-06-09,8,Health,Swiggy,1727.12,BNPL,Tablet,0,0,0,0,0,5,5,0
3746,382,44,100000,Balanced,2025-03-05,10,Investment,Groww,5610.77,UPI,Mobile,1,0,0,0,0,1,1,0
3747,151,41,75000,Balanced,2025-09-02,4,Travel,Uber,18318.44,UPI,Mobile,1,0,1,1,0,2,6,1
3748,155,39,25000,Conservative,2025-05-02,16,Utilities,Zomato,2410.36,UPI,Mobile,1,0,1,1,0,7,1,0
3749,142,31,15000,Conservative,2025-09-05,8,Rent,Myntra,8109.56,Credit Card,Mobile,1,0,1,0,0,6,10,1
3750,436,34,15000,Aggressive,2025-04-12,11,Investment,Amazon,4493.44,UPI,Mobile,0,0,0,0,0,5,5,0
3751,449,31,25000,Balanced,2025-07-01,9,Groceries,Groww,1550.24,UPI,Mobile,1,0,0,1,0,6,1,0
3752,467,37,50000,Conservative,2025-11-29,1,Utilities,Swiggy,2531.56,Credit Card,Mobile,0,1,0,0,0,7,1,0
3753,324,25,35000,Balanced,2025-10-25,6,Entertainment,Groww,1262.49,Debit Card,Mobile,0,0,0,1,0,1,0,0
3754,342,38,35000,Conservative,2025-11-10,0,Food Delivery,Netflix,521.16,Cash,Mobile,0,1,1,1,0,8,2,1
3755,313,38,25000,Aggressive,2025-07-16,20,Groceries,Netflix,927.19,BNPL,Mobile,0,0,0,0,0,2,3,0
3756,500,24,35000,Conservative,2025-06-13,1,Entertainment,Groww,597.45,BNPL,Mobile,0,1,0,0,1,2,5,1
3757,121,26,50000,Conservative,2025-09-13,12,Health,BigBasket,1070.6,UPI,Desktop,0,0,0,1,0,7,0,0
3758,54,34,25000,Conservative,2025-09-30,4,Travel,Uber,10620.27,UPI,Mobile,0,0,0,0,0,1,8,0
3759,391,31,15000,Balanced,2025-08-21,19,Education,Uber,2584.11,Credit Card,Mobile,0,0,0,0,0,7,3,0
3760,355,19,35000,Conservative,2025-02-04,22,Food Delivery,Amazon,535.1,UPI,Desktop,1,1,1,1,0,10,2,1
3761,30,24,50000,Aggressive,2025-03-10,0,Health,Zomato,2920.6,UPI,Mobile,0,1,0,0,0,3,1,0
3762,452,36,50000,Balanced,2025-09-07,16,Travel,Paytm,10811.7,Debit Card,Mobile,0,0,0,0,0,5,4,0
3763,477,37,15000,Balanced,2025-09-02,13,Rent,Zomato,12652.68,Credit Card,Tablet,1,0,1,1,0,5,10,1
3764,172,36,50000,Balanced,2025-12-04,12,Education,Amazon,2450.53,UPI,Mobile,1,0,1,0,0,1,0,0
3765,166,23,15000,Balanced,2025-08-23,15,Food Delivery,Paytm,463.8,UPI,Mobile,0,0,0,1,1,3,2,1
3766,410,35,25000,Conservative,2025-02-18,2,Rent,Paytm,18500.45,UPI,Mobile,0,1,0,0,0,6,10,0
3767,197,41,25000,Aggressive,2025-10-13,8,Fashion,BigBasket,1612.37,UPI,Mobile,0,0,0,0,0,2,1,0
3768,122,43,25000,Conservative,2025-03-15,0,Rent,Flipkart,7373.68,UPI,Mobile,0,1,0,0,0,9,5,0
3769,41,30,35000,Conservative,2025-09-11,19,Rent,Amazon,14197.98,UPI,Mobile,0,0,1,0,0,2,10,1
3770,67,36,25000,Conservative,2025-12-13,6,Food Delivery,Croma,370.44,Debit Card,Desktop,0,0,1,0,1,8,0,0
3771,131,18,35000,Balanced,2025-10-24,18,Food Delivery,Swiggy,543.58,Credit Card,Mobile,0,0,0,0,0,6,0,0
3772,97,40,25000,Balanced,2025-12-28,8,Health,Paytm,1890.83,UPI,Mobile,0,0,1,1,0,10,1,0
3773,383,42,35000,Conservative,2025-03-16,12,Rent,Uber,15172.49,BNPL,Desktop,0,0,1,1,1,1,10,1
3774,480,31,35000,Balanced,2025-02-03,4,Utilities,Netflix,1776.8,Debit Card,Mobile,1,0,0,0,0,9,1,0
3775,369,28,25000,Conservative,2025-12-04,21,Education,Groww,2176.63,Credit Card,Mobile,1,0,0,1,1,10,1,0
3776,409,34,15000,Conservative,2025-10-15,14,Groceries,Amazon,936.97,UPI,Desktop,0,0,0,1,0,6,1,0
3777,85,20,50000,Balanced,2025-12-17,15,Health,Amazon,1963.89,Credit Card,Desktop,0,0,1,0,0,4,2,1
3778,472,23,25000,Conservative,2025-04-24,18,Travel,Paytm,6003.8,Credit Card,Mobile,0,0,1,1,0,2,6,1
3779,85,20,50000,Balanced,2025-06-27,2,Education,BigBasket,2482.89,Debit Card,Mobile,0,1,0,1,0,4,0,0
3780,372,39,15000,Balanced,2025-05-27,21,Groceries,BigBasket,838.58,UPI,Mobile,0,0,1,0,0,1,1,0
3781,187,29,15000,Conservative,2025-03-05,18,Utilities,Flipkart,1885.53,BNPL,Mobile,1,0,0,0,0,8,5,0
3782,459,32,100000,Balanced,2025-12-22,0,Entertainment,Swiggy,572.07,UPI,Mobile,0,1,0,1,0,7,0,0
3783,74,29,35000,Aggressive,2025-12-24,3,Electronics,BigBasket,15490.52,Debit Card,Mobile,0,0,1,0,1,7,10,1
3784,207,18,50000,Balanced,2025-05-02,3,Education,Netflix,2134.17,Debit Card,Mobile,1,0,1,0,0,5,0,0
3785,320,41,25000,Balanced,2025-03-19,22,Investment,Croma,7154.48,UPI,Mobile,0,1,0,1,1,4,7,1
3786,409,34,15000,Conservative,2025-02-20,21,Utilities,Netflix,1728.61,UPI,Mobile,0,0,0,0,0,2,2,0
3787,163,43,35000,Aggressive,2025-06-09,19,Electronics,Netflix,1909.46,Debit Card,Mobile,0,0,0,0,1,4,1,0
3788,70,42,15000,Aggressive,2025-07-31,19,Electronics,Groww,12717.68,UPI,Mobile,0,0,1,0,0,4,10,1
3789,384,33,75000,Balanced,2025-03-12,5,Entertainment,Amazon,437.43,Debit Card,Mobile,0,0,1,0,1,10,0,0
3790,236,37,25000,Conservative,2025-01-27,7,EMI,Flipkart,11790.22,UPI,Mobile,0,0,0,1,0,4,9,0
3791,6,23,15000,Aggressive,2025-12-05,0,Utilities,Netflix,1760.83,Credit Card,Tablet,1,1,0,1,0,7,2,0
3792,139,36,50000,Balanced,2025-08-09,11,Investment,Uber,3361.9,Debit Card,Mobile,0,0,1,0,0,7,1,0
3793,27,18,25000,Conservative,2025-05-07,22,Food Delivery,Groww,390.8,Debit Card,Mobile,0,1,0,0,1,1,2,1
3794,328,25,35000,Conservative,2025-02-14,18,Education,Paytm,4974.59,UPI,Mobile,0,0,0,0,0,2,2,0
3795,224,28,15000,Balanced,2025-10-29,18,Health,Paytm,3306.92,UPI,Mobile,0,0,0,0,0,10,4,0
3796,161,40,50000,Conservative,2025-08-08,19,Electronics,Croma,8583.94,UPI,Desktop,0,0,0,0,0,10,3,0
3797,178,41,35000,Balanced,2025-12-26,21,Education,Uber,2731.74,BNPL,Desktop,0,0,0,1,0,1,4,0
3798,478,29,15000,Aggressive,2025-04-20,3,Health,Paytm,1333.49,Credit Card,Tablet,0,0,0,1,0,4,1,0
3799,46,28,25000,Conservative,2025-11-12,23,EMI,Flipkart,7684.96,UPI,Mobile,0,1,1,0,0,10,8,1
3800,336,40,25000,Conservative,2025-01-18,3,Education,Zomato,2346.41,Debit Card,Mobile,0,0,1,1,0,5,1,0
3801,233,32,35000,Conservative,2025-03-30,19,Food Delivery,Paytm,133.97,Debit Card,Mobile,0,0,1,0,0,4,2,1
3802,456,34,50000,Balanced,2025-01-21,11,Travel,Zomato,8429.75,Cash,Desktop,0,0,1,1,0,9,3,0
3803,428,21,35000,Conservative,2025-01-20,10,Education,Groww,2904.8,Cash,Mobile,0,0,0,0,0,3,1,0
3804,332,24,50000,Conservative,2025-08-11,17,Health,Zomato,2272.22,Credit Card,Mobile,0,0,0,1,0,7,0,0
3805,233,32,35000,Conservative,2025-08-21,9,Health,PhonePe,1614.09,Debit Card,Mobile,0,0,0,0,0,8,0,0
3806,341,33,25000,Balanced,2025-03-13,23,Groceries,Myntra,1313.92,BNPL,Mobile,0,1,1,1,1,6,6,1
3807,126,29,35000,Conservative,2025-06-18,18,Health,PhonePe,1472.86,Debit Card,Mobile,0,0,0,0,1,8,0,0
3808,118,27,25000,Balanced,2025-08-28,6,Fashion,PhonePe,2533.74,UPI,Mobile,0,0,0,1,0,4,2,0
3809,317,44,35000,Conservative,2025-10-31,18,Rent,PhonePe,6947.2,UPI,Mobile,0,0,1,1,0,2,5,1
3810,289,24,35000,Aggressive,2025-09-29,6,Groceries,Myntra,1768.24,Cash,Mobile,0,0,0,0,1,8,1,0
3811,394,37,50000,Conservative,2025-02-13,5,Utilities,Croma,373.28,UPI,Desktop,0,0,0,0,0,5,0,0
3812,46,28,25000,Conservative,2025-07-04,15,Groceries,Netflix,1838.74,Credit Card,Mobile,1,0,0,0,1,8,1,0
3813,357,43,35000,Conservative,2025-02-20,13,Entertainment,Croma,799.59,UPI,Desktop,0,0,1,0,0,6,0,0
3814,275,26,25000,Conservative,2025-08-20,1,Food Delivery,BigBasket,300.65,UPI,Mobile,0,1,0,0,0,1,2,1
3815,159,38,15000,Balanced,2025-04-12,17,Groceries,Croma,1500.2,UPI,Desktop,0,0,0,1,0,7,2,0
3816,304,29,15000,Aggressive,2025-11-30,22,Health,Netflix,1773.42,UPI,Mobile,0,1,0,1,0,1,2,0
3817,422,22,15000,Aggressive,2025-07-26,23,EMI,Flipkart,7462.57,Debit Card,Mobile,0,1,0,0,0,8,9,0
3818,103,28,50000,Balanced,2025-05-30,4,EMI,BigBasket,2907.7,UPI,Mobile,0,0,0,0,0,3,1,0
3819,197,41,25000,Aggressive,2025-07-22,3,Education,Swiggy,3121.07,BNPL,Mobile,0,0,0,1,0,10,5,0
3820,268,23,25000,Conservative,2025-07-07,13,Groceries,Amazon,1110.32,Credit Card,Mobile,0,0,0,1,1,2,2,1
3821,184,18,35000,Balanced,2025-06-10,0,Entertainment,Paytm,336.8,Credit Card,Mobile,0,1,0,0,0,9,2,1
3822,87,39,25000,Aggressive,2025-08-21,10,Fashion,Netflix,3179.82,Credit Card,Desktop,0,0,0,0,0,3,4,1
3823,216,44,15000,Balanced,2025-09-09,6,Food Delivery,Groww,281.0,UPI,Mobile,0,0,0,0,0,9,0,0
3824,31,26,35000,Conservative,2025-07-17,22,Education,Swiggy,4583.71,Debit Card,Mobile,0,1,0,0,0,1,2,0
3825,64,33,50000,Conservative,2025-04-01,7,Education,Uber,995.57,Debit Card,Mobile,1,0,0,0,1,6,0,0
3826,280,42,75000,Conservative,2025-04-19,22,Travel,Amazon,6820.37,UPI,Mobile,0,1,0,0,1,5,1,0
3827,254,23,25000,Conservative,2025-02-07,14,Fashion,Groww,2573.03,UPI,Mobile,0,0,0,1,0,7,2,0
3828,36,43,25000,Conservative,2025-08-29,2,Rent,Paytm,23560.99,BNPL,Desktop,0,1,0,1,0,3,10,1
3829,117,25,50000,Aggressive,2025-04-14,15,Health,Myntra,900.58,Credit Card,Mobile,0,0,0,0,0,7,0,0
3830,499,44,15000,Aggressive,2025-10-14,18,Food Delivery,Groww,541.22,Credit Card,Mobile,0,0,0,1,1,7,2,1
3831,226,20,35000,Aggressive,2025-02-12,11,Health,Zomato,2168.42,Cash,Desktop,0,0,0,0,0,8,1,0
3832,372,39,15000,Balanced,2025-08-15,23,Food Delivery,Flipkart,579.1,UPI,Mobile,0,1,0,1,0,8,0,0
3833,86,29,35000,Balanced,2025-02-19,10,Entertainment,BigBasket,876.65,UPI,Desktop,0,0,1,0,0,1,2,1
3834,124,38,35000,Balanced,2025-07-30,10,Fashion,Croma,2557.87,UPI,Desktop,0,0,0,0,0,6,1,0
3835,348,40,15000,Aggressive,2025-05-20,22,EMI,Croma,4357.46,UPI,Mobile,0,1,1,1,0,4,7,1
3836,459,32,100000,Balanced,2025-01-09,14,Rent,Uber,15310.75,UPI,Mobile,0,0,0,0,0,9,3,0
3837,299,37,25000,Aggressive,2025-12-05,23,Fashion,Uber,2641.87,Credit Card,Desktop,1,1,0,1,0,1,4,1
3838,213,31,50000,Conservative,2025-08-16,21,Food Delivery,Paytm,384.98,UPI,Mobile,0,0,1,0,0,3,2,1
3839,42,30,15000,Conservative,2025-02-17,8,Rent,PhonePe,18061.27,BNPL,Mobile,0,0,0,1,0,6,10,0
3840,381,29,25000,Conservative,2025-11-10,1,Travel,Paytm,12874.96,Credit Card,Mobile,0,1,1,1,0,7,10,1
3841,97,40,25000,Balanced,2025-04-28,14,Food Delivery,Groww,334.14,Debit Card,Tablet,0,0,0,0,0,9,0,0
3842,416,41,35000,Balanced,2025-10-14,14,Entertainment,Myntra,814.7,UPI,Mobile,0,0,0,0,0,5,0,0
3843,208,25,15000,Balanced,2025-12-07,7,Electronics,Amazon,7236.65,Credit Card,Mobile,0,0,0,1,0,3,10,1
3844,44,42,15000,Balanced,2025-02-11,12,Groceries,Swiggy,1581.69,Credit Card,Mobile,0,0,0,0,1,9,2,0
3845,81,31,35000,Balanced,2025-11-14,2,Education,Netflix,4115.93,UPI,Desktop,0,1,0,0,0,9,2,0
3846,23,25,50000,Balanced,2025-09-07,4,Entertainment,BigBasket,399.21,UPI,Mobile,0,0,1,0,1,3,2,1
3847,83,21,25000,Conservative,2025-06-20,15,Food Delivery,Croma,416.44,Debit Card,Mobile,0,0,0,0,0,2,0,0
3848,254,23,25000,Conservative,2025-08-10,17,Health,BigBasket,2443.12,Credit Card,Mobile,0,0,0,0,0,3,1,0
3849,376,43,35000,Conservative,2025-04-24,12,Health,BigBasket,3253.05,UPI,Desktop,0,0,0,0,0,10,1,0
3850,245,43,35000,Conservative,2025-10-26,6,Education,Groww,2625.15,Debit Card,Mobile,0,0,0,0,0,10,1,0
3851,383,42,35000,Conservative,2025-02-14,6,Entertainment,Croma,987.84,Credit Card,Mobile,0,0,0,0,0,2,2,1
3852,201,18,15000,Conservative,2025-08-22,17,Entertainment,Myntra,1070.26,UPI,Mobile,0,0,0,0,1,4,1,0
3853,106,24,35000,Balanced,2025-09-29,2,Electronics,Netflix,11603.95,UPI,Mobile,0,1,1,1,0,1,8,1
3854,277,25,50000,Balanced,2025-02-13,18,Groceries,Amazon,1796.92,UPI,Mobile,0,0,1,1,0,5,0,0
3855,380,29,100000,Conservative,2025-10-09,4,Fashion,BigBasket,2579.53,Debit Card,Mobile,0,0,0,0,0,9,0,0
3856,404,20,15000,Conservative,2025-06-02,19,Travel,PhonePe,7821.62,UPI,Mobile,1,0,0,0,0,8,10,0
3857,397,19,75000,Balanced,2025-01-11,17,Groceries,Croma,1332.93,Credit Card,Mobile,0,0,0,0,0,2,0,0
3858,173,44,25000,Conservative,2025-09-26,7,Entertainment,Amazon,938.03,UPI,Mobile,0,0,0,0,0,8,0,0
3859,481,37,35000,Conservative,2025-02-06,17,Health,Amazon,902.88,Credit Card,Mobile,0,0,0,1,1,9,0,0
3860,262,43,25000,Balanced,2025-04-18,1,Investment,Swiggy,2297.41,UPI,Mobile,0,1,1,1,0,1,3,1
3861,264,37,35000,Conservative,2025-03-01,21,Groceries,Myntra,1502.82,Credit Card,Desktop,1,0,0,1,0,1,0,0
3862,324,25,35000,Balanced,2025-09-05,5,Education,Paytm,1354.43,UPI,Desktop,1,0,0,0,1,1,0,0
3863,43,39,75000,Balanced,2025-12-28,10,EMI,Netflix,3022.28,Credit Card,Mobile,0,0,1,0,0,8,0,0
3864,355,19,35000,Conservative,2025-02-13,17,Travel,Croma,10397.53,UPI,Mobile,0,0,1,1,0,10,5,0
3865,72,43,100000,Balanced,2025-06-26,9,Fashion,BigBasket,2254.0,UPI,Tablet,0,0,1,1,0,2,2,1
3866,411,42,25000,Aggressive,2025-09-26,5,Groceries,Paytm,1668.83,Credit Card,Mobile,0,0,0,0,0,9,1,0
3867,394,37,50000,Conservative,2025-02-18,7,Electronics,BigBasket,8616.47,UPI,Mobile,0,0,0,0,0,2,5,1
3868,415,23,100000,Aggressive,2025-04-22,11,EMI,Groww,5833.23,UPI,Mobile,0,0,1,0,0,8,1,0
3869,267,21,25000,Balanced,2025-10-17,19,Food Delivery,Zomato,147.16,UPI,Desktop,0,0,0,0,1,7,0,0
3870,12,42,15000,Balanced,2025-11-08,4,Health,Flipkart,1753.81,UPI,Desktop,0,0,0,0,0,9,2,0
3871,123,39,50000,Balanced,2025-08-11,2,Health,Zomato,2060.86,UPI,Mobile,0,1,0,0,0,3,0,0
3872,333,36,35000,Balanced,2025-08-02,2,Electronics,Netflix,4344.55,UPI,Mobile,1,1,0,1,0,6,2,0
3873,427,41,50000,Conservative,2025-03-19,18,Fashion,PhonePe,2723.22,Credit Card,Mobile,0,0,1,0,0,8,3,1
3874,456,34,50000,Balanced,2025-03-28,10,Investment,Myntra,1819.96,Debit Card,Mobile,0,0,0,0,0,6,0,0
3875,318,29,75000,Conservative,2025-09-23,16,Travel,BigBasket,7474.19,BNPL,Mobile,0,0,1,1,0,7,4,0
3876,150,33,15000,Conservative,2025-06-15,8,Investment,Netflix,5834.23,UPI,Desktop,0,0,0,0,0,8,7,0
3877,343,35,15000,Conservative,2025-01-27,1,Groceries,Amazon,961.76,Credit Card,Desktop,0,1,1,0,1,9,3,1
3878,310,31,25000,Aggressive,2025-03-05,8,Food Delivery,Croma,201.59,UPI,Mobile,1,0,0,0,1,9,0,0
3879,482,42,25000,Balanced,2025-05-24,8,Rent,Zomato,9419.15,Credit Card,Mobile,0,0,0,0,0,5,7,0
3880,45,29,25000,Aggressive,2025-04-04,10,Rent,Zomato,17192.53,Credit Card,Mobile,1,0,0,0,1,9,10,0
3881,44,42,15000,Balanced,2025-09-13,15,Utilities,Zomato,1459.06,UPI,Mobile,0,0,1,0,1,4,1,0
3882,322,38,35000,Aggressive,2025-08-19,11,Groceries,PhonePe,666.57,Debit Card,Desktop,0,0,0,0,0,1,0,0
3883,289,24,35000,Aggressive,2025-06-27,15,Investment,Paytm,6795.58,BNPL,Mobile,0,0,0,0,0,9,6,0
3884,100,35,35000,Aggressive,2025-04-02,4,Electronics,Flipkart,13116.54,Credit Card,Mobile,1,0,1,0,0,4,9,1
3885,490,42,35000,Conservative,2025-02-28,4,Groceries,Uber,1549.16,UPI,Mobile,0,0,0,1,1,1,0,0
3886,235,18,15000,Balanced,2025-06-26,19,Fashion,Uber,3326.71,Credit Card,Mobile,0,0,0,1,0,10,6,1
3887,470,37,25000,Conservative,2025-06-14,7,Fashion,Amazon,3276.91,BNPL,Mobile,0,0,0,0,0,5,5,0
3888,419,38,50000,Conservative,2025-03-31,22,Entertainment,Paytm,1372.31,UPI,Mobile,0,1,0,0,0,8,0,0
3889,258,41,15000,Conservative,2025-11-28,11,EMI,Zomato,2267.99,Credit Card,Mobile,0,0,0,0,0,4,5,1
3890,311,18,75000,Balanced,2025-06-23,3,EMI,Amazon,7549.59,Debit Card,Mobile,0,0,0,0,0,7,2,0
3891,197,41,25000,Aggressive,2025-11-15,14,Education,Groww,2304.75,Credit Card,Mobile,0,0,0,0,0,4,1,0
3892,365,30,50000,Balanced,2025-12-02,14,Electronics,PhonePe,1376.88,UPI,Mobile,1,0,0,1,0,7,0,0
3893,174,20,25000,Balanced,2025-08-22,11,Fashion,Swiggy,1133.95,UPI,Desktop,0,0,1,1,1,2,2,1
3894,432,22,50000,Conservative,2025-06-13,19,Utilities,Myntra,2154.81,UPI,Mobile,0,0,1,1,0,1,0,0
3895,373,43,15000,Conservative,2025-11-23,14,Investment,Croma,5811.41,Credit Card,Mobile,0,0,0,0,1,5,7,0
3896,403,44,75000,Balanced,2025-06-09,11,Food Delivery,Netflix,257.2,UPI,Mobile,0,0,0,0,0,8,0,0
3897,115,24,15000,Conservative,2025-05-07,18,Investment,Paytm,6840.78,Debit Card,Tablet,0,0,0,0,0,1,9,0
3898,221,19,35000,Conservative,2025-11-30,10,Electronics,Groww,10919.08,Credit Card,Mobile,0,0,1,0,0,3,8,1
3899,339,25,15000,Conservative,2025-10-31,5,Education,Flipkart,2717.35,UPI,Tablet,0,0,0,1,1,1,5,1
3900,276,18,50000,Balanced,2025-03-11,12,Food Delivery,BigBasket,568.16,Credit Card,Mobile,0,0,0,0,0,6,0,0
3901,374,20,50000,Aggressive,2025-09-26,12,Rent,Paytm,10995.39,Credit Card,Mobile,0,0,0,0,0,3,6,1
3902,474,32,35000,Balanced,2025-03-11,5,Fashion,Swiggy,1472.23,Debit Card,Mobile,0,0,0,1,0,7,0,0
3903,119,36,35000,Conservative,2025-12-08,5,Food Delivery,Flipkart,137.34,BNPL,Mobile,0,0,0,0,1,10,3,0
3904,496,24,25000,Balanced,2025-03-04,20,Investment,Groww,814.2,Credit Card,Mobile,1,0,0,0,0,7,0,0
3905,335,24,50000,Conservative,2025-11-21,5,Utilities,Amazon,1965.99,Cash,Mobile,0,0,0,0,0,3,0,0
3906,392,36,75000,Aggressive,2025-11-11,13,Health,Swiggy,2643.75,Debit Card,Mobile,0,0,0,1,1,6,0,0
3907,137,44,50000,Balanced,2025-02-15,22,Health,Zomato,778.85,UPI,Mobile,0,1,0,0,0,10,0,0
3908,137,44,50000,Balanced,2025-01-08,14,Investment,Myntra,6322.92,UPI,Mobile,0,0,1,1,1,2,4,1
3909,79,25,35000,Conservative,2025-12-30,4,Groceries,Myntra,1063.1,Debit Card,Mobile,0,0,1,0,0,2,0,0
3910,500,24,35000,Conservative,2025-05-28,21,Investment,Groww,1062.69,UPI,Mobile,0,0,1,1,0,1,0,0
3911,282,36,35000,Balanced,2025-01-23,13,Health,Amazon,1978.3,Credit Card,Mobile,0,0,0,0,1,10,1,0
3912,305,22,75000,Balanced,2025-10-10,22,Investment,Swiggy,347.26,Credit Card,Desktop,0,1,0,0,0,6,0,0
3913,312,25,35000,Conservative,2025-04-29,7,Investment,Paytm,6622.23,Cash,Mobile,0,0,0,0,1,10,3,0
3914,385,38,50000,Balanced,2025-04-19,15,EMI,Zomato,7142.37,Debit Card,Mobile,0,0,0,1,0,1,2,0
3915,4,38,35000,Balanced,2025-07-05,9,Groceries,Groww,1410.3,BNPL,Mobile,1,0,1,0,1,8,3,0
3916,219,21,35000,Aggressive,2025-03-03,21,Fashion,Amazon,2748.94,UPI,Mobile,1,0,0,1,1,10,1,0
3917,442,42,75000,Conservative,2025-08-21,16,Rent,Swiggy,10849.96,UPI,Desktop,0,0,0,0,0,4,2,0
3918,27,18,25000,Conservative,2025-11-14,4,Investment,Amazon,5944.82,UPI,Desktop,0,0,0,1,1,6,4,0
3919,399,32,50000,Balanced,2025-04-01,2,Investment,BigBasket,7724.8,UPI,Mobile,1,1,0,0,0,3,5,1
3920,135,22,50000,Balanced,2025-06-09,14,Health,Amazon,2466.37,UPI,Mobile,0,0,1,0,0,9,0,0
3921,35,32,50000,Balanced,2025-09-12,11,EMI,Amazon,8381.37,UPI,Desktop,0,0,0,0,1,5,3,0
3922,59,19,35000,Balanced,2025-09-19,20,Health,Paytm,2105.89,UPI,Mobile,0,0,0,1,1,5,1,0
3923,9,27,15000,Aggressive,2025-08-17,6,Investment,PhonePe,3482.87,Credit Card,Mobile,0,0,0,0,0,10,4,0
3924,277,25,50000,Balanced,2025-08-27,15,Food Delivery,PhonePe,568.62,UPI,Mobile,0,0,0,0,0,2,0,0
3925,438,19,35000,Aggressive,2025-07-06,14,Education,Zomato,1982.85,Credit Card,Desktop,0,0,0,1,0,7,1,0
3926,242,23,35000,Conservative,2025-03-03,3,Health,Swiggy,150.61,UPI,Mobile,1,0,1,1,0,2,0,0
3927,104,27,50000,Aggressive,2025-03-15,6,Utilities,Zomato,1167.15,Debit Card,Desktop,0,0,0,0,0,8,0,0
3928,108,31,75000,Conservative,2025-03-01,5,Education,Netflix,3811.22,UPI,Mobile,1,0,0,0,1,10,1,0
3929,362,39,15000,Aggressive,2025-12-18,15,Travel,BigBasket,8623.21,UPI,Mobile,0,0,0,1,0,2,10,0
3930,451,41,50000,Conservative,2025-06-12,9,Food Delivery,Groww,297.79,UPI,Mobile,0,0,1,0,0,5,0,0
3931,386,33,50000,Conservative,2025-06-15,8,Travel,Paytm,8742.23,Credit Card,Mobile,0,0,0,0,1,4,5,1
3932,305,22,75000,Balanced,2025-02-05,7,Education,Myntra,4635.28,UPI,Desktop,1,0,1,0,1,2,1,0
3933,85,20,50000,Balanced,2025-02-13,7,Groceries,Croma,1374.59,BNPL,Mobile,0,0,0,0,1,9,3,0
3934,449,31,25000,Balanced,2025-06-06,15,Utilities,Swiggy,3284.7,Debit Card,Desktop,0,0,0,1,0,1,2,0
3935,343,35,15000,Conservative,2025-07-29,23,Groceries,PhonePe,1304.39,Debit Card,Mobile,0,1,0,0,0,9,1,0
3936,468,34,100000,Conservative,2025-01-31,0,Utilities,Groww,1500.88,Debit Card,Mobile,0,1,0,0,0,3,0,0
3937,317,44,35000,Conservative,2025-07-10,23,Investment,Flipkart,5533.05,UPI,Mobile,0,1,0,0,1,4,5,1
3938,50,25,35000,Balanced,2025-09-06,10,Utilities,PhonePe,937.16,UPI,Mobile,0,0,0,0,0,4,0,0
3939,109,19,15000,Balanced,2025-02-07,2,Investment,Uber,4769.24,UPI,Desktop,0,1,0,0,1,8,6,0
3940,25,30,15000,Aggressive,2025-02-25,17,Electronics,Swiggy,9985.55,Credit Card,Mobile,0,0,0,1,0,8,10,1
3941,148,42,35000,Balanced,2025-08-30,20,EMI,Swiggy,4703.59,BNPL,Mobile,0,0,0,0,0,7,5,0
3942,154,34,35000,Aggressive,2025-05-28,6,Investment,Uber,5126.33,Debit Card,Mobile,0,0,0,0,0,2,2,0
3943,152,29,35000,Balanced,2025-03-15,1,Travel,Croma,4849.45,BNPL,Tablet,0,1,1,1,1,8,7,1
3944,434,33,35000,Conservative,2025-06-07,5,Education,PhonePe,2242.84,Debit Card,Desktop,0,0,0,0,0,10,1,0
3945,30,24,50000,Aggressive,2025-11-12,19,Utilities,Zomato,2608.54,UPI,Desktop,0,0,0,0,0,10,1,0
3946,442,42,75000,Conservative,2025-01-29,12,Travel,Groww,9906.53,UPI,Desktop,0,0,0,1,0,6,2,0
3947,255,28,15000,Aggressive,2025-07-09,22,Education,Uber,3417.02,Credit Card,Desktop,0,1,0,0,0,4,6,1
3948,304,29,15000,Aggressive,2025-05-03,18,EMI,Paytm,2112.22,Credit Card,Desktop,1,0,1,0,0,10,2,0
3949,280,42,75000,Conservative,2025-01-01,12,Food Delivery,Swiggy,455.03,BNPL,Mobile,1,0,0,1,0,6,3,0
3950,132,43,35000,Balanced,2025-05-22,12,Groceries,Netflix,966.75,Cash,Mobile,0,0,1,0,0,10,0,0
3951,334,40,100000,Aggressive,2025-03-18,22,Groceries,Flipkart,1541.13,Credit Card,Mobile,0,1,0,0,0,6,0,0
3952,29,20,50000,Conservative,2025-05-11,6,Education,Croma,3537.87,UPI,Mobile,0,0,0,0,1,8,1,0
3953,213,31,50000,Conservative,2025-01-08,14,Food Delivery,Netflix,707.31,Credit Card,Desktop,0,0,1,1,0,3,2,1
3954,380,29,100000,Conservative,2025-07-18,8,Investment,PhonePe,4447.57,UPI,Tablet,0,0,0,0,0,7,0,0
3955,180,32,75000,Balanced,2025-03-24,19,EMI,Flipkart,9044.16,Credit Card,Mobile,0,0,0,1,1,7,2,0
3956,456,34,50000,Balanced,2025-12-09,17,Rent,Uber,14628.36,UPI,Mobile,0,0,1,1,0,4,7,1
3957,397,19,75000,Balanced,2025-09-07,13,Groceries,Myntra,964.73,BNPL,Desktop,0,0,0,1,1,10,3,0
3958,222,28,35000,Conservative,2025-07-12,13,Fashion,Paytm,1651.29,UPI,Mobile,0,0,0,0,0,1,0,0
3959,190,22,100000,Aggressive,2025-04-01,20,Health,Myntra,2808.44,BNPL,Desktop,1,0,0,0,0,4,3,0
3960,190,22,100000,Aggressive,2025-04-19,3,Fashion,Groww,2156.43,UPI,Desktop,0,0,1,0,0,5,0,0
3961,386,33,50000,Conservative,2025-07-26,2,Fashion,Croma,2900.85,Credit Card,Mobile,0,1,1,0,0,4,3,1
3962,454,22,15000,Aggressive,2025-12-26,8,Fashion,BigBasket,2260.64,UPI,Mobile,0,0,1,0,0,4,5,1
3963,478,29,15000,Aggressive,2025-11-22,8,EMI,Netflix,7454.49,UPI,Mobile,0,0,0,1,0,4,9,0
3964,88,30,35000,Aggressive,2025-12-01,14,Groceries,Croma,2089.77,UPI,Desktop,1,0,1,0,0,9,1,0
3965,464,34,15000,Aggressive,2025-10-02,13,EMI,Zomato,5210.06,Debit Card,Mobile,1,0,0,1,0,4,6,0
3966,435,33,50000,Conservative,2025-11-02,9,Electronics,Swiggy,15939.96,Credit Card,Mobile,1,0,0,0,1,2,8,1
3967,412,32,35000,Conservative,2025-09-19,9,Investment,Croma,4730.4,UPI,Mobile,0,0,1,1,1,9,2,0
3968,279,44,35000,Aggressive,2025-09-01,2,Rent,Myntra,6868.24,Credit Card,Desktop,1,1,0,0,0,9,5,1
3969,102,43,50000,Balanced,2025-03-19,17,Utilities,Zomato,1803.42,UPI,Mobile,0,0,0,0,1,8,0,0
3970,180,32,75000,Balanced,2025-03-03,13,Health,Flipkart,3015.28,UPI,Mobile,1,0,0,0,1,6,0,0
3971,71,27,25000,Balanced,2025-02-20,11,Education,Zomato,2087.83,BNPL,Mobile,0,0,1,0,0,8,4,0
3972,206,36,25000,Conservative,2025-11-03,17,Entertainment,Uber,1094.68,UPI,Desktop,1,0,0,1,1,7,0,0
3973,337,25,15000,Balanced,2025-09-16,1,Investment,Uber,3324.59,UPI,Mobile,0,1,0,1,1,7,6,1
3974,478,29,15000,Aggressive,2025-04-19,22,Education,Flipkart,3598.63,Cash,Mobile,0,1,0,0,0,4,6,1
3975,103,28,50000,Balanced,2025-11-01,4,Health,Zomato,2169.16,UPI,Mobile,1,0,1,1,0,10,0,0
3976,190,22,100000,Aggressive,2025-05-22,2,Rent,Myntra,17484.85,UPI,Mobile,0,1,0,0,1,3,5,1
3977,89,44,50000,Balanced,2025-03-04,13,Food Delivery,Zomato,426.53,BNPL,Mobile,1,0,1,0,0,1,5,1
3978,439,18,75000,Balanced,2025-02-08,21,Fashion,Netflix,4533.61,Debit Card,Mobile,0,0,0,0,1,7,1,0
3979,77,39,50000,Balanced,2025-07-08,4,Fashion,Zomato,4413.08,UPI,Mobile,0,0,1,1,0,6,1,0
3980,436,34,15000,Aggressive,2025-08-07,20,Entertainment,Swiggy,777.94,BNPL,Mobile,0,0,1,0,0,5,6,1
3981,376,43,35000,Conservative,2025-09-24,3,Travel,Myntra,788.38,Credit Card,Tablet,0,0,0,1,0,6,0,0
3982,376,43,35000,Conservative,2025-02-20,17,Entertainment,Groww,567.77,UPI,Desktop,0,0,0,0,0,1,0,0
3983,331,21,25000,Aggressive,2025-07-21,21,Electronics,Amazon,13380.72,UPI,Mobile,0,0,1,0,0,7,10,1
3984,489,36,15000,Conservative,2025-02-23,2,EMI,Groww,5782.95,Credit Card,Tablet,0,1,0,0,0,1,9,1
3985,153,42,25000,Conservative,2025-11-29,13,Education,Croma,2538.9,Debit Card,Desktop,0,0,1,1,0,6,2,0
3986,82,33,100000,Conservative,2025-01-16,6,Groceries,Netflix,702.44,Credit Card,Mobile,0,0,0,0,0,6,0,0
3987,227,43,25000,Aggressive,2025-04-30,1,Fashion,Swiggy,2850.7,Credit Card,Mobile,0,1,1,0,0,1,4,1
3988,429,26,25000,Conservative,2025-03-11,22,Health,PhonePe,2222.46,UPI,Mobile,0,1,1,0,0,2,3,1
3989,4,38,35000,Balanced,2025-02-06,13,Electronics,BigBasket,16264.14,UPI,Mobile,0,0,0,0,0,8,9,0
3990,473,34,50000,Conservative,2025-08-22,21,Electronics,Netflix,11125.49,BNPL,Mobile,0,0,0,1,1,3,9,1
3991,159,38,15000,Balanced,2025-06-16,5,Health,Myntra,1247.53,UPI,Mobile,0,0,0,0,0,3,1,0
3992,350,19,75000,Conservative,2025-06-19,7,Groceries,Netflix,1416.47,BNPL,Mobile,0,0,1,1,0,1,5,1
3993,279,44,35000,Aggressive,2025-01-23,16,Utilities,Myntra,2290.28,Credit Card,Desktop,0,0,0,1,0,6,1,0
3994,475,31,25000,Conservative,2025-11-27,2,Rent,Paytm,12402.74,Credit Card,Desktop,0,1,0,1,0,7,10,1
3995,166,23,15000,Balanced,2025-06-27,9,Rent,Groww,13330.96,Credit Card,Desktop,0,0,1,1,0,4,10,1
3996,218,40,35000,Balanced,2025-03-18,16,Electronics,PhonePe,11413.95,Credit Card,Mobile,0,0,0,0,1,9,8,1
3997,309,18,15000,Aggressive,2025-11-17,3,Entertainment,Groww,475.97,Debit Card,Tablet,0,0,0,0,0,6,0,0
3998,68,26,50000,Conservative,2025-01-14,16,Education,Swiggy,4522.21,Credit Card,Desktop,0,0,0,0,0,1,1,0
3999,368,21,50000,Conservative,2025-03-19,17,Education,Amazon,1424.21,UPI,Mobile,0,0,0,1,0,2,0,0
4000,113,28,15000,Balanced,2025-05-23,15,Groceries,PhonePe,1341.95,Debit Card,Tablet,0,0,0,0,0,2,1,0
4001,214,23,35000,Aggressive,2025-03-18,22,EMI,Croma,4837.75,UPI,Mobile,0,1,1,1,0,8,2,0
4002,43,39,75000,Balanced,2025-10-04,5,Travel,Amazon,14350.87,UPI,Desktop,1,0,0,1,0,5,3,0
4003,149,41,50000,Aggressive,2025-03-07,17,Health,Netflix,2393.75,UPI,Mobile,0,0,0,0,0,7,0,0
4004,79,25,35000,Conservative,2025-06-12,16,EMI,Paytm,7690.63,UPI,Mobile,0,0,0,0,1,8,4,0
4005,342,38,35000,Conservative,2025-12-13,11,Groceries,Paytm,1077.12,BNPL,Mobile,0,0,0,0,1,8,3,0
4006,19,23,25000,Balanced,2025-01-01,4,Health,Flipkart,2479.29,UPI,Mobile,1,0,0,0,1,1,1,0
4007,330,34,35000,Balanced,2025-10-10,22,Electronics,Paytm,10835.65,Cash,Desktop,0,1,1,1,0,10,8,1
4008,71,27,25000,Balanced,2025-04-30,12,Education,Groww,4596.01,Debit Card,Desktop,0,0,1,0,0,7,3,0
4009,232,43,50000,Balanced,2025-04-15,23,Entertainment,Paytm,812.19,UPI,Mobile,0,1,0,1,0,8,0,0
4010,89,44,50000,Balanced,2025-11-05,21,Investment,Amazon,7331.06,UPI,Desktop,1,0,0,0,0,2,2,0
4011,448,29,15000,Conservative,2025-10-15,0,Utilities,Uber,2287.5,UPI,Mobile,0,1,0,0,0,7,3,0
4012,105,42,35000,Conservative,2025-09-12,3,EMI,Paytm,5835.1,BNPL,Mobile,0,0,1,1,0,8,8,1
4013,61,28,25000,Conservative,2025-11-01,14,Travel,Netflix,7536.72,Credit Card,Mobile,1,0,1,1,0,10,8,1
4014,406,42,35000,Conservative,2025-02-24,22,Groceries,Flipkart,1866.57,Credit Card,Mobile,0,1,0,0,1,6,1,0
4015,266,23,35000,Conservative,2025-01-14,11,Electronics,Swiggy,6093.36,UPI,Mobile,0,0,1,1,0,10,5,1
4016,163,43,35000,Aggressive,2025-03-08,9,Health,Netflix,2476.06,Cash,Mobile,0,0,0,0,0,5,1,0
4017,206,36,25000,Conservative,2025-01-17,10,Fashion,Uber,2199.94,UPI,Mobile,0,0,0,0,1,10,1,0
4018,364,30,50000,Conservative,2025-01-05,5,Health,Flipkart,1528.22,BNPL,Mobile,1,0,1,0,0,10,3,0
4019,8,29,15000,Balanced,2025-08-14,7,Utilities,Groww,2890.74,UPI,Mobile,0,0,0,1,0,5,3,0
4020,220,34,25000,Balanced,2025-07-12,6,Groceries,Swiggy,1565.42,BNPL,Mobile,0,0,0,0,1,2,4,0
4021,266,23,35000,Conservative,2025-04-01,16,Education,Amazon,2746.02,UPI,Tablet,1,0,0,1,0,5,1,0
4022,495,43,25000,Conservative,2025-09-06,13,Travel,Swiggy,12667.04,Credit Card,Mobile,0,0,0,0,0,2,10,1
4023,404,20,15000,Conservative,2025-05-13,3,Rent,Croma,15722.95,Debit Card,Mobile,0,0,1,0,0,7,10,0
4024,483,38,25000,Balanced,2025-05-16,18,Rent,Croma,14171.56,Debit Card,Desktop,0,0,1,0,0,4,10,1
4025,22,25,35000,Balanced,2025-02-26,7,Fashion,Groww,1756.22,Debit Card,Mobile,0,0,0,0,0,1,1,0
4026,49,30,75000,Conservative,2025-04-06,20,Travel,Zomato,3585.52,Cash,Desktop,0,0,0,0,0,1,0,0
4027,25,30,15000,Aggressive,2025-12-29,0,Health,BigBasket,1285.32,Debit Card,Mobile,0,1,1,0,1,10,1,0
4028,410,35,25000,Conservative,2025-02-17,20,Entertainment,Uber,611.74,UPI,Mobile,0,0,0,0,0,5,0,0
4029,210,29,50000,Aggressive,2025-03-22,18,EMI,Groww,5742.52,Credit Card,Mobile,0,0,0,0,0,4,2,0
4030,170,39,50000,Aggressive,2025-12-15,8,Health,Flipkart,2981.71,UPI,Mobile,0,0,1,0,1,4,1,0
4031,138,20,35000,Balanced,2025-07-19,0,Electronics,Croma,10742.34,UPI,Mobile,0,1,0,1,0,1,8,1
4032,94,26,100000,Conservative,2025-04-30,20,Fashion,Swiggy,2139.39,Credit Card,Desktop,0,0,1,1,1,6,2,1
4033,154,34,35000,Aggressive,2025-05-03,16,Fashion,Swiggy,684.62,Debit Card,Desktop,1,0,0,0,0,3,0,0
4034,149,41,50000,Aggressive,2025-12-26,2,EMI,Amazon,5770.23,Credit Card,Mobile,0,1,0,0,0,9,2,0
4035,22,25,35000,Balanced,2025-11-11,19,Food Delivery,Uber,549.69,UPI,Mobile,0,0,0,0,1,3,0,0
4036,304,29,15000,Aggressive,2025-02-10,4,Food Delivery,PhonePe,438.72,BNPL,Desktop,0,0,0,1,0,7,3,0
4037,24,32,50000,Conservative,2025-12-05,4,Groceries,Netflix,1035.54,Credit Card,Desktop,1,0,0,0,0,10,0,0
4038,444,28,100000,Balanced,2025-12-19,7,Food Delivery,BigBasket,119.23,UPI,Mobile,0,0,0,1,0,3,0,0
4039,237,39,25000,Balanced,2025-10-17,6,Investment,Paytm,6068.35,Credit Card,Mobile,0,0,0,0,0,9,4,0
4040,440,25,25000,Conservative,2025-07-27,11,Travel,BigBasket,11068.07,Credit Card,Mobile,0,0,0,0,0,8,8,0
4041,342,38,35000,Conservative,2025-01-02,7,Food Delivery,Groww,321.91,UPI,Mobile,1,0,0,1,0,10,0,0
4042,483,38,25000,Balanced,2025-10-15,8,Utilities,BigBasket,1748.28,Credit Card,Mobile,0,0,0,0,0,7,1,0
4043,487,28,50000,Aggressive,2025-10-10,3,Electronics,Myntra,3786.99,Cash,Mobile,0,0,0,1,0,2,1,0
4044,253,18,15000,Conservative,2025-12-11,13,Education,Paytm,2516.02,UPI,Tablet,0,0,0,1,1,3,5,1
4045,498,34,100000,Conservative,2025-08-01,1,Education,Netflix,591.47,Debit Card,Mobile,1,1,1,0,0,5,0,0
4046,254,23,25000,Conservative,2025-12-12,18,Entertainment,Paytm,565.49,Credit Card,Desktop,0,0,0,0,0,8,0,0
4047,488,23,75000,Balanced,2025-08-04,17,Rent,Netflix,16321.88,UPI,Mobile,1,0,0,0,0,5,4,0
4048,370,34,50000,Balanced,2025-03-15,17,Food Delivery,Uber,533.46,Debit Card,Tablet,0,0,0,1,0,8,0,0
4049,313,38,25000,Aggressive,2025-09-09,19,Rent,Swiggy,20253.39,UPI,Mobile,0,0,0,1,0,9,10,0
4050,84,37,25000,Balanced,2025-10-26,23,Health,Croma,2983.27,Credit Card,Mobile,0,1,1,0,0,9,4,1
4051,110,39,25000,Conservative,2025-03-10,16,Investment,Myntra,7189.09,Cash,Mobile,0,0,0,0,1,7,5,0
4052,307,26,35000,Balanced,2025-11-13,7,Education,Myntra,3886.64,UPI,Mobile,0,0,0,0,1,2,2,0
4053,371,39,35000,Balanced,2025-03-30,2,Investment,Uber,7875.92,Debit Card,Mobile,0,1,0,1,0,1,6,1
4054,425,35,35000,Aggressive,2025-11-28,9,Health,BigBasket,1252.46,Debit Card,Mobile,0,0,0,1,0,2,0,0
4055,5,39,15000,Balanced,2025-12-19,10,Entertainment,Amazon,638.73,BNPL,Mobile,0,0,0,0,1,2,5,1
4056,430,26,15000,Aggressive,2025-08-21,23,Electronics,Flipkart,8042.21,Credit Card,Mobile,0,1,0,0,0,4,10,1
4057,164,28,50000,Aggressive,2025-03-19,15,Education,Paytm,2917.91,UPI,Mobile,0,0,1,0,0,5,1,0
4058,157,29,25000,Aggressive,2025-09-11,21,Groceries,Croma,461.97,Credit Card,Desktop,0,0,1,0,0,8,0,0
4059,271,22,15000,Conservative,2025-01-01,22,Health,Groww,3157.08,Credit Card,Mobile,1,1,1,1,0,7,6,1
4060,338,20,75000,Balanced,2025-06-14,6,Fashion,Uber,2563.56,Credit Card,Mobile,0,0,0,1,1,5,2,1
4061,68,26,50000,Conservative,2025-05-12,20,Investment,Paytm,6381.49,Debit Card,Desktop,0,0,0,1,1,4,2,0
4062,422,22,15000,Aggressive,2025-07-04,6,EMI,Swiggy,7501.74,Debit Card,Mobile,1,0,1,0,0,1,10,1
4063,255,28,15000,Aggressive,2025-10-17,2,Rent,Amazon,12504.26,UPI,Mobile,0,1,0,1,0,7,10,0
4064,371,39,35000,Balanced,2025-02-03,21,Travel,Myntra,4720.43,UPI,Desktop,1,0,1,1,0,1,2,0
4065,310,31,25000,Aggressive,2025-12-16,18,Education,Uber,1002.1,Cash,Tablet,0,0,0,0,1,3,0,0
4066,148,42,35000,Balanced,2025-11-12,9,Health,BigBasket,2695.16,Cash,Desktop,0,0,0,1,0,8,1,0
4067,56,34,100000,Conservative,2025-05-11,22,Education,BigBasket,3587.72,UPI,Mobile,0,1,0,0,1,8,0,0
4068,328,25,35000,Conservative,2025-05-16,1,Food Delivery,Paytm,476.69,Credit Card,Mobile,0,1,0,0,0,7,2,1
4069,431,27,50000,Balanced,2025-07-30,18,Utilities,Netflix,1831.46,Debit Card,Mobile,0,0,0,1,1,1,0,0
4070,281,25,35000,Balanced,2025-06-18,14,Groceries,Groww,695.16,UPI,Mobile,0,0,1,0,0,5,0,0
4071,290,42,25000,Conservative,2025-03-25,11,Investment,Netflix,6711.43,UPI,Desktop,0,0,0,0,1,7,5,0
4072,215,35,35000,Conservative,2025-11-26,7,Groceries,Netflix,1865.12,UPI,Desktop,0,0,0,0,0,8,1,0
4073,226,20,35000,Aggressive,2025-01-11,4,Rent,Myntra,8130.77,Credit Card,Mobile,0,0,0,1,0,8,4,0
4074,158,37,35000,Balanced,2025-05-03,21,EMI,Myntra,6456.45,Debit Card,Mobile,1,0,1,0,1,6,3,0
4075,364,30,50000,Conservative,2025-09-23,11,Travel,PhonePe,12931.44,Credit Card,Mobile,0,0,1,1,1,10,7,1
4076,343,35,15000,Conservative,2025-04-22,0,Investment,Groww,5312.75,Debit Card,Mobile,0,1,0,0,1,1,9,1
4077,221,19,35000,Conservative,2025-01-02,9,Food Delivery,Netflix,300.83,UPI,Mobile,1,0,1,1,0,1,2,1
4078,480,31,35000,Balanced,2025-06-16,1,Entertainment,PhonePe,1005.07,UPI,Mobile,0,1,0,0,1,6,0,0
4079,356,39,35000,Balanced,2025-02-06,7,EMI,Paytm,1602.39,UPI,Mobile,0,0,0,0,0,8,0,0
4080,63,23,25000,Aggressive,2025-05-07,5,Fashion,PhonePe,3275.3,Credit Card,Mobile,0,0,0,0,0,6,2,0
4081,449,31,25000,Balanced,2025-05-04,10,Health,Paytm,1806.62,UPI,Mobile,1,0,0,0,0,2,1,0
4082,430,26,15000,Aggressive,2025-03-20,11,Rent,Paytm,11850.05,Cash,Mobile,0,0,0,0,0,9,10,0
4083,337,25,15000,Balanced,2025-09-11,5,Health,Amazon,950.93,Credit Card,Mobile,0,0,0,0,0,9,1,0
4084,468,34,100000,Conservative,2025-01-13,6,Entertainment,Zomato,716.98,Credit Card,Mobile,0,0,0,0,0,8,0,0
4085,464,34,15000,Aggressive,2025-07-23,14,Groceries,Myntra,848.0,UPI,Mobile,0,0,1,0,0,5,1,0
4086,247,20,35000,Balanced,2025-02-28,10,Fashion,Croma,3039.93,Debit Card,Mobile,0,0,1,1,1,4,3,1
4087,455,21,15000,Conservative,2025-05-30,9,Fashion,Netflix,4193.68,Credit Card,Mobile,0,0,0,1,0,3,7,1
4088,113,28,15000,Balanced,2025-07-23,15,Rent,Groww,10391.82,Debit Card,Mobile,0,0,1,1,1,10,10,1
4089,38,27,35000,Conservative,2025-03-20,15,EMI,Swiggy,5409.87,Credit Card,Mobile,0,0,0,0,0,4,5,1
4090,22,25,35000,Balanced,2025-02-20,6,Utilities,Groww,1562.47,UPI,Mobile,0,0,0,0,0,9,0,0
4091,430,26,15000,Aggressive,2025-01-16,10,Investment,Croma,3611.59,Debit Card,Mobile,0,0,0,0,0,7,4,0
4092,54,34,25000,Conservative,2025-12-27,13,Electronics,BigBasket,12431.67,Credit Card,Mobile,0,0,1,0,0,5,10,1
4093,19,23,25000,Balanced,2025-04-04,19,Electronics,Myntra,10586.17,UPI,Mobile,1,0,0,1,0,3,10,1
4094,46,28,25000,Conservative,2025-09-17,8,Utilities,Paytm,3078.84,UPI,Mobile,0,0,0,0,1,6,2,0
4095,163,43,35000,Aggressive,2025-03-28,5,Investment,Uber,7700.65,BNPL,Mobile,0,0,0,0,0,3,9,1
4096,193,30,75000,Aggressive,2025-07-01,20,Entertainment,Uber,993.88,UPI,Mobile,1,0,1,0,0,8,0,0
4097,425,35,35000,Aggressive,2025-06-21,4,Education,Amazon,2076.96,Credit Card,Desktop,0,0,1,1,0,10,1,0
4098,471,20,25000,Conservative,2025-10-25,16,Investment,BigBasket,5784.41,UPI,Mobile,0,0,1,0,0,8,4,0
4099,435,33,50000,Conservative,2025-05-24,9,Education,Flipkart,4312.88,Credit Card,Mobile,0,0,0,0,1,6,1,0
4100,80,42,50000,Conservative,2025-08-04,3,Rent,Myntra,16565.57,Credit Card,Desktop,1,0,1,1,0,2,8,1
4101,247,20,35000,Balanced,2025-01-17,12,Investment,Amazon,7449.8,UPI,Mobile,0,0,1,1,0,1,6,1
4102,112,37,15000,Conservative,2025-10-17,22,EMI,BigBasket,3889.43,Debit Card,Mobile,0,1,0,1,0,6,5,0
4103,140,18,100000,Aggressive,2025-05-05,17,Entertainment,Amazon,1173.13,Credit Card,Desktop,1,0,1,0,0,7,2,1
4104,45,29,25000,Aggressive,2025-09-09,10,Investment,Netflix,5117.64,UPI,Mobile,0,0,0,0,1,7,4,0
4105,249,25,35000,Balanced,2025-01-31,21,Electronics,BigBasket,18384.16,UPI,Mobile,0,0,1,0,0,5,10,1
4106,15,26,15000,Conservative,2025-02-07,14,Groceries,Groww,586.0,UPI,Desktop,0,0,0,0,1,6,0,0
4107,4,38,35000,Balanced,2025-04-06,12,Groceries,Swiggy,1058.24,UPI,Mobile,0,0,1,0,0,5,0,0
4108,453,19,25000,Balanced,2025-02-08,5,Investment,Flipkart,7324.51,UPI,Desktop,0,0,0,0,1,2,5,0
4109,430,26,15000,Aggressive,2025-07-16,18,Education,Zomato,1086.71,UPI,Mobile,0,0,1,1,0,10,1,0
4110,176,26,50000,Balanced,2025-10-13,10,Groceries,PhonePe,1242.14,UPI,Mobile,0,0,0,1,0,6,0,0
4111,33,22,50000,Balanced,2025-04-10,10,Food Delivery,Myntra,660.26,UPI,Mobile,0,0,0,0,0,8,0,0
4112,384,33,75000,Balanced,2025-06-08,7,Rent,PhonePe,14424.4,Credit Card,Mobile,0,0,0,0,1,5,3,0
4113,207,18,50000,Balanced,2025-05-17,19,Food Delivery,Paytm,461.93,UPI,Mobile,0,0,0,0,0,10,0,0
4114,297,44,35000,Balanced,2025-02-13,23,EMI,Myntra,3803.92,Cash,Mobile,0,1,0,0,0,9,2,0
4115,186,27,100000,Aggressive,2025-07-03,17,Groceries,BigBasket,380.15,BNPL,Mobile,1,0,0,0,1,5,3,0
4116,252,44,100000,Balanced,2025-09-29,3,Groceries,Groww,1229.3,Cash,Mobile,0,0,1,0,0,5,0,0
4117,152,29,35000,Balanced,2025-08-31,5,Health,Paytm,2941.68,UPI,Mobile,0,0,1,1,1,4,3,1
4118,157,29,25000,Aggressive,2025-09-03,12,Rent,Myntra,9403.96,Debit Card,Mobile,1,0,1,0,0,2,9,1
4119,15,26,15000,Conservative,2025-08-06,23,EMI,Flipkart,9287.03,Credit Card,Mobile,0,1,1,1,0,2,10,1
4120,198,32,25000,Balanced,2025-12-09,15,Health,Zomato,1868.46,UPI,Desktop,0,0,0,1,0,7,1,0
4121,282,36,35000,Balanced,2025-09-19,18,EMI,Croma,6123.61,UPI,Desktop,0,0,0,0,1,7,3,0
4122,270,25,50000,Conservative,2025-03-18,8,Electronics,Groww,17534.35,UPI,Mobile,0,0,1,0,1,5,9,1
4123,102,43,50000,Balanced,2025-10-01,10,Food Delivery,Uber,255.49,UPI,Mobile,1,0,1,0,1,4,2,1
4124,63,23,25000,Aggressive,2025-05-27,14,Groceries,Paytm,1481.08,UPI,Mobile,0,0,0,1,1,9,1,0
4125,136,33,35000,Conservative,2025-04-07,16,Travel,Amazon,4722.45,UPI,Mobile,0,0,1,0,1,6,2,0
4126,204,22,50000,Conservative,2025-09-14,11,Entertainment,Croma,807.2,BNPL,Mobile,0,0,0,0,1,1,5,1
4127,320,41,25000,Balanced,2025-04-23,3,Electronics,Croma,14556.84,UPI,Mobile,0,0,1,0,0,4,10,1
4128,359,38,50000,Balanced,2025-06-18,19,Investment,BigBasket,4327.42,Debit Card,Desktop,0,0,1,0,0,8,1,0
4129,427,41,50000,Conservative,2025-02-17,5,Travel,Zomato,8105.8,Cash,Desktop,0,0,1,0,0,7,3,0
4130,157,29,25000,Aggressive,2025-05-27,23,Rent,Flipkart,14630.09,BNPL,Tablet,0,1,0,0,0,2,10,1
4131,156,21,15000,Aggressive,2025-08-03,23,Groceries,Amazon,1284.61,Debit Card,Tablet,1,1,0,0,1,5,1,0
4132,61,28,25000,Conservative,2025-03-01,16,Entertainment,Netflix,115.69,Credit Card,Mobile,1,0,1,0,0,7,2,1
4133,432,22,50000,Conservative,2025-07-27,19,Entertainment,Flipkart,1075.97,UPI,Mobile,0,0,0,0,0,4,0,0
4134,42,30,15000,Conservative,2025-01-17,13,Utilities,Myntra,1715.67,UPI,Mobile,0,0,0,0,0,10,2,0
4135,378,28,35000,Balanced,2025-11-10,11,Education,Swiggy,4909.86,Credit Card,Mobile,0,0,0,0,0,6,2,0
4136,351,43,50000,Conservative,2025-01-15,18,Health,Myntra,2302.04,UPI,Desktop,0,0,0,0,1,8,0,0
4137,128,22,15000,Conservative,2025-07-20,7,Groceries,Amazon,1729.48,Credit Card,Mobile,0,0,1,0,0,8,2,0
4138,214,23,35000,Aggressive,2025-06-13,1,Food Delivery,BigBasket,220.76,UPI,Mobile,0,1,1,0,0,6,2,1
4139,385,38,50000,Balanced,2025-01-14,1,Education,Zomato,3001.94,Debit Card,Mobile,0,1,0,0,1,4,1,0
4140,141,29,25000,Conservative,2025-02-28,21,Travel,Uber,5256.57,UPI,Mobile,0,0,1,0,0,10,4,0
4141,447,21,35000,Balanced,2025-01-22,8,Rent,Uber,7204.14,Debit Card,Desktop,0,0,0,0,0,4,4,0
4142,15,26,15000,Conservative,2025-06-17,4,Health,Myntra,1715.52,UPI,Mobile,0,0,0,0,1,10,2,0
4143,88,30,35000,Aggressive,2025-11-21,9,Health,Paytm,894.78,UPI,Desktop,0,0,0,1,0,8,0,0
4144,132,43,35000,Balanced,2025-06-25,23,Investment,Netflix,5062.22,Debit Card,Desktop,0,1,0,0,0,8,2,0
4145,236,37,25000,Conservative,2025-01-09,14,Fashion,Zomato,2472.59,UPI,Mobile,0,0,1,0,1,4,3,1
4146,440,25,25000,Conservative,2025-03-01,9,Travel,BigBasket,7655.23,UPI,Desktop,1,0,0,0,0,4,6,0
4147,214,23,35000,Aggressive,2025-10-28,5,Health,Swiggy,1639.51,UPI,Mobile,0,0,0,0,0,1,0,0
4148,4,38,35000,Balanced,2025-08-12,21,Investment,Zomato,2929.5,BNPL,Mobile,0,0,0,1,0,1,4,0
4149,359,38,50000,Balanced,2025-06-18,23,Education,Swiggy,3381.62,Credit Card,Tablet,0,1,0,0,1,5,1,0
4150,152,29,35000,Balanced,2025-09-29,16,Fashion,Amazon,3843.47,UPI,Mobile,0,0,1,0,0,1,4,1
4151,265,32,50000,Balanced,2025-06-04,0,Education,Uber,1433.46,Debit Card,Mobile,1,1,0,1,0,8,0,0
4152,381,29,25000,Conservative,2025-05-14,16,Education,Croma,4027.41,UPI,Mobile,0,0,0,1,0,1,3,0
4153,307,26,35000,Balanced,2025-05-06,14,Investment,Croma,3989.11,Debit Card,Desktop,0,0,0,0,1,3,2,0
4154,65,23,50000,Aggressive,2025-03-03,14,EMI,PhonePe,4784.81,Credit Card,Mobile,1,0,1,0,1,2,3,1
4155,309,18,15000,Aggressive,2025-10-07,22,Investment,PhonePe,6680.44,Credit Card,Mobile,0,1,1,1,1,8,10,1
4156,173,44,25000,Conservative,2025-08-21,23,Utilities,Zomato,1728.89,UPI,Mobile,0,1,0,1,1,2,3,1
4157,337,25,15000,Balanced,2025-07-06,8,Food Delivery,Myntra,171.16,UPI,Mobile,0,0,0,1,0,7,0,0
4158,116,37,35000,Balanced,2025-01-29,6,Entertainment,Paytm,735.8,Debit Card,Tablet,0,0,0,1,0,9,0,0
4159,190,22,100000,Aggressive,2025-09-24,3,Fashion,Zomato,1777.24,Credit Card,Mobile,0,0,0,1,1,3,2,1
4160,239,31,15000,Conservative,2025-08-17,13,Rent,Uber,13250.57,Cash,Desktop,0,0,0,0,0,1,10,0
4161,347,28,25000,Conservative,2025-10-05,20,Investment,Netflix,8866.83,Debit Card,Mobile,1,0,0,1,0,6,7,0
4162,140,18,100000,Aggressive,2025-03-21,15,Electronics,PhonePe,11979.39,Credit Card,Mobile,0,0,0,1,0,1,4,1
4163,12,42,15000,Balanced,2025-10-29,5,Education,Paytm,502.25,Credit Card,Mobile,0,0,0,0,0,4,0,0
4164,1,24,50000,Conservative,2025-11-16,20,Investment,Croma,7391.41,Credit Card,Desktop,0,0,0,1,1,2,4,1
4165,320,41,25000,Balanced,2025-02-20,0,Investment,Amazon,5757.95,UPI,Mobile,0,1,0,0,1,6,4,0
4166,139,36,50000,Balanced,2025-01-22,7,Food Delivery,BigBasket,411.39,Credit Card,Mobile,0,0,0,0,0,9,0,0
4167,395,27,35000,Balanced,2025-02-03,0,Rent,Groww,5196.69,Credit Card,Mobile,1,1,0,1,1,9,4,1
4168,495,43,25000,Conservative,2025-02-16,16,Entertainment,Paytm,405.57,Debit Card,Tablet,0,0,1,0,0,2,2,1
4169,234,33,15000,Conservative,2025-11-05,13,Health,BigBasket,2179.74,UPI,Tablet,1,0,0,1,0,4,2,0
4170,231,31,25000,Conservative,2025-06-19,8,Fashion,Swiggy,1235.14,Credit Card,Mobile,0,0,0,0,0,1,2,1
4171,254,23,25000,Conservative,2025-04-24,8,Travel,Netflix,10814.92,UPI,Mobile,0,0,0,1,0,8,8,0
4172,180,32,75000,Balanced,2025-07-01,10,Health,Croma,1673.74,UPI,Mobile,1,0,0,1,0,4,0,0
4173,396,41,25000,Conservative,2025-12-14,5,Fashion,PhonePe,3365.31,Credit Card,Mobile,0,0,0,1,0,8,2,0
4174,181,28,75000,Conservative,2025-07-04,2,Food Delivery,Myntra,797.89,UPI,Desktop,1,1,0,1,0,8,0,0
4175,162,38,35000,Conservative,2025-08-21,17,Health,Myntra,1788.42,UPI,Desktop,0,0,0,0,1,3,1,0
4176,242,23,35000,Conservative,2025-12-05,12,Fashion,Groww,313.88,Debit Card,Mobile,1,0,0,1,1,7,0,0
4177,140,18,100000,Aggressive,2025-12-08,22,Electronics,Flipkart,14683.32,UPI,Mobile,0,1,0,1,0,9,2,0
4178,89,44,50000,Balanced,2025-08-15,11,EMI,Croma,5959.35,UPI,Mobile,0,0,1,0,0,4,2,0
4179,89,44,50000,Balanced,2025-04-30,11,Education,Swiggy,4089.71,Credit Card,Desktop,0,0,1,0,0,5,1,0
4180,333,36,35000,Balanced,2025-04-23,17,Entertainment,Uber,1203.32,UPI,Mobile,0,0,0,0,0,7,0,0
4181,258,41,15000,Conservative,2025-03-27,23,Entertainment,Croma,983.39,UPI,Mobile,0,1,0,0,1,2,3,1
4182,281,25,35000,Balanced,2025-12-06,17,Electronics,Flipkart,13386.94,UPI,Mobile,0,0,0,0,1,2,9,1
4183,3,36,15000,Balanced,2025-01-03,12,Groceries,Paytm,1661.63,Debit Card,Mobile,1,0,0,0,1,4,2,0
4184,262,43,25000,Balanced,2025-05-09,20,Rent,Groww,10790.3,UPI,Mobile,0,0,1,0,1,6,8,0
4185,312,25,35000,Conservative,2025-01-11,1,Entertainment,Myntra,746.81,UPI,Mobile,0,1,0,1,0,3,2,1
4186,46,28,25000,Conservative,2025-11-03,18,Education,Groww,2472.48,UPI,Mobile,1,0,0,0,0,2,1,0
4187,407,42,50000,Balanced,2025-10-28,4,Utilities,Myntra,2087.08,UPI,Desktop,0,0,0,0,0,3,0,0
4188,75,40,25000,Conservative,2025-07-25,21,EMI,Flipkart,7054.84,UPI,Tablet,0,0,0,0,0,10,5,0
4189,433,32,15000,Balanced,2025-06-12,8,Entertainment,Swiggy,583.95,UPI,Mobile,0,0,1,1,0,9,0,0
4190,297,44,35000,Balanced,2025-02-16,7,Entertainment,Netflix,181.92,Credit Card,Mobile,0,0,0,1,0,10,0,0
4191,88,30,35000,Aggressive,2025-07-02,17,Electronics,Swiggy,15575.6,UPI,Mobile,1,0,0,0,0,1,10,1
4192,418,25,75000,Balanced,2025-04-26,2,Groceries,Netflix,1719.06,Credit Card,Mobile,0,1,0,0,0,5,0,0
4193,4,38,35000,Balanced,2025-01-16,17,Fashion,Paytm,1064.43,Debit Card,Mobile,0,0,1,0,0,2,2,1
4194,68,26,50000,Conservative,2025-12-10,21,EMI,BigBasket,11770.49,BNPL,Mobile,0,0,1,1,0,10,9,1
4195,222,28,35000,Conservative,2025-08-19,4,Travel,Flipkart,5750.14,UPI,Desktop,0,0,1,1,0,10,3,0
4196,213,31,50000,Conservative,2025-06-09,11,Utilities,BigBasket,1634.32,UPI,Mobile,0,0,0,1,0,3,0,0
4197,197,41,25000,Aggressive,2025-07-21,2,Investment,Swiggy,1454.15,UPI,Mobile,0,1,0,0,1,4,1,0
4198,64,33,50000,Conservative,2025-08-23,11,Travel,BigBasket,12412.98,UPI,Mobile,0,0,1,1,0,9,4,0
4199,331,21,25000,Aggressive,2025-06-22,12,Groceries,Amazon,951.97,Credit Card,Mobile,0,0,0,0,1,9,0,0
4200,255,28,15000,Aggressive,2025-10-31,13,Fashion,Swiggy,1882.18,BNPL,Mobile,0,0,0,0,1,8,5,0
4201,89,44,50000,Balanced,2025-02-22,23,Entertainment,BigBasket,799.42,UPI,Desktop,0,1,0,0,1,2,2,1
4202,472,23,25000,Conservative,2025-06-25,16,EMI,Swiggy,6846.91,UPI,Mobile,0,0,0,0,0,6,5,0
4203,213,31,50000,Conservative,2025-07-20,4,Electronics,Swiggy,14970.19,UPI,Desktop,0,0,0,0,0,6,5,0
4204,263,23,100000,Balanced,2025-02-03,20,Travel,Groww,8910.48,Credit Card,Mobile,1,0,0,0,0,3,1,0
4205,420,28,25000,Conservative,2025-05-10,19,Groceries,Uber,396.36,Debit Card,Mobile,0,0,0,0,0,4,0,0
4206,269,40,35000,Conservative,2025-07-02,0,Electronics,Groww,7777.0,UPI,Mobile,1,1,0,0,0,10,6,1
4207,490,42,35000,Conservative,2025-12-18,18,Food Delivery,Netflix,245.58,BNPL,Desktop,0,0,1,0,1,7,5,1
4208,117,25,50000,Aggressive,2025-04-29,5,Utilities,Zomato,2787.58,Debit Card,Mobile,0,0,0,1,0,1,1,0
4209,236,37,25000,Conservative,2025-10-23,16,Health,Uber,2273.21,BNPL,Mobile,0,0,0,0,0,4,4,0
4210,178,41,35000,Balanced,2025-06-04,8,Travel,Groww,6750.04,Cash,Mobile,1,0,0,0,0,4,3,0
4211,6,23,15000,Aggressive,2025-06-23,3,Rent,PhonePe,16656.07,Credit Card,Desktop,0,0,0,0,0,7,10,0
4212,70,42,15000,Aggressive,2025-02-21,11,Food Delivery,Paytm,470.48,Credit Card,Mobile,0,0,0,1,1,5,2,1
4213,398,43,50000,Conservative,2025-04-12,10,Travel,BigBasket,7362.95,Cash,Mobile,0,0,1,1,0,9,2,0
4214,1,24,50000,Conservative,2025-07-18,21,Rent,Swiggy,10619.71,UPI,Mobile,0,0,0,0,0,4,4,0
4215,237,39,25000,Balanced,2025-01-12,14,Investment,BigBasket,5963.22,UPI,Desktop,0,0,1,1,0,3,6,1
4216,283,32,35000,Conservative,2025-05-08,1,Entertainment,Flipkart,608.81,Credit Card,Mobile,0,1,0,1,0,6,2,1
4217,247,20,35000,Balanced,2025-02-20,4,Electronics,Uber,20294.85,UPI,Mobile,0,0,0,0,0,6,10,0
4218,192,38,50000,Balanced,2025-02-20,2,Entertainment,BigBasket,885.95,BNPL,Mobile,0,1,1,0,0,9,5,1
4219,192,38,50000,Balanced,2025-07-26,15,Investment,Uber,5576.74,UPI,Mobile,0,0,0,0,1,8,2,0
4220,246,30,35000,Balanced,2025-01-14,11,Utilities,Groww,971.66,UPI,Desktop,0,0,0,0,0,7,0,0
4221,94,26,100000,Conservative,2025-07-15,0,EMI,Myntra,7869.63,UPI,Mobile,0,1,1,0,0,9,1,0
4222,26,18,15000,Balanced,2025-03-05,15,Travel,BigBasket,7083.95,Debit Card,Mobile,1,0,0,0,0,1,9,0
4223,175,43,50000,Balanced,2025-09-09,1,Entertainment,Zomato,1236.12,Cash,Desktop,0,1,0,0,0,1,2,1
4224,493,18,35000,Conservative,2025-10-27,13,Investment,Swiggy,2109.36,Credit Card,Mobile,0,0,0,0,0,4,1,0
4225,245,43,35000,Conservative,2025-08-03,20,Education,PhonePe,4230.85,UPI,Tablet,1,0,0,0,0,3,2,0
4226,306,27,50000,Conservative,2025-05-20,23,Health,Netflix,2448.99,UPI,Mobile,0,1,0,1,1,4,2,1
4227,12,42,15000,Balanced,2025-01-10,18,Groceries,Flipkart,1230.29,Cash,Tablet,0,0,1,1,0,10,1,0
4228,186,27,100000,Aggressive,2025-04-01,16,Investment,Amazon,3259.06,Credit Card,Mobile,1,0,0,1,0,8,0,0
4229,319,42,35000,Balanced,2025-09-14,0,Health,Uber,1718.82,Debit Card,Desktop,0,1,0,1,0,8,0,0
4230,43,39,75000,Balanced,2025-08-25,5,Travel,Zomato,6394.71,Debit Card,Desktop,0,0,0,0,0,7,1,0
4231,352,27,35000,Aggressive,2025-11-29,4,Groceries,Zomato,1692.93,Credit Card,Desktop,0,0,0,1,0,8,0,0
4232,123,39,50000,Balanced,2025-05-23,7,Food Delivery,Paytm,420.54,BNPL,Mobile,0,0,0,1,1,10,5,1
4233,414,22,50000,Conservative,2025-01-20,18,Electronics,Swiggy,8172.36,Credit Card,Mobile,0,0,0,0,0,6,5,1
4234,89,44,50000,Balanced,2025-07-31,21,Electronics,Croma,7931.09,UPI,Mobile,0,0,1,0,0,6,5,1
4235,252,44,100000,Balanced,2025-10-04,23,Food Delivery,Flipkart,300.5,UPI,Desktop,1,1,0,1,0,5,0,0
4236,8,29,15000,Balanced,2025-09-26,15,Fashion,Swiggy,1115.72,BNPL,Mobile,0,0,0,0,0,3,6,1
4237,381,29,25000,Conservative,2025-09-22,19,Health,Groww,1650.84,BNPL,Mobile,0,0,0,0,1,4,4,0
4238,378,28,35000,Balanced,2025-03-18,22,Utilities,Zomato,1349.22,UPI,Tablet,0,1,0,0,0,8,0,0
4239,172,36,50000,Balanced,2025-05-30,23,Investment,Flipkart,2987.28,Debit Card,Mobile,0,1,0,1,0,4,1,0
4240,205,38,35000,Conservative,2025-02-15,4,Education,Amazon,1880.73,UPI,Mobile,0,0,0,0,0,1,1,0
4241,95,31,100000,Aggressive,2025-04-21,9,Rent,Zomato,6026.32,UPI,Mobile,0,0,1,0,0,10,1,0
4242,159,38,15000,Balanced,2025-12-21,10,Groceries,Amazon,1434.57,UPI,Mobile,0,0,0,1,0,8,1,0
4243,203,20,35000,Balanced,2025-02-04,13,Groceries,Croma,1354.28,Credit Card,Mobile,1,0,0,0,0,9,0,0
4244,398,43,50000,Conservative,2025-01-16,16,Rent,Swiggy,13677.42,Credit Card,Mobile,0,0,1,0,0,8,7,1
4245,284,32,25000,Balanced,2025-02-13,11,Food Delivery,Flipkart,521.62,Credit Card,Mobile,0,0,0,1,0,6,0,0
4246,473,34,50000,Conservative,2025-08-30,13,Utilities,Groww,389.34,UPI,Tablet,0,0,0,1,0,9,0,0
4247,90,32,35000,Conservative,2025-08-08,4,Health,Zomato,3171.02,Credit Card,Mobile,0,0,1,0,0,6,1,0
4248,291,40,15000,Conservative,2025-07-02,1,Food Delivery,Zomato,695.36,UPI,Mobile,1,1,0,0,0,10,0,0
4249,370,34,50000,Balanced,2025-09-24,6,EMI,Paytm,8241.35,Credit Card,Mobile,0,0,0,0,0,4,5,1
4250,207,18,50000,Balanced,2025-06-01,14,Rent,Croma,13507.32,BNPL,Mobile,1,0,1,0,0,8,10,1
4251,110,39,25000,Conservative,2025-06-01,3,Education,Paytm,3722.01,UPI,Mobile,1,0,1,0,0,2,2,0
4252,320,41,25000,Balanced,2025-07-19,4,Education,Flipkart,1583.57,Debit Card,Mobile,0,0,0,0,0,3,1,0
4253,3,36,15000,Balanced,2025-06-08,7,Travel,Zomato,4604.03,UPI,Mobile,0,0,1,0,0,3,8,1
4254,300,23,25000,Balanced,2025-02-16,19,Entertainment,Flipkart,1084.49,UPI,Mobile,0,0,0,1,1,9,0,0
4255,143,20,25000,Balanced,2025-08-21,3,Electronics,Flipkart,15535.05,Debit Card,Desktop,0,0,0,0,0,1,10,1
4256,130,43,35000,Balanced,2025-01-22,11,Fashion,Swiggy,4991.54,Debit Card,Desktop,0,0,0,0,1,4,2,0
4257,482,42,25000,Balanced,2025-04-04,16,Fashion,PhonePe,2970.78,UPI,Mobile,1,0,0,1,0,2,2,0
4258,169,36,35000,Aggressive,2025-12-08,16,Groceries,Croma,1875.41,UPI,Mobile,0,0,0,0,0,10,1,0
4259,28,28,25000,Balanced,2025-02-26,6,Fashion,Croma,2263.9,Credit Card,Tablet,0,0,0,1,0,3,3,1
4260,171,42,35000,Conservative,2025-06-22,17,Travel,Croma,7261.26,Credit Card,Mobile,0,0,0,1,1,6,6,1
4261,480,31,35000,Balanced,2025-04-09,15,Rent,Uber,13993.76,BNPL,Mobile,0,0,0,0,0,4,10,1
4262,185,33,50000,Aggressive,2025-08-07,11,Groceries,Paytm,1888.95,BNPL,Mobile,0,0,0,0,0,9,3,0
4263,207,18,50000,Balanced,2025-09-15,10,Groceries,Myntra,1109.3,Credit Card,Mobile,0,0,1,1,1,9,2,1
4264,446,38,50000,Conservative,2025-06-27,2,EMI,Myntra,3763.79,UPI,Mobile,0,1,0,0,0,1,1,0
4265,415,23,100000,Aggressive,2025-04-11,6,Travel,Flipkart,6075.99,BNPL,Mobile,0,0,0,0,0,7,4,0
4266,450,25,25000,Balanced,2025-12-05,9,Entertainment,Netflix,423.77,UPI,Mobile,1,0,0,0,0,10,0,0
4267,316,19,35000,Balanced,2025-08-16,0,Investment,PhonePe,6461.9,Debit Card,Mobile,0,1,0,0,1,2,5,1
4268,248,21,35000,Balanced,2025-06-15,19,EMI,Swiggy,7032.53,UPI,Mobile,0,0,0,1,0,8,4,0
4269,276,18,50000,Balanced,2025-02-22,7,Utilities,Groww,2258.4,Debit Card,Mobile,0,0,1,0,0,7,0,0
4270,359,38,50000,Balanced,2025-09-27,21,Electronics,BigBasket,10601.4,UPI,Desktop,0,0,0,1,0,5,4,0
4271,280,42,75000,Conservative,2025-01-05,20,EMI,Netflix,5059.99,UPI,Tablet,1,0,1,1,0,8,1,0
4272,75,40,25000,Conservative,2025-08-16,16,Investment,Uber,6189.75,UPI,Mobile,0,0,0,0,0,5,4,0
4273,484,28,100000,Conservative,2025-01-15,10,Fashion,Paytm,2049.38,UPI,Mobile,0,0,0,1,1,9,0,0
4274,278,20,25000,Aggressive,2025-10-07,13,Entertainment,Flipkart,1117.79,Debit Card,Mobile,0,0,0,0,1,4,0,0
4275,144,43,50000,Conservative,2025-11-27,13,Rent,Swiggy,22039.46,BNPL,Mobile,0,0,0,0,0,8,10,0
4276,30,24,50000,Aggressive,2025-03-07,22,Rent,Myntra,13019.61,UPI,Mobile,0,1,0,1,0,6,5,0
4277,304,29,15000,Aggressive,2025-01-31,5,Groceries,BigBasket,2234.14,UPI,Mobile,0,0,0,1,0,7,2,0
4278,169,36,35000,Aggressive,2025-11-26,12,EMI,Croma,9342.0,UPI,Mobile,0,0,1,0,0,1,7,1
4279,396,41,25000,Conservative,2025-04-08,3,Fashion,Amazon,898.9,BNPL,Mobile,0,0,0,0,0,10,3,0
4280,424,34,25000,Conservative,2025-07-15,21,Investment,Netflix,5199.91,Cash,Mobile,0,0,0,0,0,9,4,0
4281,323,26,15000,Balanced,2025-01-24,6,Health,Croma,1425.19,UPI,Desktop,0,0,0,0,0,7,1,0
4282,100,35,35000,Aggressive,2025-02-09,1,Groceries,Groww,822.66,UPI,Mobile,0,1,0,0,0,4,0,0
4283,322,38,35000,Aggressive,2025-09-30,15,Electronics,Croma,5920.32,Debit Card,Tablet,0,0,1,0,0,5,5,1
4284,463,19,25000,Aggressive,2025-07-09,1,EMI,Zomato,3219.41,UPI,Mobile,0,1,1,0,0,6,2,0
4285,269,40,35000,Conservative,2025-04-13,3,Groceries,Flipkart,806.27,UPI,Mobile,0,0,1,0,1,10,0,0
4286,46,28,25000,Conservative,2025-05-28,7,Entertainment,Flipkart,727.28,Debit Card,Mobile,0,0,0,0,0,1,0,0
4287,374,20,50000,Aggressive,2025-04-14,11,Groceries,Croma,1481.13,Cash,Mobile,0,0,0,0,1,9,0,0
4288,210,29,50000,Aggressive,2025-06-25,3,Electronics,Uber,3212.55,Credit Card,Mobile,0,0,0,0,1,10,1,0
4289,64,33,50000,Conservative,2025-09-25,20,EMI,Amazon,6979.61,UPI,Mobile,0,0,0,0,0,1,2,0
4290,38,27,35000,Conservative,2025-05-20,10,EMI,Amazon,9077.66,BNPL,Desktop,0,0,0,0,0,8,8,0
4291,106,24,35000,Balanced,2025-08-29,13,Investment,Swiggy,4437.09,UPI,Mobile,0,0,1,1,0,6,2,0
4292,108,31,75000,Conservative,2025-01-01,1,Entertainment,BigBasket,495.14,UPI,Desktop,1,1,1,1,0,2,2,1
4293,359,38,50000,Balanced,2025-03-28,10,Fashion,Paytm,1741.55,UPI,Mobile,0,0,1,0,0,7,0,0
4294,425,35,35000,Aggressive,2025-07-19,12,Education,Netflix,2814.06,Debit Card,Mobile,0,0,1,0,1,6,1,0
4295,243,42,50000,Conservative,2025-02-09,5,Food Delivery,Uber,327.64,UPI,Mobile,0,0,0,1,1,10,0,0
4296,9,27,15000,Aggressive,2025-01-18,15,Fashion,Paytm,2788.99,UPI,Mobile,0,0,0,0,0,4,5,1
4297,23,25,50000,Balanced,2025-07-24,6,Electronics,Uber,14975.95,Credit Card,Mobile,0,0,1,0,0,3,7,1
4298,210,29,50000,Aggressive,2025-10-21,14,Investment,Uber,2797.7,UPI,Mobile,0,0,0,1,0,4,1,0
4299,206,36,25000,Conservative,2025-10-26,12,Rent,Swiggy,11497.71,UPI,Desktop,0,0,1,0,0,6,9,0
4300,361,43,50000,Conservative,2025-10-09,19,Electronics,Uber,12108.67,Debit Card,Mobile,0,0,0,0,0,2,6,1
4301,106,24,35000,Balanced,2025-05-20,17,Fashion,Netflix,2394.69,UPI,Mobile,0,0,0,0,0,4,1,0
4302,172,36,50000,Balanced,2025-10-29,11,Travel,BigBasket,5493.47,Debit Card,Mobile,0,0,0,0,1,4,2,0
4303,33,22,50000,Balanced,2025-03-08,23,Travel,Zomato,12226.02,UPI,Mobile,0,1,0,0,0,2,6,1
4304,38,27,35000,Conservative,2025-09-08,23,Groceries,Netflix,829.43,Credit Card,Desktop,0,1,1,0,0,4,2,1
4305,460,20,35000,Conservative,2025-12-31,1,Food Delivery,Croma,396.76,Debit Card,Desktop,0,1,0,0,0,4,2,1
4306,241,32,15000,Aggressive,2025-12-29,13,Health,Amazon,2665.33,Credit Card,Mobile,0,0,0,0,0,5,3,0
4307,195,42,35000,Aggressive,2025-10-18,1,Food Delivery,Uber,402.07,UPI,Mobile,0,1,0,1,0,10,0,0
4308,240,20,75000,Balanced,2025-05-17,9,Travel,Swiggy,9766.21,UPI,Mobile,0,0,0,1,1,9,2,0
4309,131,18,35000,Balanced,2025-12-24,23,Food Delivery,BigBasket,426.9,Debit Card,Mobile,0,1,1,0,0,4,2,1
4310,451,41,50000,Conservative,2025-01-25,14,Utilities,Amazon,2642.41,UPI,Mobile,0,0,0,1,0,9,1,0
4311,137,44,50000,Balanced,2025-06-07,11,Travel,Netflix,8496.04,Cash,Desktop,0,0,0,0,0,10,3,0
4312,319,42,35000,Balanced,2025-12-15,23,EMI,Flipkart,2011.35,UPI,Mobile,0,1,1,0,0,1,3,1
4313,420,28,25000,Conservative,2025-07-14,7,EMI,PhonePe,9013.37,Credit Card,Mobile,0,0,0,0,1,3,9,1
4314,84,37,25000,Balanced,2025-11-06,15,EMI,Flipkart,4380.81,UPI,Mobile,0,0,1,0,0,8,3,0
4315,318,29,75000,Conservative,2025-01-21,9,EMI,BigBasket,6988.4,Debit Card,Mobile,0,0,0,1,0,4,1,0
4316,27,18,25000,Conservative,2025-10-31,12,Travel,Uber,8857.01,Debit Card,Mobile,0,0,0,0,0,3,7,0
4317,307,26,35000,Balanced,2025-08-02,4,Food Delivery,Uber,341.92,Credit Card,Mobile,1,0,0,0,0,4,2,1
4318,327,34,15000,Balanced,2025-06-03,9,Entertainment,Flipkart,721.72,UPI,Tablet,1,0,0,0,0,3,0,0
4319,24,32,50000,Conservative,2025-09-06,19,Travel,Flipkart,6992.35,UPI,Mobile,0,0,0,1,0,5,2,0
4320,154,34,35000,Aggressive,2025-07-02,18,Electronics,BigBasket,15119.41,Debit Card,Mobile,1,0,0,1,1,5,10,1
4321,470,37,25000,Conservative,2025-04-17,23,Health,Groww,1528.64,Debit Card,Desktop,0,1,0,0,0,2,1,0
4322,236,37,25000,Conservative,2025-08-27,15,Utilities,Swiggy,1806.88,Credit Card,Mobile,0,0,0,0,1,8,1,0
4323,456,34,50000,Balanced,2025-08-08,1,Rent,Groww,6116.33,UPI,Mobile,0,1,0,0,0,3,2,0
4324,323,26,15000,Balanced,2025-06-04,2,Investment,Paytm,8988.16,Credit Card,Mobile,1,1,0,0,0,2,10,1
4325,396,41,25000,Conservative,2025-10-12,13,Education,Groww,1316.45,Credit Card,Mobile,0,0,0,0,1,6,1,0
4326,286,23,75000,Balanced,2025-04-24,1,EMI,PhonePe,9642.54,UPI,Mobile,0,1,0,0,0,2,2,0
4327,282,36,35000,Balanced,2025-08-08,10,Food Delivery,Flipkart,267.48,UPI,Desktop,0,0,1,1,1,1,2,1
4328,110,39,25000,Conservative,2025-10-18,9,Travel,Amazon,2697.33,UPI,Desktop,0,0,0,0,0,4,2,0
4329,6,23,15000,Aggressive,2025-06-09,15,Fashion,Swiggy,3592.21,UPI,Mobile,0,0,0,0,0,5,4,0
4330,148,42,35000,Balanced,2025-07-12,17,Education,PhonePe,3842.07,Debit Card,Mobile,0,0,1,0,1,6,2,0
4331,78,28,75000,Balanced,2025-09-19,23,Food Delivery,Netflix,365.13,BNPL,Mobile,0,1,0,0,0,5,5,1
4332,194,35,35000,Balanced,2025-03-20,23,Food Delivery,Flipkart,472.92,Debit Card,Mobile,0,1,1,1,0,3,2,1
4333,327,34,15000,Balanced,2025-11-08,11,EMI,Flipkart,6561.6,Credit Card,Desktop,0,0,0,0,0,4,10,1
4334,63,23,25000,Aggressive,2025-08-03,15,Investment,Croma,4017.37,Debit Card,Mobile,1,0,1,0,0,2,5,1
4335,488,23,75000,Balanced,2025-08-25,15,Health,Zomato,1837.26,Credit Card,Desktop,0,0,0,0,0,9,0,0
4336,413,41,15000,Aggressive,2025-07-24,20,Groceries,Uber,817.76,UPI,Mobile,0,0,1,0,1,10,1,0
4337,220,34,25000,Balanced,2025-03-13,0,EMI,PhonePe,3438.58,Credit Card,Tablet,0,1,1,1,0,6,4,1
4338,280,42,75000,Conservative,2025-05-05,13,Rent,Amazon,16785.78,Debit Card,Mobile,1,0,0,0,1,10,4,0
4339,90,32,35000,Conservative,2025-11-19,22,Utilities,Amazon,2368.71,Credit Card,Mobile,0,1,0,0,0,2,3,1
4340,386,33,50000,Conservative,2025-08-21,19,Fashion,BigBasket,2558.93,UPI,Desktop,0,0,0,1,0,8,1,0
4341,286,23,75000,Balanced,2025-04-28,22,Food Delivery,BigBasket,270.14,Cash,Mobile,0,1,0,1,0,4,2,1
4342,207,18,50000,Balanced,2025-11-18,21,Electronics,PhonePe,3166.21,UPI,Mobile,0,0,1,0,0,2,3,1
4343,106,24,35000,Balanced,2025-12-01,4,Entertainment,BigBasket,192.22,UPI,Mobile,1,0,0,0,0,2,0,0
4344,213,31,50000,Conservative,2025-06-22,2,Rent,Myntra,14586.62,Credit Card,Mobile,0,1,1,0,0,7,7,1
4345,303,18,15000,Aggressive,2025-02-23,2,EMI,Myntra,8497.26,BNPL,Desktop,0,1,1,0,1,5,10,1
4346,160,37,50000,Balanced,2025-11-19,6,Groceries,Croma,773.63,Credit Card,Mobile,0,0,1,1,0,6,0,0
4347,388,26,75000,Conservative,2025-07-10,18,Entertainment,Flipkart,553.75,BNPL,Mobile,0,0,0,0,1,10,3,0
4348,5,39,15000,Balanced,2025-05-23,22,Investment,Groww,5297.29,UPI,Desktop,0,1,1,0,0,9,9,1
4349,183,26,25000,Conservative,2025-08-04,12,EMI,Amazon,10632.46,Credit Card,Mobile,1,0,0,1,0,2,10,1
4350,152,29,35000,Balanced,2025-08-17,16,Investment,Uber,6236.92,UPI,Tablet,0,0,0,0,0,5,3,0
4351,227,43,25000,Aggressive,2025-09-04,5,Travel,Amazon,7919.53,BNPL,Mobile,1,0,0,1,0,3,10,1
4352,136,33,35000,Conservative,2025-04-15,11,Food Delivery,Swiggy,325.47,Debit Card,Mobile,0,0,0,0,0,7,0,0
4353,197,41,25000,Aggressive,2025-07-27,22,Rent,Groww,21014.6,Debit Card,Mobile,0,1,0,0,0,6,10,0
4354,274,35,15000,Balanced,2025-09-11,13,Fashion,Groww,3427.47,UPI,Mobile,0,0,0,0,0,5,4,0
4355,237,39,25000,Balanced,2025-01-27,6,Rent,PhonePe,12247.94,Credit Card,Mobile,0,0,0,1,0,9,9,0
4356,175,43,50000,Balanced,2025-02-13,13,Utilities,Myntra,2857.03,UPI,Mobile,0,0,0,0,0,8,1,0
4357,41,30,35000,Conservative,2025-02-14,8,Utilities,Swiggy,2996.62,BNPL,Desktop,0,0,0,0,0,5,4,0
4358,269,40,35000,Conservative,2025-10-04,10,Education,Flipkart,3553.37,Debit Card,Mobile,1,0,1,0,0,2,2,0
4359,216,44,15000,Balanced,2025-08-14,7,Education,Flipkart,702.79,UPI,Mobile,0,0,1,1,1,4,2,1
4360,269,40,35000,Conservative,2025-02-07,12,Investment,Uber,6261.73,Credit Card,Mobile,0,0,0,0,1,3,5,1
4361,241,32,15000,Aggressive,2025-03-22,2,Electronics,Netflix,11419.59,UPI,Desktop,0,1,1,1,0,1,10,1
4362,33,22,50000,Balanced,2025-06-30,3,EMI,Zomato,138.81,Debit Card,Desktop,0,0,0,1,0,8,0,0
4363,451,41,50000,Conservative,2025-08-11,10,Entertainment,Croma,1182.49,Debit Card,Desktop,0,0,0,1,1,1,2,1
4364,420,28,25000,Conservative,2025-10-01,22,Education,PhonePe,2912.71,UPI,Mobile,1,1,1,1,0,10,2,0
4365,235,18,15000,Balanced,2025-01-26,7,Education,PhonePe,2398.2,Credit Card,Mobile,0,0,0,1,0,5,3,0
4366,110,39,25000,Conservative,2025-08-07,4,Investment,Amazon,5362.89,Credit Card,Mobile,0,0,0,1,0,5,4,0
4367,183,26,25000,Conservative,2025-03-01,8,Groceries,Zomato,1669.59,UPI,Mobile,1,0,0,0,1,1,1,0
4368,468,34,100000,Conservative,2025-04-08,7,Groceries,Paytm,1661.07,UPI,Mobile,0,0,0,0,0,3,0,0
4369,162,38,35000,Conservative,2025-03-21,9,Groceries,Groww,312.5,UPI,Mobile,0,0,0,1,0,9,0,0
4370,145,36,25000,Conservative,2025-08-29,21,Groceries,BigBasket,1385.66,UPI,Desktop,0,0,0,0,0,4,1,0
4371,271,22,15000,Conservative,2025-07-06,1,Utilities,BigBasket,1547.37,UPI,Mobile,0,1,0,1,1,5,2,0
4372,92,34,15000,Aggressive,2025-12-05,4,Utilities,Swiggy,1123.3,Debit Card,Mobile,1,0,0,0,0,7,1,0
4373,148,42,35000,Balanced,2025-08-11,2,Utilities,Swiggy,1677.1,UPI,Tablet,0,1,0,0,1,4,0,0
4374,179,43,15000,Aggressive,2025-02-25,13,Rent,Myntra,7771.25,Credit Card,Mobile,0,0,0,1,0,6,10,0
4375,83,21,25000,Conservative,2025-10-28,20,Groceries,Paytm,302.99,Debit Card,Mobile,0,0,0,0,0,1,0,0
4376,21,21,35000,Aggressive,2025-06-05,10,Entertainment,Netflix,780.2,Credit Card,Mobile,1,0,0,1,1,2,2,1
4377,191,39,15000,Conservative,2025-02-07,20,Utilities,Croma,1867.73,UPI,Mobile,0,0,0,0,0,10,2,0
4378,491,39,35000,Balanced,2025-01-27,0,Fashion,Myntra,2812.47,Credit Card,Mobile,0,1,0,0,1,4,3,1
4379,105,42,35000,Conservative,2025-12-21,4,Groceries,Groww,1501.51,BNPL,Desktop,0,0,0,1,1,8,3,0
4380,288,32,35000,Balanced,2025-01-08,14,Investment,Croma,5323.1,Credit Card,Desktop,0,0,1,0,0,10,5,1
4381,272,32,35000,Balanced,2025-03-20,3,Travel,Flipkart,11056.07,Debit Card,Mobile,0,0,0,0,0,7,6,0
4382,68,26,50000,Conservative,2025-05-01,23,Education,Netflix,3234.85,Credit Card,Mobile,1,1,0,0,1,2,3,1
4383,433,32,15000,Balanced,2025-02-03,22,Fashion,BigBasket,3748.11,UPI,Mobile,1,1,0,0,1,3,6,1
4384,254,23,25000,Conservative,2025-10-26,11,Education,Myntra,1935.9,UPI,Mobile,0,0,1,0,0,9,1,0
4385,88,30,35000,Aggressive,2025-10-02,15,Electronics,Zomato,5056.06,UPI,Mobile,1,0,0,0,1,9,2,0
4386,327,34,15000,Balanced,2025-11-20,14,Travel,BigBasket,11525.96,UPI,Mobile,0,0,0,0,0,1,10,0
4387,150,33,15000,Conservative,2025-04-20,3,Utilities,PhonePe,2819.46,Debit Card,Mobile,0,0,1,1,0,1,5,1
4388,49,30,75000,Conservative,2025-05-01,18,Health,Flipkart,2439.39,Cash,Mobile,1,0,1,1,0,5,0,0
4389,411,42,25000,Aggressive,2025-08-07,0,Entertainment,Groww,790.33,Debit Card,Mobile,0,1,0,1,1,4,2,1
4390,40,21,75000,Conservative,2025-12-18,23,Food Delivery,Uber,621.42,Credit Card,Mobile,0,1,0,0,0,6,2,1
4391,252,44,100000,Balanced,2025-06-16,5,Utilities,Swiggy,1932.71,BNPL,Mobile,0,0,1,0,0,4,5,1
4392,496,24,25000,Balanced,2025-04-23,9,Food Delivery,Zomato,602.99,Credit Card,Tablet,0,0,0,1,1,3,2,1
4393,279,44,35000,Aggressive,2025-02-04,1,Travel,Croma,9648.69,Credit Card,Mobile,1,1,0,1,0,5,7,1
4394,448,29,15000,Conservative,2025-11-15,9,Entertainment,Uber,355.36,Credit Card,Mobile,0,0,1,0,0,5,2,1
4395,134,36,35000,Aggressive,2025-11-21,4,Investment,Myntra,2481.31,BNPL,Mobile,0,0,1,0,0,8,4,0
4396,290,42,25000,Conservative,2025-04-02,11,Entertainment,Swiggy,124.37,UPI,Desktop,1,0,0,0,1,5,0,0
4397,484,28,100000,Conservative,2025-09-18,10,Travel,PhonePe,7899.91,BNPL,Mobile,0,0,0,1,0,1,4,0
4398,159,38,15000,Balanced,2025-06-27,21,Fashion,BigBasket,4412.23,Credit Card,Desktop,0,0,0,0,1,1,7,1
4399,179,43,15000,Aggressive,2025-08-08,13,Utilities,Paytm,1251.25,Cash,Mobile,0,0,0,1,0,6,1,0
4400,78,28,75000,Balanced,2025-03-23,15,Electronics,Groww,21836.77,Debit Card,Mobile,0,0,1,1,0,2,7,1
4401,220,34,25000,Balanced,2025-08-04,16,Food Delivery,BigBasket,410.15,BNPL,Mobile,1,0,0,0,0,5,3,0
4402,426,20,50000,Conservative,2025-05-10,0,Groceries,BigBasket,1274.14,Credit Card,Mobile,0,1,0,0,0,10,0,0
4403,433,32,15000,Balanced,2025-05-09,16,Fashion,Croma,2649.72,UPI,Desktop,0,0,0,0,0,4,5,1
4404,208,25,15000,Balanced,2025-12-08,14,Utilities,Swiggy,2240.09,BNPL,Tablet,0,0,0,1,0,8,5,0
4405,372,39,15000,Balanced,2025-03-29,18,Travel,Uber,12048.14,UPI,Mobile,0,0,1,0,0,4,10,1
4406,227,43,25000,Aggressive,2025-03-15,6,EMI,Paytm,6143.15,Credit Card,Mobile,0,0,1,0,0,9,6,1
4407,430,26,15000,Aggressive,2025-02-28,15,Groceries,Amazon,1230.69,Credit Card,Mobile,0,0,0,0,0,3,1,0
4408,446,38,50000,Conservative,2025-03-11,6,Education,Uber,100.0,UPI,Desktop,0,0,0,0,1,7,0,0
4409,143,20,25000,Balanced,2025-06-25,7,Groceries,Flipkart,916.03,Debit Card,Mobile,0,0,0,0,0,2,0,0
4410,58,22,25000,Balanced,2025-05-30,0,Fashion,Paytm,975.62,UPI,Desktop,0,1,1,0,0,2,2,1
4411,493,18,35000,Conservative,2025-11-29,19,Food Delivery,Flipkart,279.25,Debit Card,Desktop,0,0,1,1,1,10,2,1
4412,351,43,50000,Conservative,2025-03-31,14,Health,PhonePe,1098.38,UPI,Desktop,0,0,0,0,1,4,0,0
4413,500,24,35000,Conservative,2025-04-08,2,Electronics,Croma,13983.57,BNPL,Mobile,0,1,0,1,0,3,10,1
4414,129,37,25000,Conservative,2025-08-24,22,Groceries,Amazon,677.27,Debit Card,Desktop,0,1,0,0,0,3,0,0
4415,435,33,50000,Conservative,2025-04-11,21,Groceries,PhonePe,791.3,Debit Card,Mobile,0,0,0,1,0,2,0,0
4416,260,34,35000,Balanced,2025-05-14,22,Education,Croma,3886.21,Credit Card,Mobile,0,1,0,0,0,9,2,0
4417,388,26,75000,Conservative,2025-09-21,5,Rent,Zomato,12748.51,UPI,Mobile,0,0,1,1,0,2,5,1
4418,399,32,50000,Balanced,2025-03-15,18,Entertainment,Myntra,765.61,Debit Card,Mobile,0,0,0,0,1,7,0,0
4419,468,34,100000,Conservative,2025-04-06,1,Rent,BigBasket,20312.99,Credit Card,Mobile,0,1,0,0,1,9,6,1
4420,381,29,25000,Conservative,2025-07-27,2,Health,BigBasket,2951.79,Debit Card,Mobile,0,1,0,0,0,10,2,0
4421,158,37,35000,Balanced,2025-07-08,10,Utilities,Netflix,2170.4,UPI,Mobile,0,0,1,1,0,2,1,0
4422,445,40,15000,Aggressive,2025-10-16,0,Fashion,PhonePe,5319.81,UPI,Desktop,0,1,0,0,0,9,9,1
4423,257,36,15000,Balanced,2025-05-21,3,Health,Netflix,1957.94,Cash,Mobile,0,0,0,0,0,7,2,0
4424,254,23,25000,Conservative,2025-05-06,3,Investment,BigBasket,6230.58,UPI,Mobile,0,0,0,0,0,2,4,0
4425,148,42,35000,Balanced,2025-01-22,13,Travel,Myntra,9575.19,Debit Card,Mobile,0,0,0,0,1,9,5,0
4426,20,35,50000,Aggressive,2025-02-19,8,EMI,Croma,5785.68,Credit Card,Mobile,0,0,1,0,1,3,4,1
4427,248,21,35000,Balanced,2025-03-16,2,Utilities,Netflix,683.62,Credit Card,Mobile,0,1,1,0,0,3,2,1
4428,432,22,50000,Conservative,2025-11-02,19,Education,BigBasket,4240.87,UPI,Desktop,1,0,0,0,1,6,1,0
4429,173,44,25000,Conservative,2025-12-02,20,Investment,Myntra,3072.68,UPI,Mobile,1,0,0,0,0,3,2,0
4430,191,39,15000,Conservative,2025-06-24,5,EMI,Swiggy,6381.99,UPI,Mobile,0,0,0,0,0,1,8,0
4431,179,43,15000,Aggressive,2025-04-08,9,Health,Amazon,1385.18,Credit Card,Desktop,0,0,0,1,0,2,1,0
4432,155,39,25000,Conservative,2025-05-27,15,Fashion,Croma,3673.46,UPI,Mobile,0,0,0,0,0,3,2,0
4433,27,18,25000,Conservative,2025-02-26,6,Entertainment,Zomato,1142.93,Credit Card,Mobile,0,0,0,1,0,2,2,1
4434,267,21,25000,Balanced,2025-09-20,14,Electronics,Netflix,8764.32,Credit Card,Mobile,0,0,1,0,0,6,9,1
4435,32,33,25000,Balanced,2025-07-01,12,Rent,Amazon,2829.8,UPI,Mobile,1,0,0,0,0,6,2,0
4436,141,29,25000,Conservative,2025-09-19,4,Food Delivery,Amazon,228.64,Cash,Mobile,0,0,0,0,1,8,0,0
4437,426,20,50000,Conservative,2025-03-17,8,Education,Zomato,4042.14,Credit Card,Mobile,0,0,0,1,0,3,1,0
4438,436,34,15000,Aggressive,2025-11-16,4,Groceries,Myntra,898.63,Debit Card,Mobile,0,0,0,1,0,2,1,0
4439,93,31,75000,Conservative,2025-10-15,7,Fashion,Groww,2053.72,Cash,Mobile,0,0,0,0,0,2,0,0
4440,110,39,25000,Conservative,2025-09-27,5,Food Delivery,Swiggy,426.45,Credit Card,Tablet,0,0,0,1,0,6,0,0
4441,379,20,50000,Balanced,2025-09-19,20,Entertainment,Croma,924.12,Credit Card,Mobile,0,0,0,0,0,5,0,0
4442,287,25,50000,Conservative,2025-06-24,23,Entertainment,Croma,683.31,UPI,Desktop,0,1,0,1,0,4,2,1
4443,291,40,15000,Conservative,2025-06-23,22,Food Delivery,Paytm,448.47,Debit Card,Mobile,0,1,0,1,0,9,0,0
4444,388,26,75000,Conservative,2025-11-26,10,Groceries,Netflix,1277.57,UPI,Desktop,0,0,0,0,0,5,0,0
4445,37,44,35000,Balanced,2025-02-16,22,Food Delivery,Flipkart,117.67,UPI,Desktop,0,1,0,1,0,6,0,0
4446,248,21,35000,Balanced,2025-09-21,19,Health,Uber,2791.52,Debit Card,Tablet,0,0,0,1,1,3,1,0
4447,365,30,50000,Balanced,2025-02-09,18,Rent,Myntra,11475.23,Credit Card,Mobile,0,0,1,1,0,6,6,1
4448,414,22,50000,Conservative,2025-09-04,4,Groceries,Groww,1571.57,Credit Card,Mobile,1,0,1,0,0,7,0,0
4449,187,29,15000,Conservative,2025-11-17,5,Fashion,Flipkart,2804.39,BNPL,Mobile,0,0,0,0,1,9,8,1
4450,166,23,15000,Balanced,2025-11-02,10,Fashion,Paytm,3959.21,UPI,Mobile,1,0,0,1,1,7,7,1
4451,25,30,15000,Aggressive,2025-12-12,17,Fashion,Amazon,3052.06,UPI,Mobile,0,0,0,0,0,6,4,0
4452,449,31,25000,Balanced,2025-07-13,0,Entertainment,Myntra,1455.58,UPI,Mobile,0,1,0,0,0,2,3,1
4453,496,24,25000,Balanced,2025-02-01,22,Utilities,Groww,733.61,BNPL,Mobile,1,1,1,1,0,4,5,1
4454,230,29,25000,Conservative,2025-04-15,16,Travel,Netflix,9189.45,Credit Card,Mobile,0,0,1,0,0,5,9,1
4455,208,25,15000,Balanced,2025-09-21,11,Food Delivery,Uber,329.42,Credit Card,Desktop,0,0,1,0,1,9,2,1
4456,324,25,35000,Balanced,2025-07-26,0,Rent,Flipkart,12229.11,UPI,Mobile,0,1,1,1,1,9,8,1
4457,257,36,15000,Balanced,2025-06-11,17,Travel,Groww,3672.34,Cash,Mobile,0,0,0,1,1,3,6,1
4458,337,25,15000,Balanced,2025-07-10,3,Education,Paytm,2190.49,Credit Card,Mobile,0,0,0,1,0,8,2,0
4459,494,30,15000,Aggressive,2025-05-17,7,Rent,Zomato,16150.0,BNPL,Mobile,0,0,0,0,0,10,10,0
4460,138,20,35000,Balanced,2025-03-12,11,Rent,Zomato,18856.68,UPI,Mobile,0,0,1,1,0,2,10,1
4461,409,34,15000,Conservative,2025-08-30,2,Electronics,Croma,3787.85,Credit Card,Mobile,0,1,0,0,0,7,7,1
4462,279,44,35000,Aggressive,2025-03-30,20,Travel,Uber,8917.93,Credit Card,Desktop,0,0,0,0,0,5,5,0
4463,241,32,15000,Aggressive,2025-05-04,17,Entertainment,Zomato,586.49,Credit Card,Mobile,1,0,0,1,0,2,2,1
4464,47,42,25000,Conservative,2025-03-12,2,Fashion,Paytm,2566.07,Credit Card,Mobile,0,1,0,1,0,3,4,1
4465,380,29,100000,Conservative,2025-10-06,17,Electronics,Flipkart,12820.53,UPI,Mobile,0,0,0,1,0,3,2,0
4466,467,37,50000,Conservative,2025-03-17,1,Rent,Swiggy,6970.69,Debit Card,Mobile,0,1,0,0,0,7,2,0
4467,315,37,35000,Aggressive,2025-02-28,4,Utilities,Flipkart,1567.72,UPI,Desktop,0,0,0,0,0,3,0,0
4468,304,29,15000,Aggressive,2025-10-11,0,Education,PhonePe,4047.86,UPI,Desktop,0,1,0,0,1,2,7,1
4469,26,18,15000,Balanced,2025-04-18,2,Travel,PhonePe,6526.94,Debit Card,Mobile,0,1,0,1,1,2,10,1
4470,477,37,15000,Balanced,2025-05-03,18,Travel,PhonePe,6725.06,UPI,Mobile,1,0,0,0,1,3,8,0
4471,2,25,35000,Conservative,2025-10-10,0,Utilities,Swiggy,1072.15,UPI,Mobile,0,1,0,0,0,4,0,0
4472,326,41,75000,Conservative,2025-01-24,3,Rent,Groww,13981.15,UPI,Mobile,0,0,1,0,0,3,5,1
4473,28,28,25000,Balanced,2025-10-30,1,Fashion,Amazon,3879.26,Debit Card,Mobile,0,1,1,1,1,9,5,1
4474,380,29,100000,Conservative,2025-11-07,19,Food Delivery,PhonePe,305.6,Debit Card,Mobile,0,0,0,1,0,5,0,0
4475,174,20,25000,Balanced,2025-11-09,8,Travel,Myntra,5915.77,Credit Card,Desktop,0,0,1,0,0,7,6,1
4476,97,40,25000,Balanced,2025-05-05,9,Education,Myntra,2625.64,UPI,Desktop,1,0,1,0,1,9,2,0
4477,500,24,35000,Conservative,2025-10-27,6,Groceries,Croma,1025.44,UPI,Desktop,0,0,0,0,0,4,0,0
4478,413,41,15000,Aggressive,2025-02-25,5,Education,Paytm,246.69,UPI,Mobile,0,0,0,0,1,8,0,0
4479,155,39,25000,Conservative,2025-11-13,16,Utilities,Uber,2378.66,UPI,Mobile,0,0,0,0,0,4,1,0
4480,52,32,25000,Conservative,2025-02-10,4,EMI,BigBasket,5175.06,Credit Card,Mobile,0,0,1,0,1,2,6,1
4481,215,35,35000,Conservative,2025-04-05,22,Rent,BigBasket,17131.32,Debit Card,Mobile,1,1,0,0,0,10,9,0
4482,418,25,75000,Balanced,2025-12-09,12,Rent,Amazon,6965.45,UPI,Mobile,0,0,1,1,0,4,1,0
4483,90,32,35000,Conservative,2025-08-30,5,Fashion,Uber,889.79,UPI,Mobile,0,0,0,0,0,4,0,0
4484,48,42,35000,Conservative,2025-04-18,0,Education,Netflix,3578.29,UPI,Mobile,0,1,1,1,1,6,4,1
4485,80,42,50000,Conservative,2025-12-12,22,Travel,Groww,3144.22,UPI,Mobile,0,1,0,0,0,3,1,0
4486,434,33,35000,Conservative,2025-01-31,5,Electronics,Croma,7922.62,UPI,Desktop,0,0,0,0,0,5,4,0
4487,453,19,25000,Balanced,2025-10-12,14,Electronics,Uber,15392.18,BNPL,Mobile,0,0,0,0,0,9,10,1
4488,178,41,35000,Balanced,2025-08-24,1,Groceries,BigBasket,1465.53,Credit Card,Mobile,0,1,1,0,0,7,2,1
4489,112,37,15000,Conservative,2025-09-16,7,Food Delivery,Croma,616.0,Credit Card,Desktop,0,0,1,0,0,5,2,1
4490,309,18,15000,Aggressive,2025-08-12,5,Investment,Flipkart,5607.71,Credit Card,Mobile,0,0,0,0,0,10,7,0
4491,143,20,25000,Balanced,2025-08-28,8,Electronics,Swiggy,22467.38,Credit Card,Mobile,0,0,1,0,0,8,10,1
4492,91,33,25000,Conservative,2025-12-12,8,Fashion,Flipkart,2297.3,UPI,Mobile,0,0,1,1,0,5,1,0
4493,446,38,50000,Conservative,2025-10-22,1,Fashion,Myntra,2353.38,UPI,Mobile,0,1,0,0,0,6,0,0
4494,473,34,50000,Conservative,2025-12-29,14,Utilities,Swiggy,2500.18,Cash,Mobile,0,0,0,0,0,9,1,0
4495,167,27,25000,Aggressive,2025-11-05,17,Food Delivery,Croma,257.69,Cash,Mobile,1,0,0,0,0,10,0,0
4496,278,20,25000,Aggressive,2025-03-30,19,Groceries,Croma,1478.72,Debit Card,Mobile,0,0,0,0,1,10,1,0
4497,111,39,35000,Conservative,2025-03-23,13,Food Delivery,Groww,268.64,UPI,Mobile,0,0,0,1,0,5,0,0
4498,194,35,35000,Balanced,2025-10-10,9,Utilities,Paytm,1531.07,UPI,Mobile,0,0,1,0,1,6,0,0
4499,91,33,25000,Conservative,2025-05-24,16,Education,Netflix,3204.89,Credit Card,Mobile,0,0,0,0,0,1,2,0
4500,473,34,50000,Conservative,2025-03-15,1,EMI,Uber,5057.4,Credit Card,Desktop,0,1,1,0,0,10,4,1
4501,17,25,15000,Aggressive,2025-02-06,2,Fashion,Croma,2960.39,UPI,Mobile,0,1,1,0,0,10,5,1
4502,32,33,25000,Balanced,2025-08-30,15,Travel,Myntra,7013.1,Credit Card,Desktop,0,0,0,0,0,5,5,0
4503,32,33,25000,Balanced,2025-10-20,11,EMI,Flipkart,6531.28,UPI,Mobile,0,0,0,1,0,3,5,0
4504,53,41,50000,Conservative,2025-09-16,19,EMI,PhonePe,2136.61,Debit Card,Mobile,0,0,1,0,1,2,0,0
4505,43,39,75000,Balanced,2025-10-15,10,Utilities,Netflix,1902.61,Credit Card,Mobile,0,0,1,0,0,5,0,0
4506,462,36,25000,Conservative,2025-09-08,10,Travel,Groww,7990.89,BNPL,Mobile,0,0,0,0,0,7,9,0
4507,482,42,25000,Balanced,2025-06-07,23,Education,PhonePe,3926.85,Credit Card,Mobile,0,1,0,0,1,2,5,1
4508,46,28,25000,Conservative,2025-09-20,10,Fashion,Paytm,3556.87,BNPL,Desktop,0,0,1,0,0,1,7,1
4509,292,19,50000,Aggressive,2025-10-30,8,Rent,Swiggy,15743.12,Cash,Mobile,0,0,1,0,0,10,6,0
4510,464,34,15000,Aggressive,2025-08-02,20,Investment,Netflix,5670.65,BNPL,Mobile,1,0,1,0,0,9,10,1
4511,285,25,25000,Balanced,2025-04-11,7,Investment,Uber,5061.07,BNPL,Mobile,0,0,1,0,0,6,9,1
4512,165,26,50000,Balanced,2025-01-09,21,Travel,Swiggy,11842.39,Credit Card,Mobile,0,0,0,0,0,5,4,0
4513,50,25,35000,Balanced,2025-12-26,1,Fashion,Groww,2987.82,Credit Card,Desktop,0,1,0,0,0,5,3,1
4514,80,42,50000,Conservative,2025-04-03,14,Fashion,Uber,2160.23,Cash,Mobile,1,0,0,0,1,4,0,0
4515,112,37,15000,Conservative,2025-02-15,1,Groceries,Paytm,787.66,Cash,Desktop,0,1,0,0,1,8,1,0
4516,318,29,75000,Conservative,2025-03-27,0,Electronics,BigBasket,12216.2,BNPL,Mobile,0,1,0,1,0,9,8,1
4517,274,35,15000,Balanced,2025-05-10,20,Health,Uber,1500.46,UPI,Mobile,0,0,1,1,0,3,2,0
4518,127,39,15000,Conservative,2025-01-07,13,Education,PhonePe,3434.24,UPI,Desktop,0,0,0,0,0,7,4,0
4519,152,29,35000,Balanced,2025-10-24,13,EMI,Zomato,3144.19,Credit Card,Mobile,0,0,0,1,0,6,1,0
4520,444,28,100000,Balanced,2025-05-06,17,Entertainment,Flipkart,522.4,UPI,Mobile,0,0,0,0,0,5,0,0
4521,221,19,35000,Conservative,2025-04-06,18,Groceries,Netflix,986.01,Credit Card,Desktop,0,0,0,1,1,9,0,0
4522,66,44,25000,Balanced,2025-04-21,15,Utilities,Netflix,2205.26,UPI,Mobile,0,0,0,1,0,10,1,0
4523,467,37,50000,Conservative,2025-09-02,10,Utilities,Myntra,2657.36,BNPL,Mobile,1,0,1,0,0,3,6,1
4524,475,31,25000,Conservative,2025-08-22,19,Travel,BigBasket,9096.03,UPI,Mobile,0,0,1,0,0,10,7,0
4525,492,27,50000,Aggressive,2025-11-01,11,Travel,Groww,9276.2,Debit Card,Desktop,1,0,0,0,0,6,3,0
4526,450,25,25000,Balanced,2025-03-13,16,Fashion,Amazon,3589.76,UPI,Mobile,0,0,0,1,0,3,2,0
4527,450,25,25000,Balanced,2025-07-23,21,Groceries,Amazon,2102.89,Credit Card,Desktop,0,0,0,0,1,10,1,0
4528,38,27,35000,Conservative,2025-11-23,8,Rent,Myntra,16455.9,Credit Card,Desktop,0,0,1,1,1,9,10,1
4529,205,38,35000,Conservative,2025-03-12,10,Fashion,Netflix,2921.21,Credit Card,Mobile,0,0,1,0,1,10,3,1
4530,168,19,15000,Conservative,2025-03-11,21,Health,Flipkart,131.17,Credit Card,Mobile,0,0,0,0,1,10,0,0
4531,345,36,35000,Balanced,2025-07-06,13,Entertainment,Croma,561.14,Credit Card,Desktop,0,0,0,0,0,5,0,0
4532,472,23,25000,Conservative,2025-12-24,18,Health,Zomato,2290.68,BNPL,Mobile,0,0,0,1,0,8,4,0
4533,132,43,35000,Balanced,2025-01-12,7,Fashion,Paytm,2564.56,UPI,Mobile,0,0,0,0,0,1,1,0
4534,135,22,50000,Balanced,2025-09-12,18,Electronics,Zomato,13512.84,UPI,Desktop,0,0,1,1,1,4,7,1
4535,463,19,25000,Aggressive,2025-02-21,10,Education,BigBasket,2581.22,UPI,Mobile,0,0,0,1,0,1,2,0
4536,17,25,15000,Aggressive,2025-04-18,11,Entertainment,Zomato,537.59,UPI,Mobile,0,0,0,0,0,8,0,0
4537,37,44,35000,Balanced,2025-04-25,0,Rent,Amazon,17714.36,Credit Card,Mobile,0,1,1,1,0,9,10,1
4538,45,29,25000,Aggressive,2025-05-12,22,Food Delivery,Croma,336.72,Credit Card,Desktop,0,1,0,0,0,9,2,1
4539,195,42,35000,Aggressive,2025-01-02,4,Education,Swiggy,3978.23,Debit Card,Mobile,1,0,0,1,0,2,2,0
4540,411,42,25000,Aggressive,2025-02-01,21,Utilities,Flipkart,1638.07,Debit Card,Mobile,1,0,1,1,0,9,1,0
4541,435,33,50000,Conservative,2025-08-20,5,Groceries,BigBasket,1280.56,UPI,Mobile,0,0,1,0,1,1,0,0
4542,86,29,35000,Balanced,2025-01-21,20,Utilities,Amazon,1358.41,Credit Card,Desktop,0,0,0,0,0,8,0,0
4543,485,38,15000,Conservative,2025-08-28,5,Health,Paytm,1160.91,UPI,Mobile,0,0,1,0,0,9,1,0
4544,443,44,50000,Conservative,2025-09-14,21,Fashion,Swiggy,2825.46,Credit Card,Mobile,0,0,0,0,1,7,1,0
4545,414,22,50000,Conservative,2025-02-24,20,Education,BigBasket,4498.12,UPI,Mobile,0,0,0,0,0,3,1,0
4546,147,41,50000,Aggressive,2025-04-08,21,Electronics,Paytm,13881.37,Debit Card,Mobile,0,0,1,0,0,10,7,1
4547,102,43,50000,Balanced,2025-05-11,2,Groceries,Zomato,1302.14,BNPL,Desktop,0,1,0,1,1,6,5,1
4548,434,33,35000,Conservative,2025-09-29,21,Travel,Zomato,4022.62,Debit Card,Mobile,0,0,1,1,0,5,2,0
4549,322,38,35000,Aggressive,2025-08-03,20,Rent,Myntra,8793.59,BNPL,Mobile,1,0,0,0,0,8,8,0
4550,36,43,25000,Conservative,2025-05-14,4,Entertainment,Groww,1072.16,BNPL,Desktop,0,0,1,0,0,9,5,1
4551,330,34,35000,Balanced,2025-06-12,5,Food Delivery,Uber,223.37,UPI,Tablet,0,0,0,1,0,9,0,0
4552,395,27,35000,Balanced,2025-10-07,19,Health,Myntra,3138.47,BNPL,Mobile,0,0,0,0,1,7,4,0
4553,113,28,15000,Balanced,2025-10-06,15,Travel,Amazon,3918.0,Debit Card,Mobile,0,0,0,1,0,7,5,0
4554,119,36,35000,Conservative,2025-03-11,8,Groceries,Zomato,1253.01,UPI,Mobile,0,0,1,1,0,7,0,0
4555,121,26,50000,Conservative,2025-01-20,18,EMI,Netflix,7156.37,Credit Card,Mobile,0,0,0,0,0,3,2,0
4556,230,29,25000,Conservative,2025-04-06,17,Electronics,Amazon,4807.16,Debit Card,Mobile,0,0,0,1,0,5,3,0
4557,335,24,50000,Conservative,2025-02-24,6,Health,PhonePe,3206.8,BNPL,Desktop,0,0,0,1,0,2,4,0
4558,123,39,50000,Balanced,2025-09-29,19,Utilities,Swiggy,1215.71,UPI,Desktop,0,0,0,0,0,7,0,0
4559,49,30,75000,Conservative,2025-11-16,6,Rent,Groww,6844.1,Credit Card,Mobile,0,0,1,0,1,4,3,1
4560,305,22,75000,Balanced,2025-05-11,12,Investment,Myntra,2756.7,Cash,Desktop,0,0,0,0,0,10,0,0
4561,411,42,25000,Aggressive,2025-10-21,4,Food Delivery,PhonePe,249.13,BNPL,Mobile,0,0,0,0,1,7,3,0
4562,77,39,50000,Balanced,2025-09-05,17,Food Delivery,Amazon,725.73,Cash,Mobile,1,0,0,0,0,6,0,0
4563,494,30,15000,Aggressive,2025-08-21,21,EMI,Groww,6326.85,UPI,Mobile,0,0,0,1,0,1,8,0
4564,116,37,35000,Balanced,2025-06-01,7,Fashion,Croma,2384.4,Credit Card,Mobile,1,0,0,0,0,7,1,0
4565,464,34,15000,Aggressive,2025-03-21,0,Food Delivery,Croma,267.05,Debit Card,Mobile,0,1,1,0,0,3,2,1
4566,500,24,35000,Conservative,2025-01-03,18,Electronics,BigBasket,6692.07,UPI,Mobile,1,0,1,1,1,3,5,1
4567,227,43,25000,Aggressive,2025-07-23,9,Education,Swiggy,640.98,Credit Card,Mobile,0,0,0,0,1,10,0,0
4568,63,23,25000,Aggressive,2025-05-31,2,Fashion,BigBasket,1933.43,Cash,Desktop,0,1,1,0,0,2,3,1
4569,411,42,25000,Aggressive,2025-01-16,8,Health,Amazon,959.26,Credit Card,Mobile,0,0,1,0,0,6,0,0
4570,429,26,25000,Conservative,2025-12-13,9,Rent,PhonePe,8134.11,UPI,Desktop,0,0,1,1,0,1,8,1
4571,219,21,35000,Aggressive,2025-01-26,19,Education,Zomato,3357.21,Debit Card,Desktop,0,0,0,0,0,9,1,0
4572,247,20,35000,Balanced,2025-10-08,10,Rent,Paytm,13004.45,UPI,Desktop,0,0,0,1,0,7,7,0
4573,89,44,50000,Balanced,2025-06-16,12,Fashion,Zomato,4907.87,Debit Card,Mobile,0,0,0,1,1,4,3,1
4574,379,20,50000,Balanced,2025-06-04,20,Utilities,Groww,2434.25,UPI,Mobile,1,0,1,0,1,7,0,0
4575,339,25,15000,Conservative,2025-08-06,8,Fashion,Amazon,2389.22,UPI,Mobile,0,0,1,0,1,4,5,1
4576,424,34,25000,Conservative,2025-05-31,0,Fashion,Netflix,3064.15,Credit Card,Desktop,0,1,1,1,0,4,4,1
4577,57,19,35000,Conservative,2025-05-20,15,Electronics,Flipkart,13028.48,UPI,Mobile,0,0,0,0,1,1,9,1
4578,151,41,75000,Balanced,2025-12-04,12,EMI,Paytm,100.0,UPI,Tablet,1,0,0,1,0,3,0,0
4579,400,39,25000,Balanced,2025-10-14,7,Rent,Uber,12960.35,UPI,Desktop,0,0,0,0,0,6,10,0
4580,259,28,75000,Aggressive,2025-01-01,18,Education,Groww,2895.77,UPI,Mobile,1,0,1,0,0,8,0,0
4581,470,37,25000,Conservative,2025-11-20,5,Entertainment,Croma,244.84,Debit Card,Mobile,0,0,0,1,1,8,0,0
4582,61,28,25000,Conservative,2025-02-10,18,Groceries,Paytm,1384.21,Credit Card,Mobile,0,0,0,0,0,1,1,0
4583,126,29,35000,Conservative,2025-11-17,9,Education,Swiggy,933.32,Debit Card,Mobile,0,0,0,1,0,10,0,0
4584,378,28,35000,Balanced,2025-01-05,1,Fashion,Groww,1921.87,UPI,Mobile,1,1,1,0,0,8,3,1
4585,234,33,15000,Conservative,2025-05-23,17,EMI,Myntra,1955.12,Debit Card,Mobile,0,0,1,1,0,7,2,0
4586,414,22,50000,Conservative,2025-07-21,4,Groceries,Groww,2294.0,UPI,Desktop,0,0,0,0,0,1,0,0
4587,282,36,35000,Balanced,2025-02-14,14,Groceries,Zomato,1163.92,Cash,Desktop,0,0,0,1,1,4,0,0
4588,317,44,35000,Conservative,2025-12-08,12,Health,Myntra,2150.81,Debit Card,Mobile,0,0,0,0,0,7,1,0
4589,275,26,25000,Conservative,2025-10-14,2,EMI,Croma,4179.68,Debit Card,Desktop,0,1,1,0,1,4,5,1
4590,159,38,15000,Balanced,2025-06-14,17,Entertainment,Amazon,453.76,Credit Card,Mobile,0,0,0,0,0,9,0,0
4591,91,33,25000,Conservative,2025-01-16,19,Health,Groww,3226.37,Credit Card,Desktop,0,0,0,0,0,2,2,0
4592,495,43,25000,Conservative,2025-06-14,3,Investment,Flipkart,2602.08,UPI,Mobile,0,0,1,0,0,10,2,0
4593,183,26,25000,Conservative,2025-01-17,14,Food Delivery,Swiggy,100.0,UPI,Mobile,0,0,0,0,0,5,0,0
4594,437,36,50000,Conservative,2025-06-02,7,Travel,Zomato,6709.79,Debit Card,Mobile,1,0,1,0,0,10,2,0
4595,24,32,50000,Conservative,2025-05-06,6,Health,BigBasket,3983.22,UPI,Mobile,0,0,1,0,1,9,1,0
4596,2,25,35000,Conservative,2025-11-17,23,Food Delivery,Uber,291.0,UPI,Mobile,0,1,0,1,0,10,0,0
4597,263,23,100000,Balanced,2025-12-16,17,Rent,PhonePe,13829.85,Credit Card,Desktop,0,0,0,1,0,5,2,0
4598,134,36,35000,Aggressive,2025-10-12,2,EMI,Croma,4318.48,Credit Card,Mobile,0,1,0,0,0,1,4,1
4599,70,42,15000,Aggressive,2025-01-05,10,Education,Croma,2313.96,Credit Card,Mobile,1,0,0,1,1,7,5,1
4600,290,42,25000,Conservative,2025-01-19,14,Electronics,BigBasket,14715.08,UPI,Desktop,0,0,0,1,1,6,10,1
4601,77,39,50000,Balanced,2025-09-21,4,Rent,Myntra,10447.94,UPI,Desktop,0,0,1,1,0,4,6,1
4602,349,22,35000,Balanced,2025-07-07,23,Education,Amazon,5321.78,BNPL,Mobile,0,1,0,1,0,4,8,1
4603,80,42,50000,Conservative,2025-12-06,9,Food Delivery,BigBasket,100.0,UPI,Mobile,0,0,0,0,0,9,0,0
4604,167,27,25000,Aggressive,2025-12-14,13,Fashion,Groww,3457.79,UPI,Mobile,0,0,1,1,0,9,2,0
4605,173,44,25000,Conservative,2025-11-03,10,Education,Zomato,2560.77,UPI,Mobile,1,0,0,0,0,9,2,0
4606,233,32,35000,Conservative,2025-09-20,15,Education,Paytm,1082.25,UPI,Mobile,0,0,1,1,0,10,0,0
4607,427,41,50000,Conservative,2025-11-01,4,Fashion,PhonePe,1959.05,Debit Card,Mobile,1,0,1,0,1,3,2,1
4608,216,44,15000,Balanced,2025-07-03,0,Entertainment,Flipkart,908.21,Credit Card,Mobile,1,1,0,0,1,5,3,1
4609,500,24,35000,Conservative,2025-11-10,15,Investment,Myntra,3040.12,Debit Card,Mobile,0,0,0,0,0,10,1,0
4610,332,24,50000,Conservative,2025-09-21,7,Electronics,PhonePe,22144.08,Cash,Desktop,0,0,1,1,0,8,10,1
4611,362,39,15000,Aggressive,2025-11-08,8,EMI,Amazon,4127.62,Credit Card,Mobile,0,0,0,0,1,6,5,0
4612,284,32,25000,Balanced,2025-03-12,17,Investment,Zomato,5084.29,UPI,Tablet,0,0,1,0,0,4,6,1
4613,150,33,15000,Conservative,2025-08-09,10,Rent,PhonePe,14286.89,UPI,Mobile,0,0,1,1,0,7,10,0
4614,393,40,50000,Balanced,2025-04-02,19,Entertainment,Zomato,811.25,UPI,Mobile,1,0,1,0,1,10,0,0
4615,83,21,25000,Conservative,2025-10-24,14,Utilities,Myntra,295.71,UPI,Desktop,0,0,0,0,0,9,0,0
4616,388,26,75000,Conservative,2025-09-23,9,EMI,Paytm,2957.25,UPI,Mobile,0,0,1,1,1,6,0,0
4617,66,44,25000,Balanced,2025-02-08,5,Food Delivery,Flipkart,341.84,Credit Card,Mobile,0,0,0,0,0,4,2,1
4618,363,23,50000,Conservative,2025-07-23,14,EMI,BigBasket,4395.5,Debit Card,Tablet,0,0,0,1,0,4,1,0
4619,481,37,35000,Conservative,2025-10-09,11,EMI,Netflix,7714.2,Credit Card,Desktop,0,0,0,0,0,4,6,1
4620,49,30,75000,Conservative,2025-03-30,15,Investment,Flipkart,4529.21,UPI,Mobile,0,0,0,0,0,5,1,0
4621,71,27,25000,Balanced,2025-11-25,9,Food Delivery,Paytm,377.58,UPI,Mobile,0,0,0,1,0,4,0,0
4622,365,30,50000,Balanced,2025-12-29,12,Education,Myntra,3309.84,Credit Card,Mobile,0,0,0,0,0,10,1,0
4623,47,42,25000,Conservative,2025-08-27,23,Utilities,PhonePe,1231.24,BNPL,Mobile,0,1,0,1,0,6,3,0
4624,425,35,35000,Aggressive,2025-04-30,14,Utilities,Uber,2052.97,Debit Card,Mobile,0,0,0,0,0,4,1,0
4625,8,29,15000,Balanced,2025-04-09,12,Education,BigBasket,1017.56,BNPL,Tablet,0,0,1,0,0,4,6,1
4626,285,25,25000,Balanced,2025-05-07,9,Education,Uber,4143.87,Credit Card,Tablet,0,0,0,1,0,7,3,0
4627,118,27,25000,Balanced,2025-05-01,10,Food Delivery,Croma,100.0,Credit Card,Mobile,1,0,0,0,0,2,2,1
4628,231,31,25000,Conservative,2025-11-16,21,Education,Groww,2333.84,Debit Card,Mobile,0,0,0,0,0,7,1,0
4629,399,32,50000,Balanced,2025-07-04,18,EMI,Amazon,4962.36,Debit Card,Mobile,1,0,1,0,0,10,1,0
4630,185,33,50000,Aggressive,2025-01-06,2,Travel,Uber,13401.73,BNPL,Tablet,0,1,0,1,0,9,10,1
4631,335,24,50000,Conservative,2025-05-24,3,Investment,Netflix,4859.84,UPI,Desktop,0,0,0,0,0,7,1,0
4632,146,38,25000,Aggressive,2025-02-15,19,Entertainment,Swiggy,554.34,Debit Card,Mobile,0,0,0,1,0,9,0,0
4633,192,38,50000,Balanced,2025-12-21,18,Fashion,Groww,2383.19,Credit Card,Mobile,0,0,0,1,0,5,0,0
4634,123,39,50000,Balanced,2025-04-17,19,Utilities,Swiggy,1941.47,BNPL,Desktop,0,0,1,0,1,9,3,0
4635,203,20,35000,Balanced,2025-06-04,1,Utilities,Zomato,3007.67,UPI,Mobile,1,1,0,0,0,9,1,0
4636,336,40,25000,Conservative,2025-07-07,1,Rent,Netflix,15647.58,BNPL,Mobile,0,1,1,1,0,7,10,1
4637,130,43,35000,Balanced,2025-07-10,19,Groceries,Paytm,1519.54,Credit Card,Mobile,0,0,1,0,0,9,0,0
4638,1,24,50000,Conservative,2025-05-23,17,Food Delivery,Croma,446.58,BNPL,Desktop,0,0,1,1,0,8,5,1
4639,328,25,35000,Conservative,2025-08-19,4,Education,BigBasket,3753.77,Credit Card,Mobile,0,0,1,0,0,2,4,1
4640,357,43,35000,Conservative,2025-05-24,10,Rent,Swiggy,8501.29,UPI,Mobile,0,0,0,0,0,6,4,0
4641,276,18,50000,Balanced,2025-12-22,19,Travel,Groww,9214.36,UPI,Tablet,0,0,0,0,0,2,3,0
4642,429,26,25000,Conservative,2025-08-29,9,Health,Amazon,1006.37,Debit Card,Mobile,0,0,0,1,0,4,0,0
4643,367,39,50000,Conservative,2025-05-04,10,Health,Groww,2885.69,UPI,Mobile,1,0,0,0,0,8,1,0
4644,211,44,35000,Conservative,2025-11-26,10,Education,Myntra,4255.04,UPI,Mobile,0,0,0,1,0,4,2,0
4645,221,19,35000,Conservative,2025-06-10,23,Utilities,Flipkart,3567.86,UPI,Mobile,0,1,0,1,0,9,2,0
4646,118,27,25000,Balanced,2025-10-15,7,Education,Croma,3031.96,BNPL,Mobile,0,0,0,0,1,4,5,0
4647,167,27,25000,Aggressive,2025-01-12,2,Health,Croma,2215.1,Cash,Desktop,0,1,0,1,0,6,1,0
4648,18,21,25000,Balanced,2025-06-17,19,Food Delivery,Swiggy,448.23,Debit Card,Tablet,0,0,0,1,1,6,0,0
4649,362,39,15000,Aggressive,2025-06-25,4,Investment,Flipkart,5531.1,Credit Card,Mobile,0,0,1,0,0,2,9,1
4650,451,41,50000,Conservative,2025-07-27,4,Education,Swiggy,2909.71,UPI,Mobile,0,0,0,1,0,8,1,0
4651,110,39,25000,Conservative,2025-07-25,12,Entertainment,Croma,1236.54,UPI,Mobile,0,0,1,0,0,8,0,0
4652,270,25,50000,Conservative,2025-01-16,2,Education,Paytm,4517.49,Debit Card,Mobile,0,1,0,0,0,3,1,0
4653,53,41,50000,Conservative,2025-03-20,14,Groceries,Paytm,1277.19,UPI,Mobile,0,0,1,0,0,2,0,0
4654,234,33,15000,Conservative,2025-04-05,13,Education,Flipkart,2510.52,UPI,Mobile,1,0,0,1,1,10,3,0
4655,205,38,35000,Conservative,2025-08-03,15,Health,BigBasket,1854.99,Debit Card,Desktop,1,0,1,0,0,3,1,0
4656,468,34,100000,Conservative,2025-05-02,19,Investment,Paytm,6622.92,UPI,Desktop,1,0,0,0,0,8,1,0
4657,132,43,35000,Balanced,2025-12-11,22,Rent,Flipkart,8698.95,Credit Card,Desktop,0,1,0,0,0,2,6,1
4658,383,42,35000,Conservative,2025-09-14,11,EMI,BigBasket,4253.69,UPI,Mobile,0,0,0,0,1,10,2,0
4659,97,40,25000,Balanced,2025-04-18,14,Food Delivery,Netflix,378.83,UPI,Mobile,0,0,0,0,0,7,0,0
4660,69,35,50000,Balanced,2025-11-08,13,Investment,Netflix,3920.54,UPI,Mobile,0,0,0,1,1,6,1,0
4661,316,19,35000,Balanced,2025-02-19,8,Entertainment,Swiggy,356.08,Credit Card,Mobile,0,0,0,0,0,6,0,0
4662,166,23,15000,Balanced,2025-01-06,9,Electronics,Swiggy,12835.79,BNPL,Mobile,0,0,0,1,0,8,10,1
4663,90,32,35000,Conservative,2025-11-21,19,Health,Croma,2176.37,UPI,Mobile,0,0,1,1,0,2,1,0
4664,469,38,75000,Aggressive,2025-11-30,20,Utilities,Uber,2025.18,UPI,Mobile,0,0,0,0,1,7,0,0
4665,292,19,50000,Aggressive,2025-01-09,6,Fashion,Uber,2085.57,Credit Card,Mobile,0,0,0,0,0,10,0,0
4666,232,43,50000,Balanced,2025-09-27,16,Utilities,Uber,2292.57,BNPL,Mobile,0,0,0,1,0,3,3,0
4667,53,41,50000,Conservative,2025-05-08,0,Travel,Myntra,6555.94,UPI,Mobile,0,1,1,1,0,3,4,1
4668,302,30,15000,Conservative,2025-06-05,15,Education,Flipkart,2979.05,UPI,Tablet,1,0,0,1,0,3,3,0
4669,147,41,50000,Aggressive,2025-12-15,6,Utilities,Groww,2015.86,UPI,Mobile,0,0,0,0,1,1,0,0
4670,7,18,25000,Balanced,2025-02-04,23,Investment,PhonePe,2810.0,UPI,Desktop,1,1,1,0,1,8,2,0
4671,262,43,25000,Balanced,2025-04-30,6,Rent,Croma,15183.38,Credit Card,Mobile,0,0,0,0,1,8,10,0
4672,161,40,50000,Conservative,2025-04-11,7,Electronics,Amazon,8555.37,Debit Card,Desktop,0,0,1,1,1,8,5,1
4673,162,38,35000,Conservative,2025-03-02,16,Rent,Zomato,12547.76,Debit Card,Mobile,1,0,0,0,0,4,7,0
4674,337,25,15000,Balanced,2025-10-12,11,Utilities,Zomato,400.27,Credit Card,Mobile,0,0,0,0,0,1,0,0
4675,399,32,50000,Balanced,2025-02-26,2,Electronics,BigBasket,7752.95,Credit Card,Mobile,0,1,0,1,0,3,5,1
4676,38,27,35000,Conservative,2025-07-23,23,Entertainment,Netflix,645.79,Debit Card,Desktop,0,1,0,0,1,3,2,1
4677,158,37,35000,Balanced,2025-02-11,18,Entertainment,Myntra,1083.75,Credit Card,Mobile,0,0,1,1,0,6,2,1
4678,266,23,35000,Conservative,2025-05-10,12,Education,Paytm,864.08,Debit Card,Mobile,0,0,1,0,0,7,0,0
4679,313,38,25000,Aggressive,2025-04-11,22,Food Delivery,Paytm,630.58,UPI,Desktop,0,1,0,0,1,2,2,1
4680,48,42,35000,Conservative,2025-03-13,21,Groceries,Myntra,690.88,Debit Card,Mobile,0,0,0,0,1,9,0,0
4681,428,21,35000,Conservative,2025-09-04,7,Travel,Uber,9239.22,BNPL,Desktop,1,0,1,0,0,7,10,1
4682,416,41,35000,Balanced,2025-11-23,21,Entertainment,Uber,381.0,Credit Card,Mobile,0,0,1,1,0,1,2,1
4683,386,33,50000,Conservative,2025-10-08,1,Groceries,Zomato,1138.26,Credit Card,Mobile,0,1,0,1,0,5,0,0
4684,197,41,25000,Aggressive,2025-09-04,0,Entertainment,Zomato,697.2,Debit Card,Mobile,1,1,0,0,1,10,0,0
4685,328,25,35000,Conservative,2025-04-14,16,Investment,Flipkart,6457.13,Debit Card,Mobile,0,0,0,0,0,10,3,0
4686,240,20,75000,Balanced,2025-04-06,4,Investment,Uber,2987.2,BNPL,Mobile,0,0,0,1,0,1,3,0
4687,337,25,15000,Balanced,2025-08-19,23,Investment,Paytm,6979.24,Credit Card,Mobile,0,1,0,0,0,9,10,1
4688,10,32,35000,Balanced,2025-06-08,13,Food Delivery,Swiggy,522.71,UPI,Mobile,0,0,1,1,0,4,2,1
4689,473,34,50000,Conservative,2025-08-28,5,Entertainment,BigBasket,1475.15,UPI,Desktop,0,0,1,0,0,7,0,0
4690,86,29,35000,Balanced,2025-07-31,12,Rent,PhonePe,15107.97,Debit Card,Mobile,0,0,1,0,1,6,8,0
4691,432,22,50000,Conservative,2025-04-26,5,EMI,Myntra,4636.77,Credit Card,Mobile,0,0,0,1,0,3,1,0
4692,248,21,35000,Balanced,2025-05-04,5,Electronics,Swiggy,15560.68,Debit Card,Mobile,1,0,0,0,0,8,8,0
4693,405,34,35000,Balanced,2025-03-25,7,Fashion,Swiggy,987.0,BNPL,Desktop,0,0,0,0,0,8,3,0
4694,4,38,35000,Balanced,2025-04-30,2,Travel,BigBasket,9781.07,Credit Card,Desktop,0,1,0,0,0,10,7,1
4695,105,42,35000,Conservative,2025-12-07,13,Travel,Zomato,11884.95,UPI,Mobile,0,0,0,0,1,7,6,0
4696,324,25,35000,Balanced,2025-04-06,12,Fashion,Flipkart,2736.8,UPI,Mobile,0,0,0,1,1,1,3,1
4697,464,34,15000,Aggressive,2025-07-09,11,EMI,Croma,6770.06,Credit Card,Mobile,0,0,0,1,0,5,9,0
4698,467,37,50000,Conservative,2025-12-15,13,Food Delivery,Amazon,211.26,Credit Card,Mobile,0,0,0,0,1,10,0,0
4699,299,37,25000,Aggressive,2025-10-06,6,Investment,Uber,3957.05,BNPL,Mobile,0,0,1,0,0,2,8,1
4700,75,40,25000,Conservative,2025-05-03,16,Entertainment,Uber,689.7,Credit Card,Desktop,1,0,1,1,0,3,2,1
4701,137,44,50000,Balanced,2025-09-26,1,Travel,Uber,13963.29,UPI,Mobile,0,1,1,0,0,9,7,1
4702,268,23,25000,Conservative,2025-06-30,4,Education,Flipkart,3608.72,UPI,Mobile,0,0,0,1,0,3,2,0
4703,361,43,50000,Conservative,2025-07-24,23,Utilities,Zomato,2014.88,Credit Card,Mobile,0,1,0,1,0,8,0,0
4704,279,44,35000,Aggressive,2025-12-02,14,Travel,BigBasket,9655.34,Credit Card,Mobile,1,0,0,0,1,6,5,0
4705,364,30,50000,Conservative,2025-01-11,11,Utilities,Flipkart,2246.58,UPI,Mobile,0,0,1,1,0,5,0,0
4706,371,39,35000,Balanced,2025-12-20,15,Entertainment,Myntra,195.51,UPI,Mobile,0,0,1,0,0,1,2,1
4707,9,27,15000,Aggressive,2025-07-17,1,Health,Myntra,746.27,BNPL,Tablet,0,1,1,1,0,1,5,1
4708,109,19,15000,Balanced,2025-11-24,0,Entertainment,Netflix,927.93,Credit Card,Mobile,0,1,1,0,0,4,3,1
4709,28,28,25000,Balanced,2025-12-04,14,Electronics,Flipkart,22971.13,UPI,Desktop,1,0,0,0,0,8,10,0
4710,191,39,15000,Conservative,2025-04-06,16,Food Delivery,Flipkart,321.73,Credit Card,Mobile,0,0,1,1,1,9,2,1
4711,450,25,25000,Balanced,2025-02-18,20,EMI,Uber,7234.31,Debit Card,Desktop,0,0,1,0,0,8,5,0
4712,135,22,50000,Balanced,2025-06-04,17,Entertainment,Croma,444.87,Credit Card,Mobile,1,0,0,0,0,4,2,1
4713,326,41,75000,Conservative,2025-03-11,23,Rent,PhonePe,7514.12,UPI,Mobile,0,1,0,0,0,8,2,0
4714,102,43,50000,Balanced,2025-02-11,7,Utilities,Uber,1577.34,UPI,Desktop,0,0,1,0,1,4,0,0
4715,7,18,25000,Balanced,2025-03-30,15,Education,Zomato,1713.87,UPI,Mobile,0,0,0,0,0,5,1,0
4716,366,43,35000,Conservative,2025-01-27,3,Fashion,Croma,2569.2,BNPL,Mobile,0,0,0,1,0,6,4,0
4717,216,44,15000,Balanced,2025-10-24,2,Fashion,Groww,2676.24,UPI,Mobile,0,1,0,1,1,10,5,1
4718,358,40,50000,Aggressive,2025-06-17,17,Utilities,Amazon,1561.57,BNPL,Mobile,0,0,1,1,0,3,5,1
4719,28,28,25000,Balanced,2025-05-10,3,EMI,Swiggy,6799.61,Debit Card,Mobile,0,0,0,1,0,6,5,0
4720,101,19,25000,Conservative,2025-05-07,16,Utilities,Uber,2536.66,UPI,Mobile,0,0,0,0,0,4,2,0
4721,238,31,35000,Balanced,2025-02-25,9,Rent,Uber,9709.33,Credit Card,Mobile,0,0,0,0,0,8,5,0
4722,454,22,15000,Aggressive,2025-09-03,22,Groceries,Groww,1118.13,UPI,Mobile,1,1,1,0,0,2,3,1
4723,372,39,15000,Balanced,2025-04-25,7,Investment,Croma,6625.53,Credit Card,Desktop,0,0,0,0,0,1,10,1
4724,222,28,35000,Conservative,2025-11-11,4,Electronics,Paytm,10311.02,UPI,Mobile,0,0,1,0,1,6,7,1
4725,32,33,25000,Balanced,2025-04-03,2,Rent,Myntra,12699.02,UPI,Mobile,1,1,0,1,0,6,10,0
4726,281,25,35000,Balanced,2025-10-13,11,Travel,Uber,7396.64,UPI,Desktop,0,0,0,0,0,9,4,0
4727,333,36,35000,Balanced,2025-07-07,11,Health,Zomato,1822.65,Credit Card,Mobile,0,0,0,0,1,9,1,0
4728,107,18,15000,Conservative,2025-01-07,4,Travel,Flipkart,6313.73,Credit Card,Mobile,0,0,1,0,0,7,10,1
4729,375,44,35000,Conservative,2025-07-29,6,Electronics,Amazon,17407.03,BNPL,Mobile,0,0,0,0,1,10,10,1
4730,442,42,75000,Conservative,2025-07-29,23,EMI,Swiggy,5698.29,Credit Card,Mobile,0,1,0,0,0,4,3,1
4731,148,42,35000,Balanced,2025-08-30,16,Investment,Amazon,6291.08,UPI,Mobile,0,0,0,0,0,9,3,0
4732,116,37,35000,Balanced,2025-02-03,8,Entertainment,Netflix,879.41,Credit Card,Mobile,1,0,1,0,0,2,2,1
4733,292,19,50000,Aggressive,2025-07-30,19,Travel,Uber,6867.27,Cash,Mobile,0,0,0,0,0,1,2,0
4734,433,32,15000,Balanced,2025-03-16,10,EMI,BigBasket,2482.71,Credit Card,Mobile,0,0,0,1,0,6,3,0
4735,69,35,50000,Balanced,2025-05-12,10,Health,Zomato,3227.96,BNPL,Desktop,0,0,0,1,0,2,4,0
4736,179,43,15000,Aggressive,2025-10-19,8,Education,Paytm,3385.84,UPI,Mobile,0,0,0,1,0,1,4,0
4737,224,28,15000,Balanced,2025-06-29,5,Rent,PhonePe,1406.86,Credit Card,Mobile,0,0,0,1,0,2,1,0
4738,64,33,50000,Conservative,2025-02-27,17,Fashion,Amazon,2729.07,UPI,Mobile,0,0,0,1,0,4,1,0
4739,134,36,35000,Aggressive,2025-10-17,21,Electronics,Netflix,4707.77,Debit Card,Desktop,0,0,1,0,0,4,4,1
4740,184,18,35000,Balanced,2025-03-02,6,Electronics,Zomato,19540.32,UPI,Mobile,1,0,1,0,0,9,10,1
4741,492,27,50000,Aggressive,2025-01-15,3,EMI,BigBasket,11168.5,Credit Card,Desktop,0,0,1,0,1,1,6,1
4742,80,42,50000,Conservative,2025-09-19,5,Health,Amazon,2339.94,UPI,Mobile,0,0,0,0,0,3,0,0
4743,289,24,35000,Aggressive,2025-11-20,20,Entertainment,Croma,835.43,UPI,Mobile,0,0,0,0,0,9,0,0
4744,313,38,25000,Aggressive,2025-01-21,0,Food Delivery,Groww,362.89,UPI,Mobile,0,1,0,0,0,4,2,1
4745,468,34,100000,Conservative,2025-12-13,21,Groceries,Groww,1474.9,BNPL,Mobile,0,0,0,0,1,6,3,0
4746,392,36,75000,Aggressive,2025-12-18,10,EMI,Uber,3400.94,Credit Card,Desktop,0,0,1,0,0,7,0,0
4747,326,41,75000,Conservative,2025-08-22,3,EMI,Croma,7342.17,UPI,Mobile,0,0,0,0,0,3,1,0
4748,252,44,100000,Balanced,2025-09-02,3,Rent,PhonePe,14519.4,UPI,Mobile,1,0,1,1,0,4,2,0
4749,438,19,35000,Aggressive,2025-09-23,6,Electronics,Swiggy,13422.04,UPI,Tablet,0,0,1,1,0,9,9,1
4750,243,42,50000,Conservative,2025-01-25,20,Electronics,Swiggy,11186.97,Debit Card,Mobile,0,0,1,1,0,7,6,1
4751,469,38,75000,Aggressive,2025-11-30,5,Utilities,Uber,1486.74,Credit Card,Mobile,0,0,1,1,0,10,0,0
4752,300,23,25000,Balanced,2025-05-27,1,Investment,Croma,2267.87,Debit Card,Mobile,0,1,0,1,0,10,1,0
4753,239,31,15000,Conservative,2025-03-23,12,Entertainment,Netflix,1049.02,Credit Card,Mobile,0,0,0,0,0,7,1,0
4754,244,24,25000,Conservative,2025-12-14,23,Fashion,Swiggy,3559.84,Credit Card,Mobile,0,1,0,0,0,3,4,1
4755,463,19,25000,Aggressive,2025-05-07,18,Health,Croma,2018.52,UPI,Mobile,0,0,0,1,0,4,1,0
4756,438,19,35000,Aggressive,2025-12-24,22,Education,Paytm,3466.88,UPI,Mobile,0,1,1,0,0,8,1,0
4757,495,43,25000,Conservative,2025-03-23,3,Education,Flipkart,1884.8,UPI,Mobile,0,0,0,0,1,4,1,0
4758,254,23,25000,Conservative,2025-09-04,4,Rent,BigBasket,21353.29,Credit Card,Mobile,1,0,1,0,0,1,10,1
4759,496,24,25000,Balanced,2025-05-07,21,Travel,Myntra,10771.9,UPI,Mobile,0,0,0,0,0,1,8,0
4760,90,32,35000,Conservative,2025-04-24,12,Utilities,Uber,1588.2,Debit Card,Mobile,0,0,1,0,0,9,0,0
4761,24,32,50000,Conservative,2025-05-15,6,Education,Uber,1590.54,Credit Card,Mobile,0,0,1,0,0,4,2,1
4762,464,34,15000,Aggressive,2025-02-10,2,Investment,Flipkart,6224.98,Credit Card,Mobile,0,1,1,1,0,8,10,1
4763,379,20,50000,Balanced,2025-10-13,7,Food Delivery,BigBasket,420.39,BNPL,Desktop,0,0,0,0,0,3,5,1
4764,481,37,35000,Conservative,2025-06-26,11,Entertainment,BigBasket,794.99,Credit Card,Tablet,0,0,0,0,0,5,0,0
4765,34,44,35000,Conservative,2025-11-18,22,Food Delivery,Uber,432.09,UPI,Desktop,0,1,0,1,1,3,2,1
4766,436,34,15000,Aggressive,2025-01-31,1,Travel,Uber,7988.72,Credit Card,Mobile,0,1,1,1,0,5,10,1
4767,453,19,25000,Balanced,2025-12-19,1,Entertainment,Zomato,829.99,Credit Card,Mobile,0,1,0,0,0,5,2,1
4768,415,23,100000,Aggressive,2025-12-30,10,Health,Flipkart,999.23,UPI,Mobile,0,0,0,0,0,1,0,0
4769,375,44,35000,Conservative,2025-04-25,18,Electronics,Swiggy,18972.46,UPI,Desktop,0,0,1,0,0,10,10,1
4770,13,38,35000,Conservative,2025-11-12,19,Entertainment,Zomato,1008.9,Credit Card,Mobile,0,0,0,0,0,7,0,0
4771,475,31,25000,Conservative,2025-09-17,21,Entertainment,Flipkart,777.17,UPI,Desktop,0,0,0,1,0,10,0,0
4772,151,41,75000,Balanced,2025-03-14,1,Electronics,Amazon,18335.96,UPI,Mobile,0,1,0,0,1,5,6,1
4773,414,22,50000,Conservative,2025-04-11,11,Food Delivery,Myntra,580.04,BNPL,Mobile,0,0,0,0,0,1,5,1
4774,126,29,35000,Conservative,2025-04-17,15,Health,BigBasket,2353.35,UPI,Mobile,0,0,1,0,0,4,1,0
4775,312,25,35000,Conservative,2025-05-27,10,Entertainment,Croma,481.13,Credit Card,Mobile,0,0,0,0,0,6,0,0
4776,223,32,15000,Conservative,2025-08-25,8,Entertainment,PhonePe,1114.46,Cash,Mobile,0,0,0,0,0,10,1,0
4777,66,44,25000,Balanced,2025-11-07,8,Travel,BigBasket,6057.48,Debit Card,Mobile,0,0,0,0,1,6,4,0
4778,416,41,35000,Balanced,2025-10-10,0,Travel,Myntra,10310.42,UPI,Mobile,0,1,1,0,0,5,7,1
4779,26,18,15000,Balanced,2025-09-01,0,Fashion,Groww,2460.82,UPI,Mobile,1,1,1,1,0,2,5,1
4780,301,43,75000,Conservative,2025-02-23,20,Education,Swiggy,2844.59,Credit Card,Mobile,0,0,0,0,0,2,0,0
4781,181,28,75000,Conservative,2025-12-27,8,Groceries,Croma,2254.77,BNPL,Mobile,0,0,0,0,0,10,3,0
4782,353,40,50000,Balanced,2025-01-31,4,Investment,Uber,4278.31,UPI,Mobile,0,0,0,1,0,9,1,0
4783,355,19,35000,Conservative,2025-12-03,14,Utilities,Amazon,2175.2,Credit Card,Mobile,1,0,0,0,0,10,1,0
4784,217,42,35000,Balanced,2025-07-03,23,Fashion,Uber,2698.54,UPI,Mobile,1,1,0,1,0,6,1,0
4785,196,35,35000,Conservative,2025-08-04,21,Groceries,Uber,1191.48,UPI,Mobile,1,0,0,1,0,7,0,0
4786,278,20,25000,Aggressive,2025-11-13,6,Food Delivery,Groww,448.69,UPI,Mobile,0,0,0,1,0,9,0,0
4787,359,38,50000,Balanced,2025-01-10,23,Entertainment,Myntra,439.48,Credit Card,Mobile,0,1,0,1,0,7,2,1
4788,218,40,35000,Balanced,2025-04-26,9,Investment,Netflix,5369.91,BNPL,Mobile,0,0,1,1,0,7,8,1
4789,158,37,35000,Balanced,2025-04-28,12,Health,Flipkart,1447.33,UPI,Mobile,0,0,0,0,1,8,0,0
4790,462,36,25000,Conservative,2025-07-11,5,Fashion,Uber,3301.89,UPI,Mobile,0,0,1,0,0,2,4,1
4791,45,29,25000,Aggressive,2025-11-22,12,Electronics,Groww,13119.48,BNPL,Mobile,0,0,1,1,0,9,10,1
4792,475,31,25000,Conservative,2025-07-12,9,Fashion,Paytm,2873.58,Credit Card,Desktop,0,0,0,0,1,4,4,1
4793,23,25,50000,Balanced,2025-04-10,18,Electronics,Paytm,14668.11,UPI,Mobile,0,0,0,0,0,4,7,1
4794,1,24,50000,Conservative,2025-05-08,10,Food Delivery,Swiggy,375.31,UPI,Mobile,0,0,1,0,1,3,2,1
4795,262,43,25000,Balanced,2025-10-02,14,Rent,Flipkart,17540.49,Credit Card,Mobile,1,0,0,1,1,10,10,1
4796,325,30,25000,Balanced,2025-08-13,21,Travel,Myntra,11737.35,UPI,Tablet,0,0,0,0,0,1,9,0
4797,72,43,100000,Balanced,2025-02-01,18,Entertainment,Swiggy,1318.62,UPI,Mobile,1,0,0,0,0,3,0,0
4798,247,20,35000,Balanced,2025-11-06,21,Education,Paytm,2427.15,Credit Card,Mobile,0,0,0,0,0,1,1,0
4799,476,25,50000,Aggressive,2025-12-19,18,Utilities,Uber,1045.13,UPI,Desktop,0,0,1,0,0,9,0,0
4800,8,29,15000,Balanced,2025-08-28,10,Education,Zomato,2774.94,UPI,Mobile,0,0,0,0,0,8,3,0
4801,103,28,50000,Balanced,2025-01-19,20,Electronics,PhonePe,5661.96,Debit Card,Tablet,0,0,0,1,1,8,2,0
4802,465,32,50000,Balanced,2025-05-26,14,Education,Flipkart,2912.69,Debit Card,Mobile,0,0,0,0,0,2,1,0
4803,129,37,25000,Conservative,2025-04-09,21,Rent,Netflix,475.11,UPI,Mobile,0,0,0,0,1,4,0,0
4804,107,18,15000,Conservative,2025-02-28,13,Education,Uber,4049.0,UPI,Mobile,0,0,0,0,0,1,5,0
4805,48,42,35000,Conservative,2025-05-01,22,Food Delivery,Groww,264.91,Cash,Tablet,1,1,0,0,0,8,0,0
4806,165,26,50000,Balanced,2025-09-26,11,Rent,Flipkart,8442.52,UPI,Mobile,0,0,0,0,0,7,3,0
4807,417,42,50000,Conservative,2025-09-03,18,EMI,Amazon,7868.57,UPI,Mobile,1,0,1,0,1,1,5,1
4808,182,36,100000,Balanced,2025-08-10,10,Utilities,Paytm,2251.64,Cash,Mobile,0,0,1,0,0,10,0,0
4809,444,28,100000,Balanced,2025-01-28,23,Electronics,Myntra,17028.79,UPI,Mobile,0,1,0,1,1,3,5,1
4810,17,25,15000,Aggressive,2025-10-05,20,Health,Myntra,1490.13,Cash,Mobile,1,0,1,0,0,5,1,0
4811,10,32,35000,Balanced,2025-06-01,5,EMI,Amazon,1908.75,UPI,Tablet,1,0,0,0,1,2,1,0
4812,397,19,75000,Balanced,2025-03-08,21,Food Delivery,Flipkart,484.33,Credit Card,Mobile,0,0,0,0,0,4,2,1
4813,79,25,35000,Conservative,2025-03-09,18,Rent,Myntra,9322.47,UPI,Mobile,0,0,1,1,1,1,7,1
4814,175,43,50000,Balanced,2025-01-01,2,Food Delivery,Flipkart,352.0,UPI,Mobile,1,1,0,1,1,2,2,1
4815,479,20,25000,Balanced,2025-08-12,18,Entertainment,BigBasket,1121.36,UPI,Mobile,0,0,1,1,0,5,0,0
4816,99,43,75000,Conservative,2025-10-17,7,Investment,Groww,7912.38,Credit Card,Mobile,0,0,0,0,1,9,2,0
4817,258,41,15000,Conservative,2025-11-17,15,Travel,Myntra,5393.47,Cash,Mobile,0,0,1,0,1,5,7,0
4818,320,41,25000,Balanced,2025-05-13,23,Utilities,BigBasket,1858.49,Credit Card,Desktop,0,1,0,0,1,1,3,1
4819,76,33,50000,Aggressive,2025-05-31,15,Food Delivery,Swiggy,375.01,Debit Card,Mobile,0,0,0,0,0,5,0,0
4820,86,29,35000,Balanced,2025-04-24,7,EMI,Croma,11010.62,Credit Card,Mobile,0,0,0,0,0,3,8,1
4821,455,21,15000,Conservative,2025-11-22,3,Health,Swiggy,2095.7,Credit Card,Mobile,0,0,1,0,1,4,4,1
4822,274,35,15000,Balanced,2025-06-19,23,Fashion,Uber,1259.57,Credit Card,Mobile,0,1,1,0,0,3,3,1
4823,229,38,35000,Balanced,2025-01-01,6,Rent,Croma,8794.7,UPI,Mobile,1,0,0,0,0,1,5,0
4824,376,43,35000,Conservative,2025-03-31,2,Utilities,Zomato,1739.47,Cash,Mobile,0,1,0,1,0,9,0,0
4825,327,34,15000,Balanced,2025-02-13,6,Travel,Zomato,5957.32,Debit Card,Desktop,0,0,0,0,0,5,7,0
4826,496,24,25000,Balanced,2025-08-17,17,Travel,Groww,9368.0,UPI,Mobile,0,0,0,0,0,6,7,0
4827,472,23,25000,Conservative,2025-10-04,16,EMI,Amazon,4307.84,UPI,Tablet,1,0,0,0,0,3,3,0
4828,477,37,15000,Balanced,2025-11-01,15,EMI,Groww,5721.88,UPI,Desktop,1,0,0,0,1,1,7,0
4829,280,42,75000,Conservative,2025-06-24,7,Education,Paytm,805.36,Credit Card,Mobile,0,0,0,1,0,4,0,0
4830,34,44,35000,Conservative,2025-08-04,0,Fashion,Zomato,2988.77,UPI,Desktop,1,1,1,0,1,10,3,1
4831,412,32,35000,Conservative,2025-11-14,21,Education,Flipkart,2453.94,UPI,Mobile,0,0,0,0,0,4,1,0
4832,418,25,75000,Balanced,2025-08-13,13,Travel,Zomato,7980.01,Debit Card,Mobile,0,0,0,1,0,3,2,0
4833,454,22,15000,Aggressive,2025-03-16,19,Electronics,Myntra,12168.2,Credit Card,Mobile,0,0,1,1,0,2,10,1
4834,492,27,50000,Aggressive,2025-08-13,17,Groceries,Amazon,2166.81,Credit Card,Mobile,0,0,0,1,0,5,0,0
4835,62,23,25000,Balanced,2025-09-14,8,Utilities,BigBasket,1871.86,UPI,Mobile,0,0,1,0,0,3,1,0
4836,113,28,15000,Balanced,2025-02-19,23,Investment,BigBasket,8848.38,UPI,Mobile,0,1,0,0,0,4,10,1
4837,94,26,100000,Conservative,2025-03-04,17,Travel,Myntra,6490.18,UPI,Mobile,1,0,1,1,0,3,1,0
4838,41,30,35000,Conservative,2025-12-24,14,Utilities,Amazon,1892.3,UPI,Mobile,0,0,0,0,1,3,1,0
4839,377,25,50000,Balanced,2025-06-20,10,Rent,BigBasket,12729.83,Credit Card,Mobile,0,0,0,0,1,10,5,0
4840,136,33,35000,Conservative,2025-02-27,18,Food Delivery,Myntra,384.29,Debit Card,Mobile,0,0,1,0,1,3,2,1
4841,363,23,50000,Conservative,2025-02-13,5,Entertainment,Paytm,606.94,Credit Card,Mobile,0,0,0,0,0,4,2,1
4842,465,32,50000,Balanced,2025-02-21,7,Fashion,Uber,2494.63,BNPL,Desktop,0,0,0,0,0,5,3,0
4843,13,38,35000,Conservative,2025-11-12,2,Health,Paytm,1448.84,Credit Card,Mobile,0,1,0,0,0,9,0,0
4844,140,18,100000,Aggressive,2025-10-03,1,Entertainment,Flipkart,1050.53,UPI,Mobile,1,1,0,0,0,1,2,1
4845,11,36,25000,Aggressive,2025-03-29,13,Travel,Paytm,6865.0,BNPL,Mobile,0,0,1,1,0,9,10,1
4846,158,37,35000,Balanced,2025-04-06,16,Fashion,Amazon,1746.05,BNPL,Mobile,0,0,0,0,1,5,3,0
4847,457,39,25000,Balanced,2025-05-19,11,Entertainment,BigBasket,1315.25,UPI,Mobile,0,0,0,0,0,8,1,0
4848,236,37,25000,Conservative,2025-03-17,11,Health,PhonePe,2324.96,Credit Card,Desktop,0,0,0,0,0,7,1,0
4849,380,29,100000,Conservative,2025-11-22,9,EMI,Zomato,7023.91,BNPL,Mobile,0,0,0,0,0,6,4,0
4850,63,23,25000,Aggressive,2025-09-30,9,Travel,BigBasket,5191.98,Credit Card,Desktop,0,0,0,0,1,1,6,1
4851,404,20,15000,Conservative,2025-02-21,16,Entertainment,Zomato,620.7,UPI,Mobile,0,0,0,0,0,8,0,0
4852,120,22,25000,Conservative,2025-09-08,5,Utilities,Swiggy,1518.08,UPI,Mobile,0,0,1,1,1,9,1,0
4853,390,43,35000,Aggressive,2025-03-13,14,Groceries,Swiggy,1683.15,Credit Card,Desktop,0,0,0,0,0,5,0,0
4854,422,22,15000,Aggressive,2025-10-22,18,Food Delivery,Groww,412.74,Debit Card,Mobile,0,0,0,0,1,5,0,0
4855,314,38,35000,Conservative,2025-10-12,22,Education,Groww,2504.26,UPI,Desktop,0,1,0,1,0,2,1,0
4856,163,43,35000,Aggressive,2025-11-28,2,Rent,PhonePe,15945.16,Debit Card,Mobile,0,1,1,0,1,8,10,1
4857,260,34,35000,Balanced,2025-04-12,20,Food Delivery,Paytm,344.64,Credit Card,Mobile,0,0,1,1,0,3,2,1
4858,279,44,35000,Aggressive,2025-05-09,13,Investment,Flipkart,3079.64,Cash,Mobile,0,0,0,0,0,6,1,0
4859,295,41,35000,Balanced,2025-05-09,0,Entertainment,Paytm,688.64,UPI,Desktop,0,1,0,0,0,4,2,1
4860,432,22,50000,Conservative,2025-09-04,11,Food Delivery,Swiggy,362.04,UPI,Mobile,1,0,1,1,0,7,0,0
4861,161,40,50000,Conservative,2025-04-07,14,Investment,Swiggy,6720.76,UPI,Mobile,0,0,1,0,0,7,2,0
4862,16,32,50000,Balanced,2025-05-23,21,Electronics,Groww,1201.68,UPI,Mobile,0,0,1,1,1,7,2,1
4863,114,38,25000,Aggressive,2025-07-31,3,Food Delivery,PhonePe,280.79,UPI,Desktop,0,0,0,0,0,1,0,0
4864,74,29,35000,Aggressive,2025-12-25,22,Health,BigBasket,3489.63,BNPL,Desktop,0,1,0,1,0,4,6,1
4865,190,22,100000,Aggressive,2025-04-09,4,Investment,PhonePe,4779.28,BNPL,Mobile,0,0,1,1,0,10,3,0
4866,307,26,35000,Balanced,2025-09-03,16,Education,PhonePe,3493.3,UPI,Mobile,1,0,1,0,0,5,1,0
4867,63,23,25000,Aggressive,2025-06-26,15,Investment,Amazon,4047.48,UPI,Mobile,0,0,1,0,0,4,5,1
4868,478,29,15000,Aggressive,2025-08-25,5,Entertainment,Paytm,890.2,Credit Card,Mobile,0,0,0,0,0,5,1,0
4869,339,25,15000,Conservative,2025-09-01,1,Investment,Paytm,8327.81,UPI,Mobile,1,1,0,0,0,6,10,0
4870,331,21,25000,Aggressive,2025-08-12,12,Education,Uber,4808.35,UPI,Desktop,0,0,0,0,0,4,3,0
4871,459,32,100000,Balanced,2025-05-26,10,Utilities,Zomato,4132.72,Credit Card,Mobile,0,0,0,1,1,6,0,0
4872,455,21,15000,Conservative,2025-04-27,18,Education,Zomato,2577.68,Credit Card,Desktop,0,0,0,0,0,10,3,0
4873,271,22,15000,Conservative,2025-02-26,23,Electronics,Amazon,5496.3,BNPL,Mobile,0,1,0,1,0,5,10,1
4874,148,42,35000,Balanced,2025-03-10,1,Fashion,Amazon,2117.95,Credit Card,Mobile,0,1,1,0,0,9,3,1
4875,167,27,25000,Aggressive,2025-03-09,20,Investment,Flipkart,100.0,Credit Card,Mobile,0,0,0,0,0,10,0,0
4876,67,36,25000,Conservative,2025-07-01,20,EMI,Croma,6989.96,BNPL,Mobile,1,0,0,1,0,1,10,1
4877,452,36,50000,Balanced,2025-06-10,9,Entertainment,Flipkart,531.84,UPI,Mobile,0,0,1,1,0,1,2,1
4878,26,18,15000,Balanced,2025-06-03,3,Fashion,Swiggy,2936.88,Credit Card,Mobile,1,0,0,1,1,3,5,1
4879,286,23,75000,Balanced,2025-01-14,11,Entertainment,Groww,970.29,UPI,Mobile,0,0,0,1,1,10,0,0
4880,431,27,50000,Balanced,2025-11-20,5,Electronics,PhonePe,18236.97,UPI,Mobile,0,0,0,0,0,9,7,0
4881,314,38,35000,Conservative,2025-08-11,18,Groceries,BigBasket,1253.21,UPI,Mobile,0,0,0,0,0,7,0,0
4882,391,31,15000,Balanced,2025-12-24,6,Groceries,Amazon,1316.06,Credit Card,Mobile,0,0,1,1,0,5,1,0
4883,463,19,25000,Aggressive,2025-04-21,16,Rent,Groww,9308.79,Credit Card,Desktop,0,0,1,0,0,9,9,1
4884,388,26,75000,Conservative,2025-10-19,18,EMI,Zomato,7689.11,UPI,Mobile,0,0,0,0,0,8,2,0
4885,493,18,35000,Conservative,2025-05-26,3,Education,Flipkart,2844.48,UPI,Mobile,0,0,1,0,0,10,1,0
4886,210,29,50000,Aggressive,2025-02-25,8,EMI,Groww,6984.72,UPI,Mobile,0,0,0,0,1,5,2,0
4887,44,42,15000,Balanced,2025-02-15,10,Travel,PhonePe,11685.98,UPI,Mobile,0,0,1,0,0,2,10,1
4888,176,26,50000,Balanced,2025-09-28,15,Travel,Paytm,7768.35,BNPL,Mobile,0,0,1,1,0,5,8,1
4889,303,18,15000,Aggressive,2025-08-26,20,Fashion,Myntra,4301.69,UPI,Desktop,0,0,0,0,1,8,5,0
4890,76,33,50000,Aggressive,2025-07-26,19,Entertainment,Netflix,866.23,UPI,Mobile,0,0,1,0,0,8,0,0
4891,421,34,100000,Aggressive,2025-02-28,14,Health,Uber,2033.35,Cash,Mobile,0,0,0,0,0,7,0,0
4892,208,25,15000,Balanced,2025-12-06,14,Investment,Groww,6428.99,Credit Card,Mobile,0,0,0,0,0,1,10,1
4893,337,25,15000,Balanced,2025-07-19,9,Groceries,BigBasket,403.78,UPI,Mobile,0,0,0,1,0,2,0,0
4894,131,18,35000,Balanced,2025-12-13,2,Travel,Paytm,8960.68,UPI,Mobile,0,1,0,0,0,7,5,0
4895,383,42,35000,Conservative,2025-10-27,22,Utilities,Paytm,3027.0,UPI,Mobile,0,1,0,0,1,3,1,0
4896,148,42,35000,Balanced,2025-01-06,3,EMI,Swiggy,10440.36,Credit Card,Mobile,0,0,0,0,0,3,7,1
4897,183,26,25000,Conservative,2025-12-26,23,Groceries,Myntra,1282.75,UPI,Mobile,0,1,0,1,0,7,1,0
4898,198,32,25000,Balanced,2025-11-09,2,Entertainment,Swiggy,703.56,BNPL,Mobile,0,1,1,0,0,7,5,1
4899,251,43,35000,Conservative,2025-03-25,14,Entertainment,Uber,1238.18,Credit Card,Mobile,0,0,1,1,0,7,2,1
4900,45,29,25000,Aggressive,2025-01-09,4,Travel,Swiggy,3211.85,UPI,Mobile,0,0,0,0,0,3,2,0
4901,13,38,35000,Conservative,2025-06-15,20,Electronics,PhonePe,16099.83,Credit Card,Desktop,0,0,0,0,1,6,10,1
4902,333,36,35000,Balanced,2025-05-20,3,Electronics,Uber,16687.84,UPI,Mobile,0,0,0,0,0,9,9,0
4903,172,36,50000,Balanced,2025-06-24,0,Electronics,Paytm,13981.48,Debit Card,Desktop,0,1,1,1,1,6,7,1
4904,60,23,25000,Balanced,2025-01-11,10,Travel,Zomato,9522.21,Cash,Mobile,0,0,1,0,0,9,7,0
4905,31,26,35000,Conservative,2025-04-04,1,Electronics,BigBasket,6029.51,UPI,Mobile,1,1,0,1,1,9,5,1
4906,463,19,25000,Aggressive,2025-08-16,17,Health,Zomato,2938.12,BNPL,Mobile,0,0,0,1,0,10,5,0
4907,81,31,35000,Balanced,2025-05-11,16,Fashion,Swiggy,3762.06,UPI,Mobile,0,0,0,0,0,2,2,0
4908,202,34,35000,Balanced,2025-03-03,7,Health,Amazon,1833.35,Credit Card,Mobile,1,0,1,0,1,2,3,1
4909,42,30,15000,Conservative,2025-01-27,21,Rent,Swiggy,8579.33,Credit Card,Desktop,0,0,0,0,0,2,10,1
4910,497,32,25000,Conservative,2025-03-27,23,Groceries,Netflix,945.67,UPI,Tablet,0,1,1,0,0,4,2,1
4911,84,37,25000,Balanced,2025-05-17,18,Travel,Croma,5587.43,Cash,Mobile,0,0,0,0,0,4,4,0
4912,279,44,35000,Aggressive,2025-02-02,4,Travel,Swiggy,10628.11,Debit Card,Mobile,1,0,1,0,0,10,6,0
4913,90,32,35000,Conservative,2025-11-30,11,Education,Myntra,4060.0,Credit Card,Mobile,0,0,1,1,1,7,4,1
4914,387,42,35000,Balanced,2025-12-04,2,Health,Croma,1720.47,BNPL,Desktop,1,1,0,0,1,5,3,0
4915,391,31,15000,Balanced,2025-12-20,19,Travel,Groww,6048.54,UPI,Mobile,0,0,0,0,0,6,8,0
4916,302,30,15000,Conservative,2025-08-19,0,Utilities,Flipkart,2448.38,UPI,Mobile,0,1,0,0,0,4,5,1
4917,112,37,15000,Conservative,2025-12-26,6,Entertainment,Groww,370.93,BNPL,Tablet,0,0,1,0,1,10,5,1
4918,232,43,50000,Balanced,2025-10-22,19,Groceries,Uber,100.0,UPI,Mobile,0,0,1,0,0,4,0,0
4919,399,32,50000,Balanced,2025-07-29,12,Rent,Zomato,17675.29,Debit Card,Mobile,0,0,0,1,0,4,7,0
4920,310,31,25000,Aggressive,2025-01-24,11,Travel,Croma,7591.49,UPI,Mobile,0,0,1,1,0,3,8,1
4921,429,26,25000,Conservative,2025-05-23,21,Travel,Myntra,10696.49,UPI,Mobile,0,0,0,1,0,8,8,0
4922,390,43,35000,Aggressive,2025-05-29,0,Food Delivery,Uber,100.0,UPI,Mobile,0,1,0,0,1,7,0,0
4923,358,40,50000,Aggressive,2025-03-14,9,Education,Swiggy,2921.81,UPI,Mobile,0,0,0,0,0,4,1,0
4924,205,38,35000,Conservative,2025-10-26,1,Entertainment,Swiggy,1197.67,UPI,Desktop,0,1,0,0,0,5,0,0
4925,397,19,75000,Balanced,2025-08-22,7,Rent,Paytm,17713.97,UPI,Desktop,0,0,0,1,0,9,4,0
4926,19,23,25000,Balanced,2025-02-11,10,Education,Zomato,3484.14,UPI,Mobile,0,0,0,0,0,7,2,0
4927,177,42,25000,Conservative,2025-08-11,19,Electronics,PhonePe,16717.26,UPI,Desktop,0,0,0,0,0,3,10,1
4928,276,18,50000,Balanced,2025-06-22,14,Groceries,Netflix,600.81,UPI,Mobile,0,0,0,0,0,3,0,0
4929,39,24,35000,Balanced,2025-10-04,1,Food Delivery,Myntra,145.47,UPI,Mobile,1,1,0,1,1,7,2,1
4930,14,42,100000,Aggressive,2025-06-25,10,Entertainment,BigBasket,692.29,BNPL,Mobile,0,0,0,0,0,4,5,1
4931,89,44,50000,Balanced,2025-02-17,0,Investment,BigBasket,3834.27,UPI,Mobile,0,1,0,1,0,1,1,0
4932,494,30,15000,Aggressive,2025-06-19,5,Food Delivery,Paytm,500.5,UPI,Desktop,0,0,0,1,0,7,0,0
4933,388,26,75000,Conservative,2025-09-07,2,Food Delivery,PhonePe,372.43,BNPL,Mobile,0,1,0,1,0,6,5,1
4934,166,23,15000,Balanced,2025-09-13,14,Electronics,Uber,4232.58,UPI,Mobile,0,0,0,0,0,5,5,0
4935,266,23,35000,Conservative,2025-09-12,2,Fashion,Swiggy,3380.0,UPI,Mobile,0,1,0,0,0,9,1,0
4936,340,31,35000,Aggressive,2025-09-22,5,Electronics,Zomato,16631.87,UPI,Mobile,0,0,0,1,0,7,9,0
4937,46,28,25000,Conservative,2025-09-30,4,Health,Amazon,1386.61,UPI,Mobile,0,0,0,0,1,8,1,0
4938,399,32,50000,Balanced,2025-04-26,16,Food Delivery,Myntra,528.53,Debit Card,Mobile,0,0,1,0,0,8,0,0
4939,306,27,50000,Conservative,2025-05-02,0,Food Delivery,Netflix,421.86,UPI,Desktop,1,1,0,0,0,9,0,0
4940,21,21,35000,Aggressive,2025-08-04,11,Travel,Myntra,7817.04,Credit Card,Mobile,1,0,0,0,1,6,4,0
4941,468,34,100000,Conservative,2025-07-22,1,Investment,Paytm,6509.48,Cash,Tablet,0,1,0,0,0,7,1,0
4942,351,43,50000,Conservative,2025-08-03,8,Rent,Swiggy,4055.99,Credit Card,Mobile,1,0,0,0,1,8,1,0
4943,196,35,35000,Conservative,2025-08-29,20,Travel,Croma,10157.67,UPI,Mobile,0,0,0,1,1,7,5,0
4944,261,42,50000,Balanced,2025-06-04,19,Education,Myntra,3535.48,UPI,Mobile,1,0,0,0,0,8,1,0
4945,50,25,35000,Balanced,2025-04-01,18,Education,Croma,1455.53,UPI,Mobile,1,0,0,0,1,10,0,0
4946,112,37,15000,Conservative,2025-02-20,23,EMI,Myntra,1176.05,UPI,Desktop,0,1,0,0,1,3,1,0
4947,450,25,25000,Balanced,2025-11-20,16,Fashion,Netflix,2207.54,UPI,Mobile,0,0,1,0,1,8,1,0
4948,99,43,75000,Conservative,2025-08-05,14,Groceries,Groww,1127.82,UPI,Desktop,1,0,0,1,0,9,0,0
4949,264,37,35000,Conservative,2025-08-20,13,Investment,PhonePe,11801.23,UPI,Mobile,0,0,0,1,0,5,6,0
4950,459,32,100000,Balanced,2025-09-15,12,Utilities,Amazon,2042.87,Credit Card,Mobile,0,0,1,1,0,7,0,0
4951,287,25,50000,Conservative,2025-09-22,17,Fashion,PhonePe,2913.4,Debit Card,Mobile,0,0,1,0,0,7,1,0
4952,271,22,15000,Conservative,2025-05-24,7,Investment,PhonePe,5359.4,Debit Card,Mobile,0,0,1,0,1,8,7,0
4953,413,41,15000,Aggressive,2025-11-27,4,Groceries,Paytm,870.91,UPI,Mobile,0,0,1,0,0,2,1,0
4954,319,42,35000,Balanced,2025-06-25,2,Utilities,Uber,1792.9,UPI,Mobile,0,1,0,0,1,7,1,0
4955,373,43,15000,Conservative,2025-05-29,1,Electronics,Uber,9439.46,UPI,Mobile,0,1,0,0,1,9,10,1
4956,422,22,15000,Aggressive,2025-03-02,3,Investment,Netflix,5521.36,Credit Card,Mobile,1,0,0,0,0,6,7,0
4957,162,38,35000,Conservative,2025-10-23,9,Food Delivery,Groww,321.26,UPI,Mobile,0,0,0,0,1,5,0,0
4958,142,31,15000,Conservative,2025-04-08,16,Education,Paytm,3075.65,Debit Card,Mobile,0,0,0,0,0,5,4,0
4959,308,25,50000,Aggressive,2025-05-23,18,Food Delivery,Myntra,243.79,UPI,Mobile,0,0,0,1,1,9,0,0
4960,280,42,75000,Conservative,2025-10-07,10,EMI,Flipkart,5274.09,UPI,Mobile,0,0,1,0,0,5,1,0
4961,480,31,35000,Balanced,2025-04-16,15,Investment,Groww,3364.22,UPI,Mobile,0,0,1,1,0,3,1,0
4962,341,33,25000,Balanced,2025-02-14,8,Travel,Amazon,12399.32,UPI,Mobile,0,0,1,0,0,5,9,0
4963,166,23,15000,Balanced,2025-11-08,9,Travel,Myntra,4668.65,Credit Card,Mobile,0,0,1,1,1,10,8,1
4964,202,34,35000,Balanced,2025-02-13,13,Rent,BigBasket,9439.33,Credit Card,Mobile,0,0,1,0,0,8,7,1
4965,128,22,15000,Conservative,2025-12-02,8,Health,BigBasket,2015.12,UPI,Mobile,1,0,0,0,1,6,2,0
4966,315,37,35000,Aggressive,2025-01-05,4,Travel,BigBasket,3529.74,UPI,Mobile,1,0,0,1,0,7,2,0
4967,391,31,15000,Balanced,2025-11-25,0,Entertainment,PhonePe,755.17,Credit Card,Tablet,0,1,1,0,1,10,3,1
4968,298,21,50000,Balanced,2025-04-06,19,Rent,Zomato,17875.64,Debit Card,Mobile,0,0,1,1,0,6,7,0
4969,199,42,100000,Aggressive,2025-11-18,5,Fashion,Zomato,1369.67,UPI,Mobile,0,0,1,0,0,1,2,1
4970,377,25,50000,Balanced,2025-10-01,7,Health,Paytm,1332.35,UPI,Mobile,1,0,0,0,0,8,0,0
4971,282,36,35000,Balanced,2025-11-11,9,Health,Paytm,945.59,UPI,Mobile,0,0,1,1,1,8,0,0
4972,40,21,75000,Conservative,2025-11-05,11,Fashion,Zomato,2893.87,BNPL,Mobile,1,0,0,1,0,4,5,1
4973,394,37,50000,Conservative,2025-02-01,15,Investment,Netflix,3918.23,Credit Card,Mobile,1,0,0,1,1,1,3,1
4974,147,41,50000,Aggressive,2025-09-14,15,Utilities,Zomato,1369.51,UPI,Mobile,0,0,1,0,0,9,0,0
4975,96,18,15000,Conservative,2025-11-19,5,Travel,PhonePe,100.0,UPI,Desktop,0,0,0,0,0,3,0,0
4976,343,35,15000,Conservative,2025-07-29,8,Food Delivery,Groww,227.59,Credit Card,Mobile,0,0,0,0,0,2,2,1
4977,211,44,35000,Conservative,2025-03-17,8,Entertainment,Zomato,1308.27,Cash,Mobile,0,0,0,1,1,2,2,1
4978,79,25,35000,Conservative,2025-07-20,21,Electronics,BigBasket,100.0,Credit Card,Tablet,0,0,0,0,0,8,0,0
4979,251,43,35000,Conservative,2025-06-04,8,Travel,Netflix,5818.19,Credit Card,Tablet,1,0,1,1,0,10,5,1
4980,394,37,50000,Conservative,2025-09-05,23,Rent,PhonePe,18663.23,Credit Card,Desktop,1,1,0,0,0,6,9,1
4981,141,29,25000,Conservative,2025-07-20,7,Investment,PhonePe,7417.78,UPI,Tablet,0,0,1,0,1,10,5,0
4982,376,43,35000,Conservative,2025-01-18,5,Utilities,Paytm,2580.04,UPI,Mobile,0,0,0,1,0,10,1,0
4983,18,21,25000,Balanced,2025-09-01,23,Utilities,BigBasket,2924.18,UPI,Mobile,1,1,0,0,0,6,2,0
4984,129,37,25000,Conservative,2025-02-03,21,Health,PhonePe,2597.95,Credit Card,Mobile,1,0,0,0,0,3,2,0
4985,423,34,35000,Balanced,2025-04-01,22,EMI,Uber,9874.45,BNPL,Mobile,1,1,1,0,0,3,10,1
4986,183,26,25000,Conservative,2025-07-27,12,Food Delivery,Zomato,171.58,Debit Card,Mobile,0,0,0,1,0,7,0,0
4987,123,39,50000,Balanced,2025-03-01,1,Fashion,Swiggy,1309.77,UPI,Tablet,1,1,1,1,1,9,2,1
4988,252,44,100000,Balanced,2025-07-08,12,Electronics,Swiggy,8654.07,Debit Card,Mobile,0,0,1,0,0,10,1,0
4989,46,28,25000,Conservative,2025-10-19,12,Investment,Paytm,2800.85,Credit Card,Mobile,0,0,0,0,0,8,2,0
4990,109,19,15000,Balanced,2025-10-05,20,Rent,Netflix,9713.53,UPI,Mobile,1,0,0,0,0,2,10,0
4991,10,32,35000,Balanced,2025-12-03,15,Utilities,Myntra,2603.91,UPI,Mobile,1,0,1,0,0,3,1,0
4992,354,36,35000,Balanced,2025-04-13,23,Entertainment,BigBasket,721.05,BNPL,Mobile,0,1,0,1,1,8,5,1
4993,332,24,50000,Conservative,2025-06-16,23,Utilities,Netflix,1277.35,Credit Card,Desktop,0,1,0,1,0,9,0,0
4994,155,39,25000,Conservative,2025-04-24,22,Rent,BigBasket,18598.57,UPI,Desktop,0,1,0,1,0,7,10,0
4995,273,34,75000,Balanced,2025-06-05,10,Travel,Flipkart,7702.91,UPI,Mobile,1,0,0,0,0,9,2,0
4996,235,18,15000,Balanced,2025-07-02,20,Food Delivery,Swiggy,528.56,Debit Card,Mobile,1,0,1,1,0,5,0,0
4997,269,40,35000,Conservative,2025-02-01,2,Travel,Groww,3719.72,BNPL,Mobile,1,1,1,1,0,4,7,1
4998,420,28,25000,Conservative,2025-09-14,22,Groceries,Croma,1797.67,BNPL,Mobile,0,1,0,0,0,8,4,0
4999,9,27,15000,Aggressive,2025-01-31,0,Food Delivery,Paytm,541.19,UPI,Mobile,0,1,1,0,0,10,2,1
5000,52,32,25000,Conservative,2025-10-16,3,Entertainment,BigBasket,1233.42,Cash,Mobile,0,0,0,0,0,3,0,0
5001,303,18,15000,Aggressive,2025-05-21,20,Utilities,Flipkart,2016.05,UPI,Desktop,0,0,0,1,1,10,2,0
5002,139,36,50000,Balanced,2025-03-14,21,Groceries,Uber,1656.42,UPI,Mobile,0,0,1,1,0,7,0,0
5003,372,39,15000,Balanced,2025-01-04,8,Travel,Amazon,8204.66,UPI,Mobile,1,0,1,0,0,4,10,1
5004,491,39,35000,Balanced,2025-02-19,20,Entertainment,Flipkart,1044.04,Credit Card,Mobile,0,0,1,0,0,2,2,1
5005,387,42,35000,Balanced,2025-04-06,0,Utilities,Croma,1876.91,Debit Card,Mobile,0,1,0,0,1,8,1,0
5006,125,22,35000,Balanced,2025-10-31,11,EMI,Uber,3261.39,UPI,Mobile,0,0,1,0,0,4,1,0
5007,463,19,25000,Aggressive,2025-09-23,8,EMI,Swiggy,9731.98,Credit Card,Mobile,0,0,0,0,0,1,9,1
5008,77,39,50000,Balanced,2025-02-25,4,Travel,BigBasket,7357.77,UPI,Mobile,0,0,0,1,0,4,2,0
5009,74,29,35000,Aggressive,2025-11-26,17,Utilities,BigBasket,1633.25,Cash,Mobile,0,0,1,0,1,9,0,0
5010,395,27,35000,Balanced,2025-07-16,23,EMI,Myntra,8000.26,UPI,Desktop,0,1,0,0,0,4,6,1
5011,137,44,50000,Balanced,2025-07-03,4,Education,Croma,1531.8,Credit Card,Mobile,1,0,0,1,0,6,0,0
5012,148,42,35000,Balanced,2025-01-30,20,Utilities,Paytm,1424.33,UPI,Desktop,0,0,1,1,0,5,0,0
5013,412,32,35000,Conservative,2025-03-09,3,EMI,Myntra,6477.29,UPI,Mobile,0,0,0,0,0,5,3,0
5014,302,30,15000,Conservative,2025-06-25,1,Health,Myntra,731.65,BNPL,Mobile,0,1,0,1,1,9,5,1
5015,492,27,50000,Aggressive,2025-08-11,21,Groceries,Flipkart,817.04,Debit Card,Desktop,0,0,0,0,1,5,0,0
5016,258,41,15000,Conservative,2025-10-27,17,Electronics,PhonePe,17258.14,Cash,Mobile,0,0,0,1,1,4,10,1
5017,386,33,50000,Conservative,2025-04-17,0,Electronics,Swiggy,19767.33,Debit Card,Mobile,0,1,0,0,0,1,9,1
5018,254,23,25000,Conservative,2025-03-03,11,Rent,Myntra,21268.74,UPI,Mobile,1,0,0,0,1,7,10,0
5019,127,39,15000,Conservative,2025-08-31,3,Fashion,Croma,2803.86,BNPL,Mobile,0,0,0,0,0,2,8,1
5020,53,41,50000,Conservative,2025-10-04,8,Groceries,PhonePe,851.62,Credit Card,Mobile,1,0,0,0,0,4,0,0
5021,330,34,35000,Balanced,2025-02-11,20,Travel,Flipkart,2291.43,UPI,Mobile,0,0,0,0,0,9,1,0
5022,114,38,25000,Aggressive,2025-10-20,8,Rent,Amazon,18021.49,BNPL,Mobile,0,0,0,0,0,4,10,1
5023,362,39,15000,Aggressive,2025-12-21,23,Rent,Flipkart,3267.46,UPI,Mobile,0,1,0,0,0,8,4,0
5024,370,34,50000,Balanced,2025-02-03,22,Investment,Netflix,2385.9,Credit Card,Mobile,1,1,1,1,0,10,2,1
5025,135,22,50000,Balanced,2025-01-14,23,Utilities,Croma,1928.51,Cash,Mobile,0,1,0,0,0,5,0,0
5026,465,32,50000,Balanced,2025-03-29,16,Entertainment,Uber,707.55,Credit Card,Mobile,0,0,1,0,0,9,2,1
5027,143,20,25000,Balanced,2025-09-01,18,Utilities,Croma,1306.73,Debit Card,Desktop,1,0,0,0,0,1,1,0
5028,165,26,50000,Balanced,2025-09-18,21,Travel,Uber,9862.2,Credit Card,Mobile,0,0,0,1,0,3,5,1
5029,407,42,50000,Balanced,2025-05-30,19,Health,Netflix,2537.52,UPI,Mobile,0,0,0,0,0,1,1,0
5030,157,29,25000,Aggressive,2025-06-13,4,Rent,Uber,12019.95,Credit Card,Mobile,0,0,1,0,0,2,10,1
5031,114,38,25000,Aggressive,2025-09-10,16,EMI,Groww,9194.57,UPI,Mobile,0,0,1,0,0,8,7,0
5032,321,28,35000,Conservative,2025-03-24,17,Rent,Swiggy,5792.95,UPI,Mobile,0,0,0,0,0,6,3,0
5033,210,29,50000,Aggressive,2025-05-13,5,Food Delivery,Netflix,490.12,UPI,Mobile,0,0,0,0,0,3,0,0
5034,157,29,25000,Aggressive,2025-12-13,12,Food Delivery,BigBasket,525.83,Debit Card,Desktop,0,0,1,0,0,4,2,1
5035,45,29,25000,Aggressive,2025-06-28,2,Entertainment,Groww,386.11,UPI,Mobile,0,1,0,0,1,3,2,1
5036,476,25,50000,Aggressive,2025-01-07,22,Food Delivery,Flipkart,247.7,UPI,Mobile,0,1,0,0,0,9,0,0
5037,105,42,35000,Conservative,2025-08-06,18,Health,Groww,675.32,UPI,Mobile,0,0,1,0,1,4,0,0
5038,450,25,25000,Balanced,2025-03-08,16,Electronics,Flipkart,16187.75,Credit Card,Mobile,0,0,0,0,0,4,10,1
5039,492,27,50000,Aggressive,2025-08-19,11,Electronics,Zomato,10109.42,UPI,Mobile,0,0,0,1,0,10,4,0
5040,255,28,15000,Aggressive,2025-01-07,7,Entertainment,Uber,484.64,Credit Card,Mobile,0,0,1,0,0,6,2,1
5041,344,40,50000,Conservative,2025-03-10,0,Education,Groww,2695.29,Credit Card,Desktop,0,1,1,1,0,4,3,1
5042,214,23,35000,Aggressive,2025-08-26,17,Investment,Swiggy,3708.79,UPI,Mobile,0,0,1,1,1,5,2,0
5043,242,23,35000,Conservative,2025-07-13,23,Education,Groww,2899.25,UPI,Mobile,0,1,0,0,0,2,1,0
5044,72,43,100000,Balanced,2025-10-06,1,Electronics,Uber,8758.75,Credit Card,Mobile,0,1,0,1,0,2,3,1
5045,442,42,75000,Conservative,2025-07-27,16,Health,Myntra,2611.31,Credit Card,Mobile,0,0,0,1,1,6,0,0
5046,347,28,25000,Conservative,2025-07-08,22,Rent,Swiggy,12974.05,UPI,Mobile,0,1,0,0,0,9,10,0
5047,26,18,15000,Balanced,2025-03-21,20,Investment,Groww,2979.76,UPI,Desktop,0,0,0,1,0,2,3,0
5048,9,27,15000,Aggressive,2025-03-18,3,Utilities,Zomato,980.5,UPI,Mobile,0,0,0,0,0,10,1,0
5049,208,25,15000,Balanced,2025-03-11,15,Education,BigBasket,3027.06,UPI,Desktop,0,0,0,0,1,3,4,0
5050,450,25,25000,Balanced,2025-02-26,3,Utilities,Paytm,1741.2,UPI,Mobile,0,0,0,1,0,5,1,0
5051,383,42,35000,Conservative,2025-04-11,9,Utilities,Croma,1816.99,UPI,Desktop,0,0,0,0,1,10,1,0
5052,323,26,15000,Balanced,2025-02-17,12,EMI,Swiggy,7418.2,UPI,Mobile,0,0,0,1,0,3,9,0
5053,476,25,50000,Aggressive,2025-09-18,7,Groceries,Paytm,1855.21,Debit Card,Desktop,0,0,0,0,0,2,0,0
5054,247,20,35000,Balanced,2025-02-06,22,Groceries,Myntra,671.35,UPI,Mobile,0,1,0,0,0,6,0,0
5055,269,40,35000,Conservative,2025-05-20,1,Groceries,Flipkart,805.68,Credit Card,Mobile,0,1,0,1,0,8,0,0
5056,321,28,35000,Conservative,2025-11-15,19,EMI,Swiggy,4410.72,UPI,Mobile,0,0,0,0,0,8,2,0
5057,254,23,25000,Conservative,2025-11-18,20,Utilities,Flipkart,2271.08,Debit Card,Desktop,0,0,0,0,0,6,1,0
5058,312,25,35000,Conservative,2025-07-27,22,Entertainment,Swiggy,1116.7,Debit Card,Desktop,0,1,0,0,0,2,2,1
5059,138,20,35000,Balanced,2025-08-12,23,Education,Paytm,2881.84,UPI,Desktop,0,1,0,0,1,5,1,0
5060,158,37,35000,Balanced,2025-10-24,5,Groceries,Myntra,994.7,Credit Card,Mobile,0,0,0,0,1,9,0,0
5061,84,37,25000,Balanced,2025-02-15,0,Fashion,Uber,3480.06,Debit Card,Mobile,0,1,1,1,1,4,4,1
5062,55,24,35000,Conservative,2025-01-11,4,Electronics,Uber,9760.78,Credit Card,Mobile,0,0,0,0,0,4,7,1
5063,395,27,35000,Balanced,2025-03-20,2,Food Delivery,Paytm,269.23,UPI,Desktop,0,1,0,0,0,9,0,0
5064,298,21,50000,Balanced,2025-12-30,14,Health,Flipkart,481.18,UPI,Mobile,0,0,1,1,0,4,0,0
5065,38,27,35000,Conservative,2025-08-23,0,Groceries,Paytm,888.13,Debit Card,Mobile,0,1,1,0,0,9,0,0
5066,173,44,25000,Conservative,2025-05-05,3,Travel,Amazon,6602.25,UPI,Tablet,1,0,1,1,0,3,7,1
5067,476,25,50000,Aggressive,2025-07-29,14,Rent,Groww,17768.33,UPI,Desktop,0,0,0,1,1,5,7,0
5068,433,32,15000,Balanced,2025-03-30,20,Electronics,PhonePe,9129.85,BNPL,Mobile,0,0,0,1,1,7,10,1
5069,107,18,15000,Conservative,2025-09-01,13,Utilities,Groww,2532.04,Credit Card,Tablet,1,0,1,0,0,2,5,1
5070,480,31,35000,Balanced,2025-08-01,21,Rent,Flipkart,5656.41,UPI,Mobile,1,0,0,0,0,8,3,0
5071,468,34,100000,Conservative,2025-04-22,18,Food Delivery,PhonePe,384.09,UPI,Mobile,0,0,0,0,1,7,0,0
5072,490,42,35000,Conservative,2025-06-19,21,Rent,Groww,15368.21,UPI,Mobile,0,0,0,0,0,2,8,0
5073,281,25,35000,Balanced,2025-10-02,9,Travel,Groww,8009.7,UPI,Mobile,1,0,1,1,0,4,6,1
5074,63,23,25000,Aggressive,2025-05-26,0,Entertainment,Flipkart,807.67,UPI,Mobile,0,1,0,1,0,8,0,0
5075,134,36,35000,Aggressive,2025-05-12,13,Investment,Zomato,6679.03,UPI,Desktop,0,0,0,0,0,5,3,0
5076,395,27,35000,Balanced,2025-07-05,10,Groceries,Myntra,1640.29,Credit Card,Mobile,1,0,0,0,0,5,0,0
5077,356,39,35000,Balanced,2025-04-17,13,Rent,Flipkart,10351.32,BNPL,Mobile,0,0,0,0,0,1,10,1
5078,481,37,35000,Conservative,2025-09-15,15,EMI,Flipkart,6121.29,Debit Card,Mobile,0,0,0,0,0,1,3,0
5079,83,21,25000,Conservative,2025-06-07,1,Entertainment,Zomato,794.74,UPI,Mobile,0,1,0,0,1,4,2,1
5080,41,30,35000,Conservative,2025-04-15,10,Rent,PhonePe,9522.93,UPI,Mobile,0,0,0,1,1,9,5,0
5081,439,18,75000,Balanced,2025-07-24,15,Education,Myntra,2620.19,Credit Card,Mobile,0,0,1,0,0,10,0,0
5082,148,42,35000,Balanced,2025-03-08,20,Electronics,Uber,15565.3,Debit Card,Mobile,0,0,0,1,1,6,10,1
5083,270,25,50000,Conservative,2025-06-19,15,Rent,Myntra,5300.11,UPI,Desktop,0,0,0,0,0,7,2,0
5084,203,20,35000,Balanced,2025-06-01,4,Health,Uber,1579.52,UPI,Tablet,1,0,0,1,0,2,0,0
5085,300,23,25000,Balanced,2025-07-27,2,Investment,BigBasket,3829.42,Credit Card,Mobile,0,1,0,0,0,7,5,1
5086,127,39,15000,Conservative,2025-09-24,9,EMI,Flipkart,5206.28,BNPL,Mobile,0,0,1,0,0,10,10,1
5087,8,29,15000,Balanced,2025-09-26,13,Food Delivery,Netflix,773.85,Debit Card,Desktop,0,0,0,0,0,10,1,0
5088,489,36,15000,Conservative,2025-05-24,19,Groceries,BigBasket,527.74,UPI,Tablet,0,0,0,1,0,8,0,0
5089,161,40,50000,Conservative,2025-12-08,7,Rent,Amazon,19258.5,Debit Card,Desktop,0,0,1,1,0,1,9,1
5090,355,19,35000,Conservative,2025-10-10,19,Electronics,Amazon,15383.55,Debit Card,Mobile,0,0,0,1,1,4,10,1
5091,105,42,35000,Conservative,2025-05-16,21,EMI,PhonePe,6206.11,Credit Card,Mobile,0,0,1,1,0,1,5,1
5092,222,28,35000,Conservative,2025-08-08,13,EMI,Flipkart,5736.02,UPI,Mobile,0,0,0,0,0,2,3,0
5093,302,30,15000,Conservative,2025-04-15,16,Rent,Amazon,12353.78,UPI,Mobile,0,0,0,0,0,2,10,0
5094,213,31,50000,Conservative,2025-11-10,15,Utilities,Amazon,2969.18,Credit Card,Mobile,0,0,1,0,1,10,1,0
5095,11,36,25000,Aggressive,2025-12-22,20,Electronics,Amazon,13627.49,Credit Card,Mobile,0,0,0,1,1,4,10,1
5096,213,31,50000,Conservative,2025-08-24,0,Rent,Flipkart,13715.18,Credit Card,Mobile,0,1,0,1,0,1,7,1
5097,412,32,35000,Conservative,2025-03-07,12,Food Delivery,BigBasket,266.61,UPI,Tablet,0,0,0,0,0,2,0,0
5098,495,43,25000,Conservative,2025-10-16,17,Education,Zomato,2743.53,UPI,Mobile,0,0,1,1,0,5,2,0
5099,103,28,50000,Balanced,2025-03-03,10,Entertainment,Groww,1258.27,Debit Card,Mobile,1,0,1,1,0,6,0,0
5100,339,25,15000,Conservative,2025-12-20,15,Investment,PhonePe,3259.81,Credit Card,Mobile,0,0,1,0,1,3,6,1
5101,498,34,100000,Conservative,2025-05-15,10,Rent,Amazon,15355.97,UPI,Desktop,0,0,1,0,1,5,3,0
5102,135,22,50000,Balanced,2025-10-11,1,Investment,Croma,5212.62,BNPL,Mobile,0,1,0,0,0,10,5,0
5103,174,20,25000,Balanced,2025-12-24,8,Education,Flipkart,6375.13,Cash,Mobile,0,0,0,1,0,9,5,0
5104,472,23,25000,Conservative,2025-01-10,21,Groceries,Swiggy,646.93,UPI,Mobile,0,0,0,1,0,9,0,0
5105,87,39,25000,Aggressive,2025-10-08,9,Food Delivery,BigBasket,215.05,Credit Card,Mobile,0,0,0,1,0,6,0,0
5106,225,25,50000,Balanced,2025-04-10,2,Food Delivery,BigBasket,576.26,Credit Card,Mobile,0,1,1,1,0,7,2,1
5107,49,30,75000,Conservative,2025-08-19,20,Entertainment,Groww,626.25,Credit Card,Desktop,0,0,1,0,0,2,2,1
5108,399,32,50000,Balanced,2025-08-05,23,Education,Flipkart,2294.26,Debit Card,Mobile,1,1,1,1,0,7,0,0
5109,435,33,50000,Conservative,2025-04-21,14,Health,BigBasket,1263.11,Debit Card,Desktop,0,0,0,0,0,1,0,0
5110,361,43,50000,Conservative,2025-11-28,3,Groceries,Uber,973.8,UPI,Desktop,0,0,1,0,0,8,0,0
5111,234,33,15000,Conservative,2025-02-02,21,EMI,Uber,2411.56,UPI,Mobile,1,0,1,1,0,7,3,0
5112,30,24,50000,Aggressive,2025-03-01,0,Health,Netflix,1890.28,Credit Card,Mobile,1,1,0,0,0,1,2,1
5113,149,41,50000,Aggressive,2025-01-26,6,Groceries,Paytm,1360.58,UPI,Mobile,0,0,0,0,0,10,0,0
5114,49,30,75000,Conservative,2025-09-05,22,Fashion,Myntra,2851.13,UPI,Mobile,1,1,1,0,0,3,2,1
5115,6,23,15000,Aggressive,2025-07-25,17,Fashion,Netflix,3564.95,Credit Card,Mobile,0,0,0,1,0,5,6,1
5116,425,35,35000,Aggressive,2025-12-12,11,Health,Netflix,673.0,UPI,Mobile,0,0,0,0,1,10,0,0
5117,133,19,25000,Conservative,2025-01-18,21,Health,Netflix,1804.6,Credit Card,Mobile,0,0,0,0,0,7,1,0
5118,454,22,15000,Aggressive,2025-04-24,11,Travel,Swiggy,12727.03,Debit Card,Mobile,0,0,0,1,0,8,10,0
5119,341,33,25000,Balanced,2025-02-02,7,Education,Flipkart,1642.87,Credit Card,Mobile,1,0,0,0,0,8,1,0
5120,277,25,50000,Balanced,2025-10-05,21,Health,BigBasket,2312.55,BNPL,Mobile,1,0,0,1,1,4,5,1
5121,442,42,75000,Conservative,2025-12-26,18,Health,PhonePe,2122.01,UPI,Tablet,0,0,1,0,0,6,0,0
5122,31,26,35000,Conservative,2025-06-16,4,Health,Amazon,1847.23,Credit Card,Tablet,0,0,1,1,1,10,3,1
5123,144,43,50000,Conservative,2025-08-30,23,EMI,Flipkart,7486.15,UPI,Desktop,0,1,0,1,0,6,2,0
5124,405,34,35000,Balanced,2025-02-19,12,Education,Groww,2340.06,Credit Card,Desktop,0,0,0,1,0,1,1,0
5125,470,37,25000,Conservative,2025-06-03,16,Entertainment,Swiggy,797.32,Credit Card,Mobile,1,0,1,0,0,7,2,1
5126,210,29,50000,Aggressive,2025-01-05,0,Travel,Swiggy,9347.87,UPI,Mobile,1,1,0,1,0,9,3,0
5127,136,33,35000,Conservative,2025-07-27,18,Travel,Flipkart,13859.59,UPI,Desktop,0,0,0,1,0,9,7,0
5128,36,43,25000,Conservative,2025-10-15,22,Utilities,Uber,2562.26,UPI,Desktop,0,1,0,1,1,10,2,0
5129,206,36,25000,Conservative,2025-12-14,15,Food Delivery,Uber,506.78,BNPL,Mobile,0,0,0,0,1,6,3,0
5130,73,34,25000,Conservative,2025-03-25,18,Electronics,Zomato,9960.96,UPI,Mobile,0,0,1,0,0,8,9,1
5131,19,23,25000,Balanced,2025-07-02,9,Entertainment,Croma,489.27,Credit Card,Tablet,1,0,0,0,0,2,2,1
5132,123,39,50000,Balanced,2025-09-25,23,Health,Flipkart,1212.67,Debit Card,Mobile,0,1,1,0,0,5,0,0
5133,276,18,50000,Balanced,2025-07-06,3,Rent,PhonePe,4489.99,UPI,Tablet,0,0,0,0,0,1,1,0
5134,445,40,15000,Aggressive,2025-09-25,1,Utilities,Amazon,2184.27,UPI,Desktop,0,1,0,0,0,6,2,0
5135,344,40,50000,Conservative,2025-09-09,19,Entertainment,Flipkart,881.14,UPI,Mobile,0,0,1,0,0,9,0,0
5136,343,35,15000,Conservative,2025-11-10,11,Groceries,Zomato,822.91,BNPL,Mobile,0,0,1,1,0,7,4,0
5137,450,25,25000,Balanced,2025-03-09,0,Fashion,Paytm,2192.09,UPI,Mobile,0,1,0,0,0,7,1,0
5138,111,39,35000,Conservative,2025-02-17,9,Health,Croma,2957.77,UPI,Mobile,0,0,0,1,1,2,1,0
5139,1,24,50000,Conservative,2025-10-09,14,Groceries,Croma,1728.45,Credit Card,Mobile,0,0,0,0,0,7,0,0
5140,388,26,75000,Conservative,2025-01-18,4,Fashion,Myntra,990.5,Credit Card,Mobile,0,0,0,1,0,7,0,0
5141,398,43,50000,Conservative,2025-11-07,14,Investment,Amazon,7168.1,UPI,Desktop,0,0,0,0,0,9,2,0
5142,49,30,75000,Conservative,2025-09-29,7,Investment,Swiggy,2732.28,UPI,Desktop,0,0,0,1,0,9,0,0
5143,470,37,25000,Conservative,2025-07-25,23,Groceries,Uber,1313.82,UPI,Mobile,0,1,1,0,0,7,1,0
5144,261,42,50000,Balanced,2025-08-03,20,Rent,Paytm,23675.05,UPI,Desktop,1,0,0,0,0,2,9,0
5145,369,28,25000,Conservative,2025-12-12,4,Groceries,Croma,1023.6,UPI,Mobile,0,0,0,0,0,2,0,0
5146,469,38,75000,Aggressive,2025-10-04,1,EMI,PhonePe,7843.29,BNPL,Mobile,1,1,0,0,0,5,5,0
5147,467,37,50000,Conservative,2025-08-21,19,Food Delivery,Groww,397.49,UPI,Mobile,0,0,1,0,0,1,2,1
5148,209,39,50000,Balanced,2025-07-11,16,Groceries,BigBasket,2555.1,Credit Card,Mobile,0,0,0,0,0,10,1,0
5149,476,25,50000,Aggressive,2025-07-24,15,Entertainment,Swiggy,862.12,Credit Card,Mobile,0,0,0,0,0,9,0,0
5150,319,42,35000,Balanced,2025-11-11,3,Groceries,Amazon,491.35,Credit Card,Mobile,0,0,0,0,0,2,0,0
5151,446,38,50000,Conservative,2025-01-23,8,EMI,Amazon,4731.19,BNPL,Mobile,0,0,0,1,0,8,4,0
5152,138,20,35000,Balanced,2025-04-01,11,Investment,Croma,5915.82,Credit Card,Mobile,1,0,0,1,0,5,3,0
5153,351,43,50000,Conservative,2025-10-17,8,Fashion,Zomato,2081.85,Credit Card,Desktop,0,0,0,1,0,9,0,0
5154,60,23,25000,Balanced,2025-07-10,6,Electronics,Myntra,14138.23,UPI,Mobile,0,0,0,1,0,1,10,1
5155,147,41,50000,Aggressive,2025-08-20,14,Education,Netflix,182.13,UPI,Mobile,0,0,0,0,0,7,0,0
5156,429,26,25000,Conservative,2025-10-21,18,Fashion,Croma,3000.04,Debit Card,Mobile,0,0,1,1,1,10,4,1
5157,307,26,35000,Balanced,2025-03-28,19,Rent,Paytm,12290.68,Credit Card,Mobile,0,0,0,0,0,3,9,1
5158,457,39,25000,Balanced,2025-07-23,11,Investment,Paytm,5862.61,Debit Card,Mobile,0,0,0,0,1,3,4,0
5159,207,18,50000,Balanced,2025-05-06,22,Electronics,Groww,12300.56,UPI,Mobile,0,1,0,1,0,9,6,1
5160,323,26,15000,Balanced,2025-07-11,9,Utilities,Uber,1632.32,UPI,Desktop,0,0,0,1,0,7,2,0
5161,443,44,50000,Conservative,2025-02-26,9,Health,Flipkart,2371.06,Debit Card,Mobile,0,0,1,1,1,3,2,1
5162,55,24,35000,Conservative,2025-08-01,3,Electronics,PhonePe,9413.07,UPI,Desktop,1,0,1,0,1,5,7,1
5163,492,27,50000,Aggressive,2025-04-21,12,Groceries,BigBasket,1054.82,UPI,Mobile,0,0,0,1,1,9,0,0
5164,286,23,75000,Balanced,2025-07-29,2,Fashion,Croma,2434.68,Credit Card,Mobile,0,1,0,0,1,3,2,1
5165,209,39,50000,Balanced,2025-02-12,7,EMI,Uber,10940.68,UPI,Mobile,0,0,0,1,0,2,4,0
5166,249,25,35000,Balanced,2025-01-28,16,Rent,Zomato,10551.02,Debit Card,Mobile,0,0,0,0,0,2,6,0
5167,62,23,25000,Balanced,2025-04-29,7,Electronics,Paytm,5020.42,Credit Card,Mobile,0,0,0,1,1,7,6,1
5168,34,44,35000,Conservative,2025-05-16,23,Education,Amazon,3425.05,Cash,Mobile,0,1,1,1,0,6,1,0
5169,99,43,75000,Conservative,2025-09-20,17,Health,Swiggy,1554.71,UPI,Mobile,0,0,0,1,1,5,0,0
5170,24,32,50000,Conservative,2025-05-05,20,Investment,Amazon,6140.75,Credit Card,Mobile,1,0,0,1,0,7,2,0
5171,432,22,50000,Conservative,2025-02-27,5,Investment,Flipkart,7767.07,UPI,Mobile,0,0,1,0,1,5,3,0
5172,290,42,25000,Conservative,2025-05-25,17,Food Delivery,Amazon,199.5,UPI,Mobile,0,0,0,1,0,2,0,0
5173,299,37,25000,Aggressive,2025-12-10,7,Education,Croma,3673.7,BNPL,Mobile,0,0,0,0,0,9,5,0
5174,212,32,35000,Balanced,2025-01-18,11,Rent,Groww,13016.42,UPI,Mobile,0,0,0,1,0,6,7,0
5175,430,26,15000,Aggressive,2025-12-08,4,Fashion,Uber,415.8,UPI,Mobile,0,0,0,0,1,4,0,0
5176,376,43,35000,Conservative,2025-12-23,2,Electronics,Zomato,15849.69,Cash,Mobile,0,1,0,1,0,4,10,1
5177,398,43,50000,Conservative,2025-06-16,9,Health,Netflix,961.23,BNPL,Mobile,0,0,0,0,0,7,3,0
5178,47,42,25000,Conservative,2025-02-28,3,Electronics,Flipkart,18935.57,UPI,Mobile,0,0,0,0,1,6,10,0
5179,463,19,25000,Aggressive,2025-05-26,6,Investment,Myntra,6019.57,UPI,Desktop,0,0,0,1,0,7,4,0
5180,110,39,25000,Conservative,2025-12-03,2,Rent,Zomato,5795.17,Credit Card,Mobile,1,1,0,0,0,10,6,1
5181,260,34,35000,Balanced,2025-09-12,13,Investment,Amazon,5175.01,Credit Card,Mobile,0,0,0,0,0,10,2,0
5182,201,18,15000,Conservative,2025-12-24,21,Rent,Groww,15366.17,Credit Card,Mobile,0,0,1,1,1,9,10,1
5183,336,40,25000,Conservative,2025-07-23,21,Investment,Flipkart,6303.89,UPI,Mobile,0,0,0,0,0,4,5,0
5184,168,19,15000,Conservative,2025-07-30,21,Fashion,Netflix,1459.81,UPI,Desktop,0,0,0,0,1,10,1,0
5185,334,40,100000,Aggressive,2025-10-14,18,Investment,Myntra,4895.31,UPI,Mobile,0,0,0,0,1,6,0,0
5186,494,30,15000,Aggressive,2025-08-06,14,Rent,PhonePe,16133.77,Credit Card,Mobile,0,0,0,0,0,10,10,0
5187,31,26,35000,Conservative,2025-06-10,22,Groceries,PhonePe,884.4,BNPL,Mobile,0,1,1,0,0,2,5,1
5188,116,37,35000,Balanced,2025-04-03,13,Utilities,BigBasket,3280.69,UPI,Mobile,1,0,0,1,0,6,1,0
5189,344,40,50000,Conservative,2025-10-31,6,Education,BigBasket,5038.51,UPI,Mobile,0,0,0,0,0,4,2,0
5190,105,42,35000,Conservative,2025-12-24,5,Education,Groww,2996.42,UPI,Mobile,0,0,0,1,0,3,1,0
5191,103,28,50000,Balanced,2025-05-19,18,Entertainment,BigBasket,780.0,Debit Card,Mobile,0,0,0,1,1,10,0,0
5192,439,18,75000,Balanced,2025-10-05,20,Rent,Flipkart,19589.85,UPI,Desktop,1,0,1,0,1,7,5,0
5193,189,43,25000,Conservative,2025-03-07,10,Travel,PhonePe,2296.94,UPI,Desktop,0,0,0,0,0,10,1,0
5194,227,43,25000,Aggressive,2025-02-15,19,Health,Flipkart,2290.22,Credit Card,Mobile,0,0,0,0,1,9,1,0
5195,331,21,25000,Aggressive,2025-03-06,9,Utilities,Myntra,2479.52,UPI,Mobile,0,0,1,0,0,5,1,0
5196,327,34,15000,Balanced,2025-09-15,20,Food Delivery,Swiggy,498.05,UPI,Mobile,0,0,0,0,1,10,0,0
5197,103,28,50000,Balanced,2025-09-22,19,Groceries,Uber,576.78,Debit Card,Mobile,0,0,1,0,0,4,0,0
5198,21,21,35000,Aggressive,2025-08-21,20,Groceries,Croma,1545.8,Cash,Mobile,0,0,0,0,0,10,0,0
5199,420,28,25000,Conservative,2025-05-14,23,Rent,Uber,24292.53,UPI,Mobile,0,1,0,1,0,2,10,1
5200,151,41,75000,Balanced,2025-05-17,22,Education,Zomato,1541.31,UPI,Mobile,0,1,0,1,1,1,2,1
5201,314,38,35000,Conservative,2025-06-24,23,Food Delivery,Amazon,332.95,Debit Card,Mobile,0,1,0,0,0,8,0,0
5202,37,44,35000,Balanced,2025-02-06,11,Utilities,Swiggy,100.0,UPI,Mobile,0,0,0,0,0,1,0,0
5203,243,42,50000,Conservative,2025-11-11,21,Education,Myntra,3424.58,Credit Card,Mobile,0,0,1,0,0,8,1,0
5204,32,33,25000,Balanced,2025-11-12,18,Groceries,BigBasket,1261.97,Credit Card,Mobile,0,0,0,1,1,5,1,0
5205,118,27,25000,Balanced,2025-10-01,20,Electronics,Uber,8421.2,BNPL,Tablet,1,0,0,0,0,8,10,1
5206,436,34,15000,Aggressive,2025-01-22,10,Food Delivery,Myntra,321.76,BNPL,Mobile,0,0,1,1,0,10,5,1
5207,198,32,25000,Balanced,2025-02-01,7,Fashion,Zomato,302.31,UPI,Mobile,1,0,0,1,0,10,0,0
5208,34,44,35000,Conservative,2025-11-30,17,Electronics,Amazon,12732.73,UPI,Mobile,0,0,0,0,0,1,9,1
5209,181,28,75000,Conservative,2025-04-23,14,Entertainment,Netflix,608.53,UPI,Mobile,0,0,1,0,0,1,2,1
5210,171,42,35000,Conservative,2025-02-15,12,EMI,Croma,3778.93,Credit Card,Mobile,0,0,0,0,0,9,2,0
5211,188,43,25000,Balanced,2025-08-17,17,Education,Uber,2982.76,UPI,Mobile,0,0,0,1,1,10,2,0
5212,120,22,25000,Conservative,2025-02-04,13,Education,PhonePe,1651.93,Debit Card,Mobile,1,0,1,1,1,8,1,0
5213,287,25,50000,Conservative,2025-10-05,11,Health,BigBasket,2368.11,Debit Card,Mobile,1,0,1,0,0,5,0,0
5214,297,44,35000,Balanced,2025-07-30,11,Health,Swiggy,612.33,BNPL,Mobile,0,0,1,0,1,7,3,0
5215,30,24,50000,Aggressive,2025-11-22,5,Health,Flipkart,1080.57,Credit Card,Tablet,0,0,0,0,0,4,0,0
5216,390,43,35000,Aggressive,2025-01-15,3,Entertainment,Zomato,676.89,BNPL,Mobile,0,0,0,1,0,6,3,0
5217,173,44,25000,Conservative,2025-08-01,8,Food Delivery,Zomato,653.63,Credit Card,Mobile,1,0,0,0,0,9,0,0
5218,481,37,35000,Conservative,2025-01-13,23,Electronics,Croma,11166.82,UPI,Mobile,0,1,0,0,0,4,8,1
5219,338,20,75000,Balanced,2025-02-28,11,EMI,Swiggy,4593.13,Credit Card,Mobile,0,0,1,0,1,3,3,1
5220,21,21,35000,Aggressive,2025-06-19,21,Food Delivery,Amazon,693.25,UPI,Mobile,0,0,1,0,1,3,2,1
5221,140,18,100000,Aggressive,2025-06-17,13,EMI,BigBasket,6280.19,Cash,Mobile,0,0,1,1,0,5,1,0
5222,169,36,35000,Aggressive,2025-12-15,0,Groceries,Swiggy,1108.71,BNPL,Mobile,0,1,0,0,0,5,3,0
5223,497,32,25000,Conservative,2025-10-03,6,Electronics,Zomato,4471.57,UPI,Desktop,1,0,0,0,0,3,5,1
5224,30,24,50000,Aggressive,2025-09-02,0,Health,Swiggy,1852.25,Credit Card,Mobile,1,1,0,0,0,1,2,1
5225,91,33,25000,Conservative,2025-11-20,0,Education,Swiggy,3757.31,UPI,Desktop,0,1,0,0,1,8,3,0
5226,233,32,35000,Conservative,2025-08-04,18,Fashion,Swiggy,2126.32,UPI,Mobile,1,0,1,1,0,8,1,0
5227,141,29,25000,Conservative,2025-03-13,9,Utilities,Croma,1983.83,BNPL,Mobile,0,0,1,1,0,3,6,1
5228,24,32,50000,Conservative,2025-04-21,15,Fashion,Flipkart,4061.4,UPI,Mobile,0,0,0,1,0,3,1,0
5229,440,25,25000,Conservative,2025-06-30,2,Travel,Swiggy,9209.95,Debit Card,Mobile,0,1,0,0,1,6,7,0
5230,341,33,25000,Balanced,2025-03-29,23,Health,BigBasket,2670.08,UPI,Desktop,0,1,0,1,0,7,2,0
5231,214,23,35000,Aggressive,2025-12-13,15,Food Delivery,Amazon,344.19,Debit Card,Mobile,0,0,0,0,1,4,0,0
5232,64,33,50000,Conservative,2025-04-24,21,Groceries,Flipkart,2048.99,UPI,Mobile,0,0,1,0,0,8,0,0
5233,403,44,75000,Balanced,2025-01-12,14,Investment,Myntra,7583.51,UPI,Desktop,0,0,0,1,0,10,2,0
5234,375,44,35000,Conservative,2025-06-01,23,Travel,Myntra,11217.9,BNPL,Mobile,1,1,0,0,0,3,10,1
5235,442,42,75000,Conservative,2025-04-12,11,Electronics,Flipkart,16763.41,UPI,Desktop,0,0,0,0,0,1,6,1
5236,53,41,50000,Conservative,2025-08-05,23,Investment,Netflix,6826.1,BNPL,Mobile,1,1,0,0,1,9,5,0
5237,420,28,25000,Conservative,2025-01-06,0,Entertainment,Amazon,859.7,BNPL,Desktop,0,1,0,0,0,7,5,1
5238,22,25,35000,Balanced,2025-12-29,8,Entertainment,Paytm,1105.95,UPI,Mobile,0,0,0,0,1,7,0,0
5239,304,29,15000,Aggressive,2025-05-15,13,Groceries,Paytm,1389.41,UPI,Desktop,0,0,1,0,1,3,1,0
5240,498,34,100000,Conservative,2025-10-15,6,Health,Paytm,2546.27,Credit Card,Mobile,0,0,0,0,1,8,0,0
5241,245,43,35000,Conservative,2025-02-22,23,EMI,Groww,4150.57,Cash,Mobile,0,1,1,0,0,3,4,1
5242,472,23,25000,Conservative,2025-09-12,14,Fashion,BigBasket,655.91,UPI,Desktop,0,0,1,0,1,9,0,0
5243,93,31,75000,Conservative,2025-05-23,15,Electronics,Paytm,10331.1,Debit Card,Mobile,0,0,0,1,0,8,2,0
5244,173,44,25000,Conservative,2025-07-24,11,Utilities,PhonePe,2062.25,UPI,Mobile,0,0,0,0,1,3,1,0
5245,430,26,15000,Aggressive,2025-01-24,16,Food Delivery,Flipkart,253.31,Cash,Mobile,0,0,1,1,0,3,2,1
5246,176,26,50000,Balanced,2025-10-28,19,Fashion,Croma,2056.32,UPI,Mobile,0,0,0,1,0,8,0,0
5247,399,32,50000,Balanced,2025-10-19,4,Food Delivery,Paytm,439.62,Credit Card,Mobile,0,0,0,0,0,6,0,0
5248,264,37,35000,Conservative,2025-11-11,4,Rent,Flipkart,16403.64,UPI,Mobile,0,0,0,1,0,10,9,0
5249,77,39,50000,Balanced,2025-09-06,22,Fashion,Swiggy,1864.47,Debit Card,Mobile,0,1,1,0,0,1,2,1
5250,438,19,35000,Aggressive,2025-11-22,21,Travel,Uber,267.69,Credit Card,Mobile,0,0,0,1,0,10,0,0
5251,230,29,25000,Conservative,2025-05-07,13,Fashion,Netflix,2606.78,UPI,Mobile,0,0,1,0,1,9,2,0
5252,400,39,25000,Balanced,2025-12-02,14,Entertainment,Croma,630.61,UPI,Mobile,1,0,1,0,1,8,0,0
5253,214,23,35000,Aggressive,2025-10-13,10,Food Delivery,Swiggy,287.75,Credit Card,Mobile,0,0,1,0,0,7,2,1
5254,437,36,50000,Conservative,2025-08-28,20,Fashion,Netflix,1358.18,UPI,Mobile,0,0,0,1,0,4,0,0
5255,479,20,25000,Balanced,2025-04-15,21,Food Delivery,Groww,103.42,Debit Card,Mobile,0,0,0,1,1,5,0,0
5256,327,34,15000,Balanced,2025-07-30,20,Utilities,Amazon,1642.93,Credit Card,Mobile,0,0,0,1,0,1,2,0
5257,265,32,50000,Balanced,2025-03-23,1,Groceries,Amazon,1150.51,UPI,Desktop,0,1,0,0,1,9,0,0
5258,25,30,15000,Aggressive,2025-09-19,21,Fashion,Netflix,3204.09,UPI,Mobile,0,0,0,0,1,9,4,0
5259,255,28,15000,Aggressive,2025-10-31,3,Health,Paytm,2157.46,Credit Card,Mobile,0,0,0,1,0,6,2,0
5260,56,34,100000,Conservative,2025-12-04,16,Travel,Groww,7862.76,UPI,Mobile,1,0,1,0,0,2,1,0
5261,50,25,35000,Balanced,2025-02-18,7,Utilities,Amazon,919.86,Credit Card,Mobile,0,0,0,0,0,5,0,0
5262,48,42,35000,Conservative,2025-04-23,16,Rent,Groww,8103.9,Credit Card,Mobile,0,0,0,0,0,3,6,1
5263,221,19,35000,Conservative,2025-02-22,11,Education,Flipkart,3893.63,Cash,Mobile,0,0,0,1,1,2,2,0
5264,283,32,35000,Conservative,2025-08-24,13,Fashion,Zomato,1787.89,Debit Card,Mobile,0,0,0,0,0,9,1,0
5265,343,35,15000,Conservative,2025-05-20,12,EMI,PhonePe,6934.41,BNPL,Tablet,0,0,0,0,0,10,10,0
5266,52,32,25000,Conservative,2025-06-28,6,Health,Uber,2082.84,Cash,Desktop,0,0,0,1,0,1,1,0
5267,5,39,15000,Balanced,2025-11-27,1,Rent,Swiggy,15300.97,Credit Card,Mobile,0,1,1,1,0,9,10,1
5268,426,20,50000,Conservative,2025-08-22,5,Utilities,Croma,1629.16,BNPL,Mobile,0,0,0,1,1,1,5,1
5269,296,32,35000,Balanced,2025-03-03,18,Travel,BigBasket,10366.51,Debit Card,Mobile,1,0,0,0,0,1,5,0
5270,392,36,75000,Aggressive,2025-08-13,2,Rent,BigBasket,14507.18,Cash,Mobile,0,1,1,0,0,5,5,1
5271,200,30,15000,Conservative,2025-06-26,17,Travel,Croma,10341.38,UPI,Mobile,0,0,0,1,1,6,10,0
5272,387,42,35000,Balanced,2025-03-29,16,Education,PhonePe,3349.08,UPI,Mobile,0,0,0,0,0,10,1,0
5273,328,25,35000,Conservative,2025-03-31,8,Education,PhonePe,2377.51,BNPL,Tablet,0,0,0,0,0,7,4,0
5274,73,34,25000,Conservative,2025-10-03,14,EMI,Netflix,8232.55,UPI,Mobile,1,0,0,0,0,8,6,0
5275,243,42,50000,Conservative,2025-08-16,8,Health,Flipkart,1452.73,UPI,Mobile,0,0,0,1,0,8,0,0
5276,377,25,50000,Balanced,2025-03-07,22,Education,Netflix,3792.69,UPI,Mobile,0,1,1,0,0,4,3,1
5277,300,23,25000,Balanced,2025-11-07,11,Groceries,Groww,858.84,Credit Card,Desktop,0,0,0,1,0,6,0,0
5278,467,37,50000,Conservative,2025-04-17,20,Travel,BigBasket,9609.27,UPI,Desktop,0,0,1,1,0,5,3,0
5279,158,37,35000,Balanced,2025-06-21,2,Electronics,Groww,17558.98,Debit Card,Desktop,0,1,1,1,1,5,10,1
5280,470,37,25000,Conservative,2025-07-09,16,Utilities,BigBasket,1941.83,Cash,Mobile,0,0,1,0,0,10,1,0
5281,310,31,25000,Aggressive,2025-08-14,12,Groceries,Groww,1686.67,Cash,Desktop,0,0,0,1,1,9,1,0
5282,312,25,35000,Conservative,2025-10-29,18,Investment,Myntra,5041.42,Credit Card,Mobile,0,0,1,0,0,4,4,1
5283,189,43,25000,Conservative,2025-10-25,22,Food Delivery,Paytm,403.95,Credit Card,Desktop,0,1,1,1,0,10,2,1
5284,433,32,15000,Balanced,2025-05-03,21,Health,Paytm,2316.03,UPI,Mobile,1,0,1,0,0,1,5,1
5285,288,32,35000,Balanced,2025-03-19,4,Utilities,Zomato,3458.99,Credit Card,Mobile,0,0,0,0,0,5,1,0
5286,379,20,50000,Balanced,2025-09-13,14,Investment,Swiggy,3628.6,UPI,Desktop,0,0,0,1,0,5,1,0
5287,357,43,35000,Conservative,2025-08-25,14,Food Delivery,Flipkart,535.92,UPI,Desktop,0,0,1,0,0,4,2,1
5288,157,29,25000,Aggressive,2025-03-29,5,Food Delivery,Amazon,527.41,UPI,Mobile,0,0,1,1,1,4,2,1
5289,36,43,25000,Conservative,2025-03-22,8,Utilities,BigBasket,975.16,Credit Card,Mobile,0,0,1,0,0,10,0,0
5290,127,39,15000,Conservative,2025-07-17,9,Health,Croma,905.73,UPI,Mobile,0,0,0,0,0,7,1,0
5291,192,38,50000,Balanced,2025-09-25,18,Food Delivery,Paytm,194.58,Credit Card,Mobile,0,0,0,0,0,3,2,1
5292,452,36,50000,Balanced,2025-09-16,13,Entertainment,Swiggy,316.26,Credit Card,Desktop,0,0,0,1,1,4,2,1
5293,349,22,35000,Balanced,2025-10-29,8,Food Delivery,Uber,663.95,UPI,Tablet,0,0,0,0,0,8,0,0
5294,328,25,35000,Conservative,2025-02-13,1,Investment,Amazon,6392.74,BNPL,Mobile,0,1,1,0,0,3,8,1
5295,484,28,100000,Conservative,2025-06-06,8,Health,Zomato,2903.59,UPI,Mobile,0,0,1,0,0,1,0,0
5296,146,38,25000,Aggressive,2025-01-01,4,Rent,Groww,8624.21,UPI,Mobile,1,0,0,1,0,4,6,0
5297,64,33,50000,Conservative,2025-04-14,20,Entertainment,BigBasket,964.55,UPI,Mobile,0,0,0,0,0,5,0,0
5298,25,30,15000,Aggressive,2025-03-01,2,Investment,PhonePe,4144.19,Credit Card,Desktop,1,1,0,1,1,8,7,1
5299,58,22,25000,Balanced,2025-06-23,5,Investment,Swiggy,1869.38,Credit Card,Mobile,0,0,0,0,0,1,1,0
5300,316,19,35000,Balanced,2025-06-10,10,EMI,Myntra,10202.45,UPI,Tablet,0,0,1,0,1,2,7,1
5301,423,34,35000,Balanced,2025-03-24,7,Investment,Amazon,5261.92,UPI,Mobile,0,0,0,1,0,8,3,0
5302,10,32,35000,Balanced,2025-01-04,23,Rent,Croma,5623.4,UPI,Mobile,1,1,1,0,0,1,5,1
5303,458,44,75000,Aggressive,2025-03-02,17,Electronics,Flipkart,9877.94,UPI,Mobile,1,0,0,0,0,3,2,0
5304,222,28,35000,Conservative,2025-07-18,10,Health,PhonePe,1511.31,Cash,Mobile,0,0,0,0,0,10,0,0
5305,366,43,35000,Conservative,2025-04-24,2,Fashion,PhonePe,3716.24,Cash,Mobile,0,1,1,0,1,3,4,1
5306,163,43,35000,Aggressive,2025-02-09,12,Electronics,Netflix,18133.86,UPI,Desktop,0,0,0,0,0,5,10,0
5307,323,26,15000,Balanced,2025-12-28,16,EMI,Uber,6508.75,UPI,Mobile,0,0,0,0,0,5,8,0
5308,439,18,75000,Balanced,2025-08-08,7,Rent,Amazon,8666.42,Credit Card,Mobile,0,0,0,1,0,3,2,0
5309,302,30,15000,Conservative,2025-07-15,17,EMI,Groww,6141.19,Credit Card,Mobile,0,0,0,0,1,1,10,1
5310,216,44,15000,Balanced,2025-05-03,11,Electronics,Myntra,10130.8,Debit Card,Mobile,1,0,1,0,0,9,10,1
5311,143,20,25000,Balanced,2025-10-24,21,Fashion,Swiggy,100.0,Credit Card,Mobile,0,0,0,0,0,7,0,0
5312,470,37,25000,Conservative,2025-06-15,9,Entertainment,Uber,677.4,Credit Card,Desktop,0,0,0,0,1,7,0,0
5313,57,19,35000,Conservative,2025-12-18,16,Rent,Swiggy,6811.85,Credit Card,Mobile,0,0,0,0,0,9,3,0
5314,38,27,35000,Conservative,2025-04-16,7,EMI,Croma,8242.36,UPI,Desktop,0,0,0,1,0,5,4,0
5315,427,41,50000,Conservative,2025-10-27,14,Food Delivery,Netflix,359.0,Cash,Desktop,0,0,0,0,0,1,0,0
5316,181,28,75000,Conservative,2025-12-20,8,Food Delivery,Netflix,302.59,BNPL,Mobile,0,0,0,1,0,8,3,0
5317,401,33,35000,Aggressive,2025-04-05,9,Entertainment,Croma,1244.61,Debit Card,Mobile,1,0,0,1,0,5,0,0
5318,178,41,35000,Balanced,2025-04-05,4,EMI,Uber,2257.85,BNPL,Desktop,1,0,0,1,0,8,4,0
5319,398,43,50000,Conservative,2025-08-22,0,Electronics,Paytm,9813.6,UPI,Mobile,0,1,0,0,0,4,5,1
5320,408,24,35000,Balanced,2025-06-13,21,Electronics,Groww,1390.54,UPI,Mobile,0,0,0,1,0,9,0,0
5321,188,43,25000,Balanced,2025-05-19,20,Education,Groww,3064.56,UPI,Desktop,0,0,0,0,0,9,2,0
5322,114,38,25000,Aggressive,2025-07-19,1,Rent,BigBasket,21753.0,BNPL,Mobile,0,1,0,0,0,7,10,1
5323,174,20,25000,Balanced,2025-09-13,4,Rent,BigBasket,12206.12,UPI,Mobile,0,0,0,1,0,4,9,0
5324,217,42,35000,Balanced,2025-06-29,3,Fashion,Uber,3568.01,UPI,Mobile,0,0,0,1,0,5,2,0
5325,467,37,50000,Conservative,2025-02-14,7,Entertainment,Myntra,1127.66,UPI,Desktop,0,0,0,0,0,10,0,0
5326,9,27,15000,Aggressive,2025-05-08,17,Electronics,Myntra,15066.3,Debit Card,Mobile,0,0,0,1,1,8,10,1
5327,23,25,50000,Balanced,2025-02-22,14,Rent,Paytm,17897.47,UPI,Desktop,0,0,0,1,1,10,7,0
5328,498,34,100000,Conservative,2025-04-11,2,Investment,Croma,4958.6,Credit Card,Mobile,0,1,1,1,0,3,2,1
5329,265,32,50000,Balanced,2025-08-26,13,Food Delivery,Myntra,304.09,UPI,Mobile,0,0,1,0,1,7,0,0
5330,99,43,75000,Conservative,2025-07-03,17,Investment,Zomato,3744.23,UPI,Mobile,1,0,0,0,0,6,0,0
5331,90,32,35000,Conservative,2025-01-19,20,Food Delivery,PhonePe,405.07,BNPL,Mobile,0,0,0,0,0,7,3,0
5332,101,19,25000,Conservative,2025-03-30,13,Entertainment,BigBasket,292.9,Debit Card,Mobile,0,0,0,1,0,5,0,0
5333,147,41,50000,Aggressive,2025-10-28,5,Groceries,BigBasket,1554.14,Credit Card,Mobile,0,0,0,1,0,8,0,0
5334,243,42,50000,Conservative,2025-11-29,11,EMI,Swiggy,4086.84,UPI,Mobile,0,0,1,0,0,4,1,0
5335,480,31,35000,Balanced,2025-11-13,10,Rent,Uber,7942.77,Credit Card,Mobile,0,0,0,0,0,8,4,0
5336,223,32,15000,Conservative,2025-04-20,16,Groceries,Netflix,538.12,Credit Card,Mobile,0,0,0,1,0,4,0,0
5337,173,44,25000,Conservative,2025-08-30,22,Investment,Netflix,7896.96,Debit Card,Desktop,0,1,1,1,0,5,8,1
5338,207,18,50000,Balanced,2025-07-08,7,Groceries,Flipkart,1284.69,BNPL,Mobile,0,0,1,0,0,10,3,0
5339,253,18,15000,Conservative,2025-08-19,7,EMI,Netflix,8478.84,UPI,Mobile,0,0,0,1,0,5,10,0
5340,127,39,15000,Conservative,2025-06-22,0,Fashion,Myntra,2772.52,Debit Card,Mobile,0,1,1,1,0,4,5,1
5341,154,34,35000,Aggressive,2025-12-09,11,Health,BigBasket,280.45,UPI,Mobile,0,0,1,1,0,4,0,0
5342,371,39,35000,Balanced,2025-12-17,12,EMI,Flipkart,8330.65,Cash,Mobile,0,0,0,0,0,9,4,0
5343,106,24,35000,Balanced,2025-07-28,19,Education,Groww,2246.49,UPI,Mobile,0,0,1,0,0,8,1,0
5344,83,21,25000,Conservative,2025-04-29,21,Electronics,Amazon,19076.26,Credit Card,Mobile,0,0,0,0,0,5,10,1
5345,428,21,35000,Conservative,2025-11-03,1,EMI,Groww,8947.83,Debit Card,Mobile,1,1,0,0,1,3,7,1
5346,237,39,25000,Balanced,2025-10-06,9,EMI,Amazon,6318.41,Debit Card,Desktop,0,0,0,1,0,1,5,0
5347,299,37,25000,Aggressive,2025-06-23,12,Investment,Zomato,1784.77,Credit Card,Mobile,0,0,0,0,0,2,1,0
5348,188,43,25000,Balanced,2025-07-21,6,Rent,Netflix,15357.05,Debit Card,Mobile,0,0,0,0,1,2,10,0
5349,222,28,35000,Conservative,2025-05-04,9,EMI,Groww,10128.27,Credit Card,Desktop,1,0,0,0,1,1,7,1
5350,8,29,15000,Balanced,2025-10-03,19,Groceries,Paytm,1112.1,UPI,Mobile,1,0,0,1,0,4,1,0
5351,364,30,50000,Conservative,2025-12-22,1,Investment,Uber,5217.68,Credit Card,Mobile,0,1,1,0,1,3,4,1
5352,349,22,35000,Balanced,2025-10-31,15,Entertainment,Uber,610.12,UPI,Mobile,0,0,0,0,0,1,0,0
5353,467,37,50000,Conservative,2025-04-09,10,Electronics,Paytm,10692.42,UPI,Mobile,0,0,0,0,0,4,6,1
5354,461,28,50000,Conservative,2025-01-11,15,Investment,Netflix,4636.76,Debit Card,Desktop,0,0,1,1,0,3,1,0
5355,81,31,35000,Balanced,2025-02-17,4,Utilities,PhonePe,2797.39,Debit Card,Mobile,0,0,0,0,0,3,1,0
5356,187,29,15000,Conservative,2025-09-11,20,EMI,Flipkart,3152.38,Debit Card,Mobile,0,0,0,0,0,5,4,0
5357,359,38,50000,Balanced,2025-03-18,14,Education,Swiggy,661.5,Credit Card,Desktop,0,0,1,1,0,9,0,0
5358,181,28,75000,Conservative,2025-04-12,21,Health,Swiggy,1017.81,Credit Card,Mobile,0,0,1,0,0,2,2,1
5359,338,20,75000,Balanced,2025-03-30,5,Investment,Myntra,4047.16,UPI,Desktop,0,0,0,0,0,7,1,0
5360,398,43,50000,Conservative,2025-11-16,4,Rent,Flipkart,13115.61,Credit Card,Desktop,0,0,0,0,0,6,5,0
5361,311,18,75000,Balanced,2025-07-16,21,Groceries,Groww,1262.38,UPI,Mobile,0,0,1,0,0,5,0,0
5362,136,33,35000,Conservative,2025-06-25,12,Education,Zomato,2919.72,Debit Card,Desktop,0,0,0,1,0,9,1,0
5363,260,34,35000,Balanced,2025-06-04,18,Travel,Croma,6659.45,UPI,Mobile,1,0,0,0,0,6,3,0
5364,266,23,35000,Conservative,2025-12-20,14,Food Delivery,Uber,587.66,Cash,Mobile,0,0,0,0,0,2,0,0
5365,197,41,25000,Aggressive,2025-09-01,5,Food Delivery,PhonePe,433.93,UPI,Mobile,1,0,0,0,0,3,0,0
5366,185,33,50000,Aggressive,2025-02-25,19,Travel,Groww,5815.11,Debit Card,Mobile,0,0,0,1,0,6,2,0
5367,375,44,35000,Conservative,2025-01-19,23,Rent,Flipkart,10196.91,Credit Card,Mobile,0,1,0,0,0,7,7,1
5368,307,26,35000,Balanced,2025-07-15,8,Food Delivery,Amazon,386.0,UPI,Mobile,0,0,1,1,0,10,0,0
5369,31,26,35000,Conservative,2025-02-15,6,Fashion,BigBasket,3210.27,UPI,Mobile,0,0,0,0,0,9,1,0
5370,138,20,35000,Balanced,2025-06-20,8,Education,Flipkart,4177.32,BNPL,Mobile,0,0,1,1,0,2,7,1
5371,282,36,35000,Balanced,2025-05-19,6,Electronics,Amazon,5346.11,UPI,Mobile,0,0,1,1,0,2,5,1
5372,436,34,15000,Aggressive,2025-02-12,13,Electronics,BigBasket,11412.87,UPI,Mobile,0,0,0,0,0,3,10,1
5373,499,44,15000,Aggressive,2025-06-21,6,Food Delivery,Amazon,556.48,Credit Card,Mobile,0,0,0,0,1,6,0,0
5374,113,28,15000,Balanced,2025-09-08,9,Rent,Uber,11954.46,Credit Card,Tablet,0,0,0,0,1,5,10,0
5375,18,21,25000,Balanced,2025-06-28,10,Food Delivery,Swiggy,110.2,UPI,Mobile,0,0,0,0,0,3,0,0
5376,83,21,25000,Conservative,2025-02-16,17,EMI,Groww,7220.8,UPI,Desktop,0,0,0,0,0,4,5,0
5377,437,36,50000,Conservative,2025-04-27,4,Electronics,Swiggy,15343.83,BNPL,Mobile,0,0,0,0,1,3,10,1
5378,180,32,75000,Balanced,2025-08-30,12,Rent,PhonePe,100.0,UPI,Mobile,0,0,0,0,0,9,0,0
5379,340,31,35000,Aggressive,2025-03-09,12,Utilities,Paytm,2447.96,UPI,Desktop,0,0,1,0,1,4,1,0
5380,499,44,15000,Aggressive,2025-12-31,3,Education,Zomato,1240.47,UPI,Mobile,0,0,0,0,1,3,1,0
5381,153,42,25000,Conservative,2025-02-22,15,Investment,Netflix,4883.31,UPI,Desktop,0,0,0,0,0,7,3,0
5382,305,22,75000,Balanced,2025-04-20,15,Travel,Flipkart,9454.59,Credit Card,Mobile,0,0,0,1,1,4,4,1
5383,59,19,35000,Balanced,2025-03-17,2,Electronics,Uber,17869.09,Credit Card,Mobile,0,1,0,0,0,3,10,1
5384,239,31,15000,Conservative,2025-03-11,11,Investment,Uber,3974.89,UPI,Mobile,0,0,1,1,0,4,7,1
5385,291,40,15000,Conservative,2025-01-31,12,Fashion,Croma,1929.21,Credit Card,Mobile,0,0,0,0,0,1,4,1
5386,427,41,50000,Conservative,2025-11-17,17,Education,Myntra,2506.45,UPI,Mobile,0,0,0,0,0,10,1,0
5387,52,32,25000,Conservative,2025-04-04,15,Utilities,Paytm,3920.32,Credit Card,Mobile,1,0,1,0,0,6,5,1
5388,261,42,50000,Balanced,2025-01-08,14,Food Delivery,PhonePe,551.79,Cash,Mobile,0,0,0,1,1,10,0,0
5389,123,39,50000,Balanced,2025-08-26,20,Groceries,Uber,1292.08,Debit Card,Desktop,0,0,0,0,1,5,0,0
5390,184,18,35000,Balanced,2025-09-22,5,Food Delivery,Swiggy,410.8,BNPL,Mobile,0,0,0,0,0,4,5,1
5391,60,23,25000,Balanced,2025-04-15,3,EMI,BigBasket,7160.36,UPI,Mobile,0,0,0,0,0,10,5,0
5392,302,30,15000,Conservative,2025-12-14,5,Electronics,Myntra,3820.75,BNPL,Mobile,0,0,0,1,1,5,10,1
5393,10,32,35000,Balanced,2025-08-03,7,Travel,Paytm,8047.89,UPI,Desktop,1,0,0,1,0,1,4,0
5394,48,42,35000,Conservative,2025-12-02,10,Travel,BigBasket,4366.27,UPI,Mobile,1,0,1,1,0,5,2,0
5395,76,33,50000,Aggressive,2025-12-27,19,EMI,Netflix,7275.39,Credit Card,Mobile,0,0,0,1,0,1,2,0
5396,151,41,75000,Balanced,2025-06-29,4,Food Delivery,Flipkart,561.77,UPI,Mobile,0,0,1,1,0,2,2,1
5397,108,31,75000,Conservative,2025-07-23,2,Rent,PhonePe,14939.01,Credit Card,Mobile,0,1,0,0,1,3,5,1
5398,46,28,25000,Conservative,2025-01-19,0,Groceries,Swiggy,1201.34,UPI,Mobile,0,1,1,1,1,6,2,1
5399,407,42,50000,Balanced,2025-10-06,4,Education,Flipkart,3201.91,UPI,Desktop,0,0,0,0,0,10,1,0
5400,327,34,15000,Balanced,2025-07-31,3,Travel,Uber,8099.8,Credit Card,Mobile,0,0,1,1,0,2,10,1
5401,210,29,50000,Aggressive,2025-12-13,22,Health,Uber,2158.23,UPI,Mobile,0,1,1,0,0,9,0,0
5402,99,43,75000,Conservative,2025-04-18,6,Rent,Flipkart,17377.62,UPI,Mobile,0,0,0,0,0,4,4,0
5403,350,19,75000,Conservative,2025-09-11,3,Fashion,Croma,1730.45,Credit Card,Mobile,0,0,0,0,0,3,2,1
5404,477,37,15000,Balanced,2025-05-20,15,Education,BigBasket,4292.42,UPI,Desktop,0,0,0,0,1,8,5,0
5405,47,42,25000,Conservative,2025-03-31,13,Travel,Netflix,10164.43,BNPL,Mobile,0,0,1,0,1,3,10,1
5406,329,36,35000,Balanced,2025-03-31,3,Investment,Croma,1434.61,UPI,Mobile,0,0,0,1,0,2,0,0
5407,418,25,75000,Balanced,2025-04-14,7,Travel,Groww,11208.9,UPI,Mobile,0,0,1,0,1,8,2,0
5408,467,37,50000,Conservative,2025-07-26,0,Health,Uber,1099.28,UPI,Mobile,0,1,0,1,1,4,2,1
5409,57,19,35000,Conservative,2025-12-25,16,Travel,Groww,3430.0,UPI,Mobile,0,0,1,0,1,5,1,0
5410,139,36,50000,Balanced,2025-02-24,14,Education,Swiggy,3050.56,UPI,Mobile,0,0,1,0,0,7,1,0
5411,444,28,100000,Balanced,2025-10-05,8,EMI,Netflix,9535.19,UPI,Mobile,1,0,0,1,1,3,1,0
5412,23,25,50000,Balanced,2025-05-20,0,Education,Groww,4028.56,UPI,Tablet,0,1,0,1,1,5,1,0
5413,3,36,15000,Balanced,2025-10-01,3,Investment,Croma,7216.18,Debit Card,Mobile,1,0,0,0,1,1,9,0
5414,396,41,25000,Conservative,2025-08-24,9,Investment,Flipkart,9985.59,Credit Card,Mobile,0,0,0,0,1,6,7,0
5415,244,24,25000,Conservative,2025-02-10,15,Electronics,BigBasket,5935.3,UPI,Mobile,0,0,0,0,0,10,4,0
5416,97,40,25000,Balanced,2025-08-04,15,Travel,Myntra,10247.94,Debit Card,Desktop,1,0,0,0,0,9,8,0
5417,325,30,25000,Balanced,2025-11-30,11,Investment,PhonePe,5534.44,BNPL,Mobile,0,0,0,1,0,1,9,1
5418,293,18,15000,Balanced,2025-03-28,21,Rent,Amazon,15635.89,Debit Card,Tablet,0,0,0,0,1,3,10,0
5419,55,24,35000,Conservative,2025-05-30,0,Entertainment,Netflix,1368.25,UPI,Mobile,0,1,1,0,0,1,2,1
5420,385,38,50000,Balanced,2025-02-17,20,Rent,Flipkart,15421.2,Credit Card,Mobile,0,0,1,0,0,3,8,1
5421,218,40,35000,Balanced,2025-07-10,21,Travel,Netflix,6610.44,Debit Card,Mobile,0,0,0,0,1,1,3,0
5422,90,32,35000,Conservative,2025-04-18,15,Utilities,Netflix,630.14,Debit Card,Mobile,0,0,0,0,0,5,0,0
5423,383,42,35000,Conservative,2025-10-25,2,Health,Uber,2933.34,UPI,Mobile,0,1,0,0,0,1,1,0
5424,336,40,25000,Conservative,2025-06-24,22,Health,Zomato,2737.43,UPI,Mobile,0,1,0,0,0,4,2,0
5425,414,22,50000,Conservative,2025-01-23,20,Education,Croma,2732.78,Credit Card,Desktop,0,0,0,0,0,8,1,0
5426,229,38,35000,Balanced,2025-04-18,17,Electronics,PhonePe,6520.17,UPI,Mobile,0,0,0,0,1,1,5,1
5427,331,21,25000,Aggressive,2025-02-15,1,Utilities,Paytm,1264.36,Credit Card,Mobile,0,1,1,0,0,1,3,1
5428,286,23,75000,Balanced,2025-03-31,1,Electronics,PhonePe,13071.11,UPI,Mobile,0,1,0,0,1,8,5,1
5429,151,41,75000,Balanced,2025-01-27,8,Investment,Croma,3790.35,Credit Card,Mobile,0,0,0,0,0,3,1,0
5430,18,21,25000,Balanced,2025-10-15,22,EMI,Croma,4378.57,Credit Card,Mobile,0,1,0,1,1,9,5,1
5431,101,19,25000,Conservative,2025-10-17,17,Groceries,PhonePe,1743.71,Debit Card,Mobile,0,0,0,0,0,7,1,0
5432,103,28,50000,Balanced,2025-04-19,2,Health,Paytm,2415.71,UPI,Mobile,0,1,0,1,0,9,0,0
5433,278,20,25000,Aggressive,2025-04-30,4,Fashion,Zomato,1842.93,UPI,Desktop,0,0,0,0,0,3,1,0
5434,195,42,35000,Aggressive,2025-12-01,6,Rent,Groww,15044.75,UPI,Mobile,1,0,1,0,0,3,10,1
5435,465,32,50000,Balanced,2025-04-21,14,Investment,Myntra,2177.97,Cash,Mobile,0,0,0,0,0,4,0,0
5436,414,22,50000,Conservative,2025-12-21,4,Utilities,Zomato,1972.93,Credit Card,Mobile,0,0,0,0,0,1,0,0
5437,190,22,100000,Aggressive,2025-04-15,13,Travel,Flipkart,6956.58,Credit Card,Mobile,0,0,1,0,0,2,3,1
5438,91,33,25000,Conservative,2025-05-04,13,Food Delivery,Croma,328.97,UPI,Mobile,1,0,0,1,0,8,0,0
5439,286,23,75000,Balanced,2025-11-02,9,Utilities,Zomato,2981.75,UPI,Mobile,1,0,0,0,0,4,0,0
5440,86,29,35000,Balanced,2025-11-15,18,Fashion,Paytm,4550.05,Credit Card,Mobile,0,0,1,0,0,6,4,1
5441,326,41,75000,Conservative,2025-02-23,15,Travel,BigBasket,10603.19,Credit Card,Tablet,0,0,1,0,1,4,4,1
5442,477,37,15000,Balanced,2025-07-31,12,Investment,Croma,6268.08,Cash,Mobile,0,0,0,0,0,8,8,0
5443,116,37,35000,Balanced,2025-05-27,22,Food Delivery,Zomato,494.54,UPI,Mobile,0,1,0,0,0,10,0,0
5444,78,28,75000,Balanced,2025-04-07,21,Investment,Groww,6605.4,Debit Card,Desktop,0,0,0,0,0,2,1,0
5445,265,32,50000,Balanced,2025-04-04,4,Fashion,Amazon,2603.02,Debit Card,Mobile,1,0,1,0,0,5,1,0
5446,138,20,35000,Balanced,2025-09-23,1,Food Delivery,BigBasket,431.43,UPI,Mobile,0,1,1,0,0,7,2,1
5447,421,34,100000,Aggressive,2025-11-03,3,Health,Swiggy,3820.99,UPI,Mobile,1,0,0,1,0,8,0,0
5448,407,42,50000,Balanced,2025-08-29,1,Health,Croma,571.39,UPI,Mobile,0,1,0,0,0,8,0,0
5449,121,26,50000,Conservative,2025-03-06,9,Education,Groww,2623.6,BNPL,Desktop,0,0,1,0,0,5,4,0
5450,410,35,25000,Conservative,2025-02-20,7,Groceries,PhonePe,439.63,Cash,Mobile,0,0,0,0,0,6,0,0
5451,495,43,25000,Conservative,2025-02-02,11,Utilities,BigBasket,2241.5,UPI,Mobile,1,0,1,1,0,7,1,0
5452,324,25,35000,Balanced,2025-04-17,3,Groceries,Paytm,1027.0,Debit Card,Mobile,0,0,0,1,0,9,0,0
5453,79,25,35000,Conservative,2025-07-17,14,Utilities,Zomato,2226.95,Credit Card,Desktop,0,0,0,0,0,1,1,0
5454,345,36,35000,Balanced,2025-09-26,9,Groceries,BigBasket,562.8,UPI,Mobile,0,0,0,0,1,1,0,0
5455,70,42,15000,Aggressive,2025-10-07,6,Utilities,Myntra,1805.13,UPI,Mobile,0,0,1,0,0,9,2,0
5456,46,28,25000,Conservative,2025-12-20,16,Groceries,Groww,1456.81,UPI,Mobile,0,0,0,1,1,3,1,0
5457,436,34,15000,Aggressive,2025-03-13,20,Groceries,Myntra,1552.98,UPI,Mobile,0,0,1,0,0,2,2,0
5458,229,38,35000,Balanced,2025-11-27,15,Rent,Flipkart,15673.67,UPI,Mobile,0,0,1,0,0,4,10,1
5459,163,43,35000,Aggressive,2025-04-14,0,Food Delivery,Paytm,467.68,Debit Card,Desktop,0,1,0,0,1,5,0,0
5460,8,29,15000,Balanced,2025-02-19,23,Fashion,PhonePe,2609.92,Debit Card,Mobile,0,1,0,0,0,10,5,1
5461,79,25,35000,Conservative,2025-10-05,0,EMI,Uber,5501.76,Debit Card,Mobile,1,1,0,1,1,4,5,1
5462,139,36,50000,Balanced,2025-05-30,21,Utilities,Zomato,1602.01,Debit Card,Mobile,0,0,0,0,0,4,0,0
5463,258,41,15000,Conservative,2025-10-05,17,Health,Flipkart,1639.24,UPI,Mobile,1,0,1,0,0,6,2,0
5464,220,34,25000,Balanced,2025-04-14,17,Health,Myntra,3621.48,UPI,Mobile,0,0,0,0,0,4,2,0
5465,283,32,35000,Conservative,2025-08-06,7,Utilities,PhonePe,1298.29,UPI,Mobile,0,0,1,1,0,2,0,0
5466,373,43,15000,Conservative,2025-02-21,3,Groceries,Groww,961.07,Debit Card,Mobile,0,0,1,0,0,5,1,0
5467,481,37,35000,Conservative,2025-06-09,15,Rent,Amazon,6546.38,Debit Card,Desktop,0,0,0,0,0,7,3,0
5468,454,22,15000,Aggressive,2025-07-12,10,Groceries,Paytm,2266.83,Credit Card,Mobile,0,0,0,0,0,6,3,0
5469,337,25,15000,Balanced,2025-01-17,6,Rent,Amazon,8398.3,Debit Card,Mobile,0,0,0,0,0,5,10,0
5470,343,35,15000,Conservative,2025-12-16,17,Investment,PhonePe,2370.35,UPI,Mobile,0,0,0,0,0,1,3,0
5471,150,33,15000,Conservative,2025-12-21,10,Travel,Uber,8705.87,Credit Card,Desktop,0,0,0,1,1,3,10,1
5472,356,39,35000,Balanced,2025-05-10,5,EMI,Uber,6527.06,Credit Card,Mobile,0,0,0,1,0,3,5,1
5473,453,19,25000,Balanced,2025-12-28,20,Utilities,Groww,2554.93,Debit Card,Mobile,0,0,1,0,1,7,2,0
5474,346,19,75000,Balanced,2025-10-29,23,Utilities,Croma,1235.56,Debit Card,Mobile,0,1,0,1,1,9,0,0
5475,67,36,25000,Conservative,2025-08-15,2,EMI,Flipkart,10986.31,UPI,Mobile,0,1,0,0,1,9,8,0
5476,230,29,25000,Conservative,2025-12-28,22,Health,Flipkart,2510.02,Credit Card,Mobile,0,1,0,0,0,9,2,0
5477,281,25,35000,Balanced,2025-11-07,13,Travel,PhonePe,6819.85,UPI,Mobile,0,0,0,0,0,3,3,0
5478,55,24,35000,Conservative,2025-09-15,9,Electronics,Uber,5706.42,UPI,Desktop,0,0,0,0,1,6,3,0
5479,168,19,15000,Conservative,2025-04-21,8,Groceries,Flipkart,1042.74,BNPL,Mobile,0,0,0,1,1,8,4,0
5480,279,44,35000,Aggressive,2025-01-07,22,Rent,Netflix,19701.54,UPI,Mobile,0,1,0,0,0,3,10,1
5481,409,34,15000,Conservative,2025-11-21,6,Rent,Uber,11076.99,BNPL,Mobile,0,0,0,0,0,1,10,1
5482,491,39,35000,Balanced,2025-05-09,10,Utilities,Zomato,1198.6,Cash,Desktop,0,0,1,0,0,2,0,0
5483,287,25,50000,Conservative,2025-08-14,7,Travel,Swiggy,10884.71,UPI,Mobile,0,0,0,1,0,8,4,0
5484,417,42,50000,Conservative,2025-08-05,1,Utilities,Flipkart,1778.57,UPI,Mobile,1,1,0,0,0,2,0,0
5485,488,23,75000,Balanced,2025-06-07,16,Fashion,Zomato,2026.38,UPI,Mobile,0,0,1,1,1,8,2,1
5486,500,24,35000,Conservative,2025-08-15,5,Food Delivery,Netflix,179.39,Credit Card,Mobile,0,0,0,0,1,5,0,0
5487,186,27,100000,Aggressive,2025-04-08,12,EMI,Amazon,5666.3,Credit Card,Mobile,0,0,0,0,0,2,1,0
5488,367,39,50000,Conservative,2025-02-25,12,Groceries,Groww,1395.93,Credit Card,Mobile,0,0,0,0,0,6,0,0
5489,442,42,75000,Conservative,2025-07-06,20,EMI,Flipkart,5090.9,UPI,Mobile,0,0,1,1,0,6,1,0
5490,108,31,75000,Conservative,2025-06-01,11,Groceries,Flipkart,934.49,UPI,Desktop,1,0,1,0,0,1,0,0
5491,134,36,35000,Aggressive,2025-06-06,3,Electronics,Groww,9788.64,UPI,Mobile,0,0,0,0,1,2,7,1
5492,214,23,35000,Aggressive,2025-07-08,10,Fashion,Uber,2027.21,Credit Card,Mobile,0,0,0,1,0,10,1,0
5493,13,38,35000,Conservative,2025-07-08,21,Utilities,Uber,2031.3,Credit Card,Desktop,0,0,0,1,0,1,1,0
5494,372,39,15000,Balanced,2025-09-18,10,Groceries,Uber,932.29,UPI,Mobile,0,0,0,0,0,1,1,0
5495,59,19,35000,Balanced,2025-01-21,15,EMI,BigBasket,2389.18,Debit Card,Mobile,0,0,0,0,0,5,1,0
5496,135,22,50000,Balanced,2025-10-24,9,Utilities,PhonePe,2265.05,Debit Card,Mobile,0,0,0,1,0,10,0,0
5497,168,19,15000,Conservative,2025-01-30,7,Utilities,Netflix,1681.22,BNPL,Desktop,0,0,0,1,0,1,5,0
5498,125,22,35000,Balanced,2025-07-16,12,Rent,Myntra,11412.55,Credit Card,Mobile,0,0,1,0,0,6,8,1
5499,490,42,35000,Conservative,2025-08-09,14,Investment,Amazon,2423.48,UPI,Desktop,0,0,1,1,1,3,3,1
5500,140,18,100000,Aggressive,2025-02-10,13,Rent,Flipkart,8000.17,UPI,Desktop,0,0,0,0,0,10,1,0
5501,33,22,50000,Balanced,2025-06-01,13,Rent,Netflix,15992.11,Credit Card,Mobile,1,0,0,1,0,4,8,1
5502,434,33,35000,Conservative,2025-10-07,15,Entertainment,Swiggy,1212.47,Credit Card,Mobile,0,0,1,0,0,10,2,1
5503,13,38,35000,Conservative,2025-01-07,15,Fashion,Swiggy,3320.85,UPI,Mobile,0,0,1,0,0,6,1,0
5504,297,44,35000,Balanced,2025-04-15,12,Electronics,Zomato,11559.46,Debit Card,Mobile,0,0,0,1,1,7,8,1
5505,10,32,35000,Balanced,2025-09-02,19,EMI,Uber,9740.11,Credit Card,Mobile,1,0,0,1,0,6,5,0
5506,58,22,25000,Balanced,2025-05-01,16,Fashion,Groww,3155.81,UPI,Mobile,1,0,1,1,0,2,4,1
5507,270,25,50000,Conservative,2025-05-01,0,Groceries,Netflix,924.85,UPI,Desktop,1,1,0,0,0,3,0,0
5508,289,24,35000,Aggressive,2025-02-01,22,Entertainment,BigBasket,757.19,Credit Card,Mobile,1,1,0,0,0,9,2,1
5509,458,44,75000,Aggressive,2025-09-14,19,Electronics,Flipkart,8348.39,UPI,Mobile,0,0,0,1,1,8,2,0
5510,86,29,35000,Balanced,2025-08-11,4,Rent,Uber,1822.16,UPI,Desktop,0,0,0,1,0,7,1,0
5511,124,38,35000,Balanced,2025-05-16,21,Food Delivery,Flipkart,519.74,UPI,Mobile,0,0,0,0,0,3,0,0
5512,157,29,25000,Aggressive,2025-01-06,14,Groceries,Groww,648.61,BNPL,Mobile,0,0,1,0,0,6,3,0
5513,257,36,15000,Balanced,2025-11-05,14,Travel,Paytm,100.0,Credit Card,Mobile,1,0,0,0,0,8,0,0
5514,246,30,35000,Balanced,2025-10-05,20,Investment,Amazon,5963.25,Cash,Mobile,1,0,0,0,0,5,3,0
5515,252,44,100000,Balanced,2025-08-28,2,Rent,Paytm,11576.69,BNPL,Mobile,0,1,0,0,0,8,5,0
5516,190,22,100000,Aggressive,2025-09-04,5,Fashion,Croma,2040.23,UPI,Mobile,1,0,0,1,0,6,0,0
5517,417,42,50000,Conservative,2025-05-28,5,Fashion,Zomato,809.04,UPI,Desktop,0,0,0,0,0,7,0,0
5518,208,25,15000,Balanced,2025-03-14,4,Fashion,Zomato,100.0,Credit Card,Mobile,0,0,0,0,0,7,0,0
5519,274,35,15000,Balanced,2025-01-09,22,Entertainment,Amazon,773.33,UPI,Mobile,0,1,0,1,1,4,3,1
5520,262,43,25000,Balanced,2025-01-29,18,Entertainment,Flipkart,740.29,UPI,Mobile,0,0,0,0,0,10,0,0
5521,443,44,50000,Conservative,2025-08-22,16,Entertainment,Groww,900.82,Debit Card,Mobile,0,0,0,1,0,10,0,0
5522,415,23,100000,Aggressive,2025-09-23,0,Investment,Zomato,8386.81,UPI,Mobile,0,1,1,0,0,1,3,1
5523,107,18,15000,Conservative,2025-04-26,19,EMI,PhonePe,6424.75,Credit Card,Mobile,0,0,0,0,0,1,10,1
5524,283,32,35000,Conservative,2025-06-03,21,Education,Amazon,3387.46,UPI,Mobile,1,0,0,0,0,2,1,0
5525,108,31,75000,Conservative,2025-04-25,12,Utilities,Swiggy,2788.36,UPI,Desktop,0,0,0,1,0,2,0,0
5526,353,40,50000,Balanced,2025-05-19,0,Food Delivery,Amazon,176.41,Credit Card,Mobile,0,1,1,0,0,10,2,1
5527,133,19,25000,Conservative,2025-04-27,20,Food Delivery,Myntra,365.19,Credit Card,Mobile,0,0,0,0,0,4,2,1
5528,112,37,15000,Conservative,2025-09-20,17,Entertainment,Netflix,746.46,UPI,Mobile,0,0,1,0,0,10,0,0
5529,215,35,35000,Conservative,2025-07-20,2,Health,Uber,2384.26,Debit Card,Mobile,0,1,0,0,0,9,1,0
5530,69,35,50000,Balanced,2025-05-06,11,Utilities,Zomato,2965.8,Credit Card,Mobile,0,0,1,0,0,2,3,1
5531,113,28,15000,Balanced,2025-01-18,20,Food Delivery,Amazon,395.13,Cash,Mobile,0,0,1,1,0,3,2,1
5532,365,30,50000,Balanced,2025-04-29,12,Investment,Swiggy,2985.1,UPI,Mobile,0,0,0,0,0,1,1,0
5533,488,23,75000,Balanced,2025-03-10,3,Groceries,PhonePe,983.3,Credit Card,Desktop,0,0,0,1,0,8,0,0
5534,44,42,15000,Balanced,2025-09-05,2,Electronics,Amazon,14566.86,UPI,Mobile,1,1,0,0,1,6,10,1
5535,329,36,35000,Balanced,2025-07-01,23,Groceries,Myntra,1981.29,Credit Card,Mobile,1,1,1,0,1,7,3,1
5536,120,22,25000,Conservative,2025-08-13,2,Rent,Groww,14013.9,Credit Card,Mobile,0,1,0,1,1,2,10,1
5537,220,34,25000,Balanced,2025-07-31,1,Rent,Netflix,15231.52,Credit Card,Mobile,0,1,0,1,0,1,10,1
5538,49,30,75000,Conservative,2025-11-22,1,EMI,PhonePe,5673.42,Cash,Desktop,0,1,1,0,0,3,3,1
5539,239,31,15000,Conservative,2025-05-17,13,Food Delivery,Uber,458.62,UPI,Mobile,0,0,0,0,0,4,0,0
5540,144,43,50000,Conservative,2025-02-18,23,Entertainment,Paytm,1332.04,BNPL,Mobile,0,1,1,1,0,5,5,1
5541,37,44,35000,Balanced,2025-11-06,15,Education,Netflix,6291.34,UPI,Mobile,0,0,1,1,1,2,5,1
5542,244,24,25000,Conservative,2025-01-24,14,Electronics,Zomato,24397.25,Credit Card,Mobile,0,0,1,0,1,10,10,1
5543,163,43,35000,Aggressive,2025-05-15,16,Food Delivery,Paytm,472.2,UPI,Mobile,0,0,0,1,0,2,0,0
5544,109,19,15000,Balanced,2025-10-21,7,Fashion,Groww,2995.65,UPI,Mobile,0,0,1,1,0,9,5,1
5545,327,34,15000,Balanced,2025-09-20,11,Entertainment,Flipkart,941.34,Debit Card,Mobile,0,0,0,0,0,10,1,0
5546,448,29,15000,Conservative,2025-07-05,18,Food Delivery,Swiggy,303.25,UPI,Desktop,1,0,0,0,1,9,0,0
5547,369,28,25000,Conservative,2025-01-30,21,Utilities,Uber,2247.46,UPI,Mobile,0,0,0,1,0,2,1,0
5548,7,18,25000,Balanced,2025-02-11,15,Fashion,BigBasket,5252.51,BNPL,Mobile,0,0,1,0,0,4,9,1
5549,476,25,50000,Aggressive,2025-11-27,0,EMI,Flipkart,6881.3,UPI,Desktop,0,1,0,0,0,2,2,0
5550,252,44,100000,Balanced,2025-10-27,4,Fashion,Groww,2934.65,Credit Card,Mobile,0,0,0,1,0,2,2,1
5551,299,37,25000,Aggressive,2025-04-23,9,Investment,Groww,4815.15,Debit Card,Mobile,0,0,0,1,0,5,3,0
5552,180,32,75000,Balanced,2025-12-29,17,Health,Flipkart,2702.77,BNPL,Tablet,0,0,1,1,0,8,3,0
5553,19,23,25000,Balanced,2025-04-21,18,Entertainment,Groww,1084.21,Credit Card,Tablet,0,0,0,0,0,7,0,0
5554,403,44,75000,Balanced,2025-06-21,18,Travel,Flipkart,12658.88,UPI,Mobile,0,0,0,0,0,4,3,0
5555,17,25,15000,Aggressive,2025-08-07,3,Education,Netflix,3505.9,Debit Card,Mobile,0,0,0,0,1,10,4,0
5556,164,28,50000,Aggressive,2025-11-28,22,Travel,Amazon,6882.42,UPI,Mobile,0,1,0,0,1,7,2,0
5557,50,25,35000,Balanced,2025-09-22,23,Travel,Myntra,8717.3,UPI,Mobile,0,1,0,0,0,6,4,0
5558,260,34,35000,Balanced,2025-12-09,1,Food Delivery,BigBasket,324.85,BNPL,Mobile,0,1,0,0,0,8,5,1
5559,175,43,50000,Balanced,2025-10-25,23,Entertainment,Groww,1245.5,Credit Card,Mobile,0,1,0,1,1,6,2,1
5560,64,33,50000,Conservative,2025-09-27,13,Investment,PhonePe,4431.44,UPI,Mobile,0,0,0,0,1,7,1,0
5561,399,32,50000,Balanced,2025-12-08,21,Electronics,PhonePe,10952.44,UPI,Mobile,0,0,0,0,0,5,4,0
5562,228,35,25000,Conservative,2025-03-06,13,Food Delivery,Croma,472.51,Debit Card,Mobile,0,0,1,0,0,5,0,0
5563,210,29,50000,Aggressive,2025-04-25,5,Electronics,Uber,19356.5,BNPL,Mobile,0,0,0,0,0,5,10,1
5564,368,21,50000,Conservative,2025-02-11,4,Education,Flipkart,3475.65,UPI,Mobile,0,0,1,1,1,5,1,0
5565,172,36,50000,Balanced,2025-06-03,10,Groceries,Paytm,594.62,Credit Card,Mobile,1,0,0,1,1,6,0,0
5566,297,44,35000,Balanced,2025-07-09,23,Travel,Amazon,8267.24,UPI,Mobile,0,1,1,0,0,10,6,1
5567,252,44,100000,Balanced,2025-11-18,11,Entertainment,Amazon,211.15,Credit Card,Mobile,0,0,0,0,1,1,2,1
5568,416,41,35000,Balanced,2025-11-07,16,Groceries,Uber,1106.01,Cash,Mobile,0,0,0,0,0,5,0,0
5569,327,34,15000,Balanced,2025-02-27,21,Rent,Zomato,10090.84,Debit Card,Mobile,0,0,0,0,0,3,10,0
5570,218,40,35000,Balanced,2025-01-13,9,EMI,BigBasket,12482.65,UPI,Desktop,0,0,0,0,0,7,7,0
5571,309,18,15000,Aggressive,2025-01-25,10,Food Delivery,Myntra,268.93,UPI,Mobile,0,0,0,1,0,3,0,0
5572,482,42,25000,Balanced,2025-11-21,3,Education,Groww,3078.75,Credit Card,Mobile,0,0,1,1,0,4,4,1
5573,437,36,50000,Conservative,2025-01-14,2,Fashion,Paytm,4870.19,UPI,Mobile,0,1,0,0,0,8,1,0
5574,452,36,50000,Balanced,2025-01-16,16,Groceries,Myntra,1337.85,UPI,Mobile,0,0,0,1,0,10,0,0
5575,76,33,50000,Aggressive,2025-03-11,7,Entertainment,BigBasket,538.29,UPI,Mobile,0,0,1,1,1,4,2,1
5576,214,23,35000,Aggressive,2025-01-08,21,Utilities,Groww,915.91,Debit Card,Mobile,0,0,1,1,0,10,0,0
5577,478,29,15000,Aggressive,2025-08-02,18,Utilities,BigBasket,1911.99,BNPL,Mobile,1,0,0,0,0,7,5,0
5578,255,28,15000,Aggressive,2025-01-13,15,Fashion,PhonePe,2705.54,BNPL,Mobile,0,0,0,0,0,2,8,1
5579,259,28,75000,Aggressive,2025-08-14,23,Education,Amazon,3772.28,UPI,Mobile,0,1,0,0,1,10,1,0
5580,414,22,50000,Conservative,2025-01-31,15,Utilities,Amazon,2449.05,UPI,Desktop,0,0,0,0,0,4,0,0
5581,97,40,25000,Balanced,2025-09-18,3,EMI,Myntra,3684.11,Credit Card,Mobile,0,0,0,0,0,8,2,0
5582,7,18,25000,Balanced,2025-06-07,16,Health,BigBasket,2806.61,Credit Card,Mobile,0,0,0,0,0,5,2,0
5583,227,43,25000,Aggressive,2025-06-06,19,Utilities,Zomato,2714.84,Credit Card,Mobile,0,0,1,1,0,2,4,1
5584,436,34,15000,Aggressive,2025-09-13,7,Groceries,BigBasket,453.24,Debit Card,Mobile,0,0,1,0,0,4,0,0
5585,101,19,25000,Conservative,2025-01-10,14,Rent,Myntra,6254.94,Credit Card,Desktop,0,0,0,0,0,4,7,1
5586,256,41,75000,Conservative,2025-10-18,2,Entertainment,Croma,1156.71,Credit Card,Mobile,0,1,0,0,0,3,2,1
5587,19,23,25000,Balanced,2025-12-18,9,Health,Netflix,1664.69,UPI,Mobile,0,0,0,1,0,9,1,0
5588,104,27,50000,Aggressive,2025-09-21,18,Groceries,Swiggy,1512.69,Credit Card,Desktop,0,0,0,1,0,6,0,0
5589,69,35,50000,Balanced,2025-07-26,13,Food Delivery,Swiggy,153.89,Credit Card,Mobile,0,0,0,0,0,1,2,1
5590,39,24,35000,Balanced,2025-04-06,23,EMI,Zomato,7333.77,Credit Card,Mobile,0,1,1,0,0,9,6,1
5591,36,43,25000,Conservative,2025-10-05,11,Rent,BigBasket,10509.09,Credit Card,Mobile,1,0,0,1,0,1,10,1
5592,499,44,15000,Aggressive,2025-08-18,22,Utilities,Amazon,1848.59,Debit Card,Mobile,0,1,0,1,1,8,2,0
5593,131,18,35000,Balanced,2025-07-31,4,Education,Swiggy,2246.08,UPI,Desktop,0,0,0,0,0,1,1,0
5594,177,42,25000,Conservative,2025-05-31,19,Rent,BigBasket,11423.65,UPI,Desktop,0,0,1,0,1,9,9,0
5595,169,36,35000,Aggressive,2025-04-24,14,Investment,Uber,8116.46,UPI,Mobile,0,0,0,0,0,5,4,0
5596,225,25,50000,Balanced,2025-08-15,7,Health,Zomato,2528.05,Credit Card,Mobile,0,0,1,1,1,6,3,1
5597,274,35,15000,Balanced,2025-09-09,2,Education,Myntra,3115.15,Cash,Mobile,0,1,0,0,0,5,4,0
5598,355,19,35000,Conservative,2025-07-10,18,EMI,Myntra,4572.53,Credit Card,Mobile,0,0,0,0,1,7,2,0
5599,134,36,35000,Aggressive,2025-03-09,2,Food Delivery,Groww,448.31,UPI,Desktop,0,1,0,1,0,1,2,1
5600,329,36,35000,Balanced,2025-11-25,1,Groceries,Paytm,1155.47,BNPL,Mobile,0,1,0,0,0,4,5,1
5601,98,35,35000,Aggressive,2025-03-10,13,Rent,Swiggy,10608.88,Debit Card,Desktop,0,0,0,0,0,9,6,0
5602,396,41,25000,Conservative,2025-10-11,10,Entertainment,Amazon,1213.33,UPI,Desktop,0,0,0,1,0,1,0,0
5603,360,19,35000,Balanced,2025-07-14,14,Food Delivery,Uber,530.81,Credit Card,Mobile,0,0,1,0,0,3,2,1
5604,144,43,50000,Conservative,2025-06-19,20,EMI,Flipkart,805.48,Credit Card,Mobile,0,0,1,1,0,7,0,0
5605,177,42,25000,Conservative,2025-02-28,2,Investment,Paytm,6583.31,UPI,Desktop,0,1,0,0,0,2,7,1
5606,109,19,15000,Balanced,2025-03-15,8,Travel,Swiggy,7817.65,UPI,Mobile,0,0,0,0,0,3,10,0
5607,180,32,75000,Balanced,2025-02-18,9,Entertainment,Swiggy,952.9,Debit Card,Mobile,0,0,0,0,0,1,0,0
5608,469,38,75000,Aggressive,2025-11-27,21,Investment,Flipkart,7596.09,UPI,Desktop,0,0,0,1,0,3,2,0
5609,286,23,75000,Balanced,2025-05-07,8,Electronics,Croma,100.0,UPI,Mobile,0,0,1,0,0,1,2,1
5610,86,29,35000,Balanced,2025-01-24,9,Electronics,Croma,18740.57,UPI,Desktop,0,0,0,1,0,8,10,0
5611,423,34,35000,Balanced,2025-03-25,0,Groceries,Paytm,1713.81,Debit Card,Mobile,0,1,0,1,0,10,0,0
5612,421,34,100000,Aggressive,2025-08-08,20,Groceries,Myntra,809.27,BNPL,Desktop,0,0,1,0,0,5,3,0
5613,303,18,15000,Aggressive,2025-05-18,2,Entertainment,Paytm,956.21,Debit Card,Mobile,0,1,0,0,0,6,1,0
5614,74,29,35000,Aggressive,2025-12-03,21,Education,Flipkart,3913.15,UPI,Mobile,1,0,0,0,0,7,2,0
5615,405,34,35000,Balanced,2025-02-24,22,Investment,Croma,3105.58,UPI,Mobile,0,1,0,0,0,5,1,0
5616,164,28,50000,Aggressive,2025-05-18,6,EMI,Myntra,8888.59,BNPL,Mobile,0,0,1,0,0,5,8,1
5617,120,22,25000,Conservative,2025-03-11,9,Electronics,Myntra,18145.95,UPI,Mobile,0,0,0,1,0,4,10,1
5618,420,28,25000,Conservative,2025-12-22,3,Health,Swiggy,2239.71,Credit Card,Mobile,0,0,1,1,0,4,3,1
5619,187,29,15000,Conservative,2025-12-10,6,Food Delivery,Croma,395.97,UPI,Desktop,0,0,1,0,0,10,0,0
5620,199,42,100000,Aggressive,2025-02-17,0,Travel,Paytm,2551.88,UPI,Mobile,0,1,0,0,0,4,0,0
5621,242,23,35000,Conservative,2025-02-21,16,Rent,Zomato,15860.32,UPI,Tablet,0,0,0,1,1,3,10,1
5622,324,25,35000,Balanced,2025-09-28,3,EMI,Paytm,9467.84,UPI,Desktop,0,0,0,0,0,6,5,0
5623,65,23,50000,Aggressive,2025-09-03,4,Travel,PhonePe,15606.26,Credit Card,Mobile,1,0,0,1,0,4,8,1
5624,321,28,35000,Conservative,2025-12-09,7,Electronics,Uber,100.0,UPI,Mobile,0,0,0,0,0,10,0,0
5625,184,18,35000,Balanced,2025-01-05,5,Investment,Croma,3682.74,UPI,Desktop,1,0,0,1,1,9,2,0
5626,431,27,50000,Balanced,2025-08-06,4,Investment,Croma,7516.36,UPI,Tablet,0,0,0,0,1,9,3,0
5627,131,18,35000,Balanced,2025-03-06,13,Entertainment,Myntra,806.41,Debit Card,Mobile,0,0,0,1,1,6,0,0
5628,442,42,75000,Conservative,2025-06-28,15,Entertainment,Flipkart,516.93,BNPL,Mobile,0,0,0,1,0,8,3,0
5629,204,22,50000,Conservative,2025-02-23,15,Investment,Croma,7055.03,Credit Card,Tablet,0,0,1,0,1,2,4,1
5630,153,42,25000,Conservative,2025-09-19,5,Health,PhonePe,1869.01,UPI,Mobile,0,0,0,0,0,5,1,0
5631,148,42,35000,Balanced,2025-04-19,10,Food Delivery,Zomato,464.2,Credit Card,Mobile,0,0,1,0,0,8,2,1
5632,456,34,50000,Balanced,2025-06-13,14,Groceries,Paytm,762.16,Debit Card,Mobile,0,0,0,0,0,4,0,0
5633,268,23,25000,Conservative,2025-05-11,6,Groceries,Swiggy,1580.14,UPI,Mobile,0,0,0,0,1,9,1,0
5634,428,21,35000,Conservative,2025-09-18,9,Entertainment,Croma,1174.34,Credit Card,Mobile,0,0,0,0,1,9,0,0
5635,101,19,25000,Conservative,2025-07-07,1,Electronics,Groww,16706.73,UPI,Mobile,0,1,0,0,0,4,10,1
5636,11,36,25000,Aggressive,2025-03-25,2,Education,Netflix,2973.1,UPI,Mobile,0,1,0,0,1,2,2,0
5637,481,37,35000,Conservative,2025-03-28,15,Electronics,Zomato,8655.77,Debit Card,Mobile,0,0,0,1,0,9,4,0
5638,334,40,100000,Aggressive,2025-07-13,13,EMI,Groww,7463.26,UPI,Mobile,0,0,1,0,0,9,1,0
5639,425,35,35000,Aggressive,2025-02-26,11,Fashion,PhonePe,3041.87,UPI,Mobile,0,0,1,0,1,4,3,1
5640,42,30,15000,Conservative,2025-11-01,13,EMI,Swiggy,6123.72,UPI,Mobile,1,0,0,1,0,10,8,0
5641,183,26,25000,Conservative,2025-11-25,23,Entertainment,Zomato,867.99,UPI,Mobile,0,1,1,0,0,10,2,1
5642,392,36,75000,Aggressive,2025-09-03,23,EMI,BigBasket,3056.95,Debit Card,Mobile,1,1,0,0,0,10,0,0
5643,59,19,35000,Balanced,2025-07-03,22,Food Delivery,Swiggy,988.44,BNPL,Mobile,1,1,0,0,0,6,5,1
5644,388,26,75000,Conservative,2025-09-28,11,EMI,Netflix,3600.49,UPI,Mobile,0,0,0,1,1,2,0,0
5645,261,42,50000,Balanced,2025-03-21,18,Investment,Swiggy,4662.47,Credit Card,Mobile,0,0,0,0,0,4,1,0
5646,366,43,35000,Conservative,2025-09-12,9,Health,Netflix,1982.54,Cash,Mobile,0,0,1,0,1,10,1,0
5647,56,34,100000,Conservative,2025-12-20,16,Investment,Amazon,5728.93,Credit Card,Mobile,0,0,0,1,0,7,1,0
5648,460,20,35000,Conservative,2025-07-16,17,Entertainment,PhonePe,1554.94,Credit Card,Mobile,0,0,0,0,0,9,0,0
5649,343,35,15000,Conservative,2025-06-02,10,Entertainment,Netflix,263.17,UPI,Tablet,1,0,0,0,1,10,0,0
5650,179,43,15000,Aggressive,2025-02-26,15,Food Delivery,PhonePe,590.58,UPI,Mobile,0,0,0,0,1,7,0,0
5651,33,22,50000,Balanced,2025-09-10,10,Utilities,Zomato,2285.83,BNPL,Desktop,0,0,0,0,0,8,3,0
5652,299,37,25000,Aggressive,2025-12-06,5,Food Delivery,Croma,192.29,UPI,Mobile,0,0,0,1,1,2,2,1
5653,157,29,25000,Aggressive,2025-02-16,19,Education,Myntra,2281.24,UPI,Mobile,0,0,0,0,0,1,1,0
5654,388,26,75000,Conservative,2025-01-12,23,EMI,Myntra,6705.76,UPI,Desktop,0,1,0,1,0,6,1,0
5655,69,35,50000,Balanced,2025-04-14,4,Education,Groww,1707.8,Debit Card,Mobile,0,0,0,0,0,3,0,0
5656,420,28,25000,Conservative,2025-01-16,19,Entertainment,Swiggy,979.46,UPI,Mobile,0,0,0,1,0,10,0,0
5657,13,38,35000,Conservative,2025-09-06,23,Rent,Myntra,12789.08,Cash,Mobile,0,1,1,0,1,9,9,1
5658,213,31,50000,Conservative,2025-01-21,22,Food Delivery,Swiggy,320.58,Credit Card,Desktop,0,1,0,0,1,6,2,1
5659,406,42,35000,Conservative,2025-04-06,12,Groceries,Uber,343.18,BNPL,Desktop,0,0,0,0,0,7,3,0
5660,345,36,35000,Balanced,2025-04-06,20,Groceries,Flipkart,670.01,Credit Card,Mobile,0,0,0,0,1,7,0,0
5661,70,42,15000,Aggressive,2025-02-03,11,Food Delivery,Groww,665.83,Debit Card,Mobile,1,0,1,0,1,8,0,0
5662,81,31,35000,Balanced,2025-01-13,7,Electronics,Swiggy,8327.9,UPI,Mobile,0,0,0,0,0,10,4,0
5663,101,19,25000,Conservative,2025-07-25,9,Health,Uber,2695.01,Credit Card,Mobile,0,0,0,0,0,10,2,0
5664,340,31,35000,Aggressive,2025-01-22,11,Groceries,Groww,1251.92,Debit Card,Mobile,0,0,0,0,1,4,0,0
5665,249,25,35000,Balanced,2025-11-28,23,Entertainment,BigBasket,665.7,UPI,Mobile,0,1,0,0,0,10,0,0
5666,128,22,15000,Conservative,2025-03-23,22,Health,Croma,1997.2,BNPL,Mobile,0,1,0,0,0,6,5,0
5667,132,43,35000,Balanced,2025-02-04,19,Education,Swiggy,2045.12,UPI,Mobile,1,0,0,0,0,9,1,0
5668,251,43,35000,Conservative,2025-02-13,5,Entertainment,Groww,468.93,UPI,Desktop,0,0,1,0,0,10,0,0
5669,306,27,50000,Conservative,2025-01-10,6,Utilities,Paytm,2222.61,UPI,Desktop,0,0,0,0,1,1,0,0
5670,234,33,15000,Conservative,2025-03-02,4,Groceries,Swiggy,1490.78,UPI,Desktop,1,0,0,0,0,3,1,0
5671,443,44,50000,Conservative,2025-02-24,18,EMI,Flipkart,8631.18,Credit Card,Mobile,0,0,0,0,0,6,3,0
5672,406,42,35000,Conservative,2025-01-13,10,Electronics,Croma,5004.43,Cash,Mobile,0,0,1,1,0,6,2,0
5673,480,31,35000,Balanced,2025-05-14,10,Education,Zomato,2923.24,Debit Card,Mobile,0,0,1,0,1,9,1,0
5674,22,25,35000,Balanced,2025-03-22,4,Food Delivery,Amazon,581.87,Debit Card,Mobile,0,0,0,0,0,3,0,0
5675,484,28,100000,Conservative,2025-08-13,23,Health,Netflix,2483.48,UPI,Mobile,0,1,0,0,0,7,0,0
5676,160,37,50000,Balanced,2025-11-21,9,Food Delivery,PhonePe,294.04,BNPL,Mobile,0,0,0,0,0,4,5,1
5677,418,25,75000,Balanced,2025-02-14,11,Investment,Croma,8023.73,Credit Card,Mobile,0,0,1,1,0,6,2,0
5678,261,42,50000,Balanced,2025-12-31,8,Travel,PhonePe,7294.45,UPI,Mobile,0,0,1,1,0,1,2,0
5679,20,35,50000,Aggressive,2025-08-26,7,Rent,Swiggy,16815.12,Credit Card,Mobile,0,0,1,0,0,3,8,1
5680,170,39,50000,Aggressive,2025-01-16,6,Travel,Paytm,8582.37,UPI,Mobile,0,0,0,0,0,9,3,0
5681,397,19,75000,Balanced,2025-12-13,12,Groceries,Uber,370.36,Credit Card,Mobile,0,0,0,0,1,5,0,0
5682,372,39,15000,Balanced,2025-01-24,6,Education,BigBasket,1465.39,UPI,Mobile,0,0,0,1,0,10,1,0
5683,165,26,50000,Balanced,2025-10-24,20,Investment,Paytm,6496.03,Credit Card,Mobile,0,0,0,0,0,6,2,0
5684,332,24,50000,Conservative,2025-12-20,6,Travel,Uber,13739.39,Debit Card,Mobile,0,0,0,0,0,4,5,0
5685,244,24,25000,Conservative,2025-11-22,15,Rent,Amazon,13442.8,UPI,Mobile,0,0,0,0,0,8,10,0
5686,267,21,25000,Balanced,2025-01-05,10,Health,Myntra,2673.07,UPI,Desktop,1,0,0,1,0,5,2,0
5687,33,22,50000,Balanced,2025-06-05,7,Health,Croma,2018.45,UPI,Desktop,1,0,1,0,1,5,0,0
5688,342,38,35000,Conservative,2025-08-10,12,Education,BigBasket,2934.81,UPI,Mobile,0,0,0,0,1,3,1,0
5689,370,34,50000,Balanced,2025-07-19,7,Electronics,PhonePe,10031.79,UPI,Mobile,0,0,0,0,1,4,6,1
5690,92,34,15000,Aggressive,2025-08-24,14,Education,Netflix,2895.28,UPI,Mobile,0,0,1,0,1,2,5,1
5691,244,24,25000,Conservative,2025-05-28,17,EMI,Croma,8211.24,UPI,Mobile,0,0,0,0,0,2,6,0
5692,413,41,15000,Aggressive,2025-10-29,0,Travel,Netflix,4499.91,UPI,Desktop,0,1,0,1,1,3,7,1
5693,45,29,25000,Aggressive,2025-05-02,20,Health,Zomato,1643.21,BNPL,Desktop,1,0,0,1,0,5,4,0
5694,392,36,75000,Aggressive,2025-04-18,11,Electronics,Paytm,24426.0,UPI,Mobile,0,0,0,1,1,2,8,1
5695,427,41,50000,Conservative,2025-12-26,7,Health,Croma,1694.52,UPI,Mobile,0,0,0,0,1,8,0,0
5696,37,44,35000,Balanced,2025-04-14,15,Rent,Amazon,11008.8,UPI,Desktop,0,0,0,0,0,8,6,0
5697,460,20,35000,Conservative,2025-05-29,18,Health,Amazon,234.56,Credit Card,Mobile,0,0,1,0,0,6,0,0
5698,87,39,25000,Aggressive,2025-11-10,14,Groceries,Paytm,1557.06,Credit Card,Mobile,0,0,1,0,0,6,1,0
5699,306,27,50000,Conservative,2025-01-08,4,Entertainment,BigBasket,687.65,UPI,Desktop,0,0,0,0,1,10,0,0
5700,82,33,100000,Conservative,2025-09-03,13,Electronics,Uber,16849.89,Credit Card,Mobile,1,0,1,1,0,9,5,1
5701,295,41,35000,Balanced,2025-02-23,17,EMI,Paytm,6540.24,Debit Card,Mobile,0,0,0,0,0,8,3,0
5702,226,20,35000,Aggressive,2025-03-01,19,Food Delivery,Amazon,214.76,BNPL,Mobile,1,0,0,0,0,8,3,0
5703,20,35,50000,Aggressive,2025-12-09,10,Health,Swiggy,2300.86,UPI,Desktop,0,0,0,0,0,3,0,0
5704,24,32,50000,Conservative,2025-05-07,14,Rent,Groww,16980.11,BNPL,Desktop,0,0,0,1,0,9,9,0
5705,253,18,15000,Conservative,2025-04-30,14,Health,Swiggy,1920.37,Credit Card,Desktop,0,0,0,0,0,1,2,0
5706,323,26,15000,Balanced,2025-10-02,1,Utilities,Zomato,662.71,Cash,Mobile,1,1,0,0,0,8,0,0
5707,124,38,35000,Balanced,2025-06-09,14,Investment,Groww,5393.63,Credit Card,Desktop,0,0,0,0,0,7,3,0
5708,347,28,25000,Conservative,2025-08-16,6,Utilities,Zomato,967.23,Debit Card,Mobile,0,0,1,0,0,10,0,0
5709,52,32,25000,Conservative,2025-04-16,14,Fashion,Myntra,1605.18,UPI,Mobile,0,0,0,1,0,8,1,0
5710,404,20,15000,Conservative,2025-10-26,15,Entertainment,Paytm,1064.96,Debit Card,Mobile,0,0,0,1,0,10,1,0
5711,215,35,35000,Conservative,2025-07-13,21,Education,Uber,2804.48,Credit Card,Desktop,0,0,0,0,0,4,1,0
5712,152,29,35000,Balanced,2025-09-12,17,Travel,Uber,9376.22,BNPL,Mobile,0,0,1,1,0,10,10,1
5713,49,30,75000,Conservative,2025-08-05,10,Groceries,BigBasket,972.34,Credit Card,Mobile,1,0,0,1,1,3,2,1
5714,148,42,35000,Balanced,2025-05-18,10,Fashion,Uber,372.12,UPI,Mobile,0,0,1,0,1,2,2,1
5715,133,19,25000,Conservative,2025-06-22,14,Travel,BigBasket,9763.88,BNPL,Mobile,0,0,1,0,0,4,10,1
5716,372,39,15000,Balanced,2025-01-15,23,Entertainment,Uber,732.24,Credit Card,Mobile,0,1,0,1,1,8,2,1
5717,239,31,15000,Conservative,2025-01-17,7,Groceries,Groww,225.41,Credit Card,Mobile,0,0,0,0,0,4,0,0
5718,462,36,25000,Conservative,2025-10-20,20,Travel,Paytm,8862.05,Debit Card,Desktop,0,0,0,0,0,1,7,0
5719,191,39,15000,Conservative,2025-05-22,3,Fashion,BigBasket,2685.55,Credit Card,Mobile,0,0,0,0,0,1,5,1
5720,311,18,75000,Balanced,2025-07-20,18,Food Delivery,Groww,864.35,Credit Card,Mobile,0,0,1,1,0,5,2,1
5721,383,42,35000,Conservative,2025-02-24,15,Groceries,Croma,1514.65,UPI,Mobile,0,0,0,0,0,9,0,0
5722,44,42,15000,Balanced,2025-12-19,8,Travel,Myntra,5485.04,UPI,Mobile,0,0,0,0,0,7,7,0
5723,282,36,35000,Balanced,2025-06-07,17,Investment,Croma,2793.26,BNPL,Mobile,0,0,0,0,0,3,4,0
5724,209,39,50000,Balanced,2025-01-10,15,Groceries,Groww,1335.42,Credit Card,Mobile,0,0,0,0,1,4,0,0
5725,9,27,15000,Aggressive,2025-12-14,4,Utilities,Amazon,2163.19,Cash,Mobile,0,0,0,1,0,2,2,0
5726,448,29,15000,Conservative,2025-04-12,18,Fashion,Uber,2630.59,Debit Card,Mobile,0,0,0,0,0,5,3,0
5727,330,34,35000,Balanced,2025-02-03,7,Health,Amazon,4642.18,BNPL,Mobile,1,0,0,0,0,10,5,0
5728,468,34,100000,Conservative,2025-12-11,17,Education,Myntra,4421.0,UPI,Mobile,0,0,0,0,1,9,0,0
5729,91,33,25000,Conservative,2025-06-24,20,Entertainment,Paytm,825.08,Credit Card,Mobile,0,0,0,0,0,10,0,0
5730,472,23,25000,Conservative,2025-11-11,2,Groceries,Uber,1268.28,Cash,Mobile,0,1,0,0,0,1,1,0
5731,386,33,50000,Conservative,2025-09-25,18,Travel,Paytm,11254.29,UPI,Mobile,0,0,0,0,0,6,4,0
5732,18,21,25000,Balanced,2025-10-14,22,Utilities,Groww,2279.91,UPI,Desktop,0,1,0,0,0,5,1,0
5733,189,43,25000,Conservative,2025-10-26,12,Groceries,BigBasket,823.66,Debit Card,Mobile,0,0,0,0,0,9,0,0
5734,123,39,50000,Balanced,2025-06-23,22,Food Delivery,Netflix,213.43,UPI,Mobile,0,1,0,0,0,8,0,0
5735,380,29,100000,Conservative,2025-10-31,16,Investment,Croma,4200.53,Credit Card,Mobile,0,0,1,1,0,5,0,0
5736,480,31,35000,Balanced,2025-07-17,11,Electronics,Croma,15123.77,UPI,Mobile,0,0,0,0,0,6,8,0
5737,315,37,35000,Aggressive,2025-04-11,18,Fashion,Uber,3693.29,Debit Card,Mobile,0,0,0,0,0,5,2,0
5738,327,34,15000,Balanced,2025-08-14,15,Rent,Groww,17098.73,UPI,Mobile,0,0,0,1,0,5,10,0
5739,365,30,50000,Balanced,2025-02-16,11,Groceries,Netflix,2219.34,Credit Card,Mobile,0,0,0,0,0,6,0,0
5740,467,37,50000,Conservative,2025-04-26,5,Utilities,Croma,1442.68,Credit Card,Desktop,0,0,0,0,0,9,0,0
5741,339,25,15000,Conservative,2025-07-16,0,Investment,PhonePe,7572.34,UPI,Mobile,0,1,1,1,0,1,10,1
5742,398,43,50000,Conservative,2025-07-10,7,EMI,Zomato,8701.73,Debit Card,Mobile,0,0,1,1,0,9,3,0
5743,6,23,15000,Aggressive,2025-10-12,10,Fashion,Netflix,1635.79,UPI,Mobile,0,0,0,1,0,8,2,0
5744,37,44,35000,Balanced,2025-08-28,21,Food Delivery,Groww,168.61,Cash,Mobile,0,0,0,0,0,10,0,0
5745,387,42,35000,Balanced,2025-06-21,19,Electronics,Flipkart,9742.36,UPI,Mobile,0,0,0,1,0,3,7,1
5746,173,44,25000,Conservative,2025-02-22,16,Health,Uber,2120.77,Credit Card,Mobile,0,0,1,1,0,10,1,0
5747,31,26,35000,Conservative,2025-10-25,10,Utilities,Paytm,3165.17,Cash,Mobile,0,0,0,1,1,10,1,0
5748,289,24,35000,Aggressive,2025-05-10,16,Utilities,Uber,3034.18,Cash,Mobile,0,0,0,1,0,1,1,0
5749,237,39,25000,Balanced,2025-10-09,20,Rent,Croma,10076.45,Cash,Mobile,0,0,1,0,0,3,10,1
5750,40,21,75000,Conservative,2025-05-11,0,Food Delivery,Flipkart,599.4,Debit Card,Mobile,0,1,0,1,1,4,2,1
5751,37,44,35000,Balanced,2025-06-29,19,Education,Croma,4095.27,Debit Card,Mobile,0,0,0,0,0,1,2,0
5752,60,23,25000,Balanced,2025-06-15,2,Food Delivery,Paytm,286.85,Credit Card,Mobile,0,1,0,1,0,1,2,1
5753,398,43,50000,Conservative,2025-07-25,9,Entertainment,BigBasket,1130.31,Credit Card,Desktop,0,0,0,1,1,5,2,1
5754,296,32,35000,Balanced,2025-02-24,2,Electronics,Netflix,17501.49,Credit Card,Mobile,0,1,1,0,0,6,10,1
5755,62,23,25000,Balanced,2025-09-08,14,Education,Amazon,100.0,UPI,Mobile,0,0,0,1,0,8,0,0
5756,295,41,35000,Balanced,2025-01-31,4,Food Delivery,Netflix,317.97,UPI,Desktop,0,0,1,0,0,10,0,0
5757,116,37,35000,Balanced,2025-08-15,4,EMI,BigBasket,9449.67,UPI,Mobile,0,0,0,0,1,2,5,0
5758,361,43,50000,Conservative,2025-03-08,21,Food Delivery,Amazon,553.9,UPI,Mobile,0,0,0,1,0,4,0,0
5759,336,40,25000,Conservative,2025-02-14,10,Rent,Uber,22090.09,Credit Card,Mobile,0,0,0,1,0,9,10,0
5760,148,42,35000,Balanced,2025-11-09,5,Education,Zomato,2543.7,Credit Card,Desktop,0,0,0,1,0,10,1,0
5761,220,34,25000,Balanced,2025-05-17,16,Groceries,Netflix,1691.98,Debit Card,Mobile,0,0,0,0,0,4,1,0
5762,224,28,15000,Balanced,2025-11-14,16,Entertainment,Flipkart,802.45,UPI,Mobile,0,0,1,1,0,10,1,0
5763,276,18,50000,Balanced,2025-07-13,22,Rent,BigBasket,6676.28,UPI,Mobile,0,1,0,0,1,10,2,0
5764,253,18,15000,Conservative,2025-10-02,22,Rent,BigBasket,13941.56,Credit Card,Mobile,1,1,0,0,0,2,10,1
5765,447,21,35000,Balanced,2025-06-09,23,Groceries,Amazon,1417.56,UPI,Tablet,0,1,0,0,0,6,0,0
5766,152,29,35000,Balanced,2025-04-05,9,Education,Netflix,2072.64,UPI,Desktop,1,0,0,0,0,8,1,0
5767,320,41,25000,Balanced,2025-08-23,15,Entertainment,Myntra,808.44,BNPL,Mobile,0,0,0,0,0,3,5,1
5768,159,38,15000,Balanced,2025-03-19,1,Investment,Netflix,4343.98,Debit Card,Desktop,0,1,0,0,0,4,7,1
5769,22,25,35000,Balanced,2025-03-25,18,Health,Amazon,1476.34,UPI,Mobile,0,0,1,0,0,2,0,0
5770,477,37,15000,Balanced,2025-12-29,9,Food Delivery,Uber,433.73,Credit Card,Mobile,0,0,0,0,0,10,0,0
5771,461,28,50000,Conservative,2025-01-24,22,Rent,Flipkart,22247.37,Credit Card,Mobile,0,1,0,0,1,8,10,1
5772,341,33,25000,Balanced,2025-01-26,2,Entertainment,PhonePe,569.81,UPI,Mobile,0,1,1,0,1,7,2,1
5773,410,35,25000,Conservative,2025-11-15,16,Education,BigBasket,2227.47,UPI,Mobile,0,0,0,0,0,9,1,0
5774,212,32,35000,Balanced,2025-01-03,22,Utilities,Croma,2099.72,Credit Card,Mobile,1,1,0,1,0,4,3,1
5775,141,29,25000,Conservative,2025-02-25,22,Health,Paytm,2872.49,UPI,Mobile,0,1,0,0,0,5,2,0
5776,380,29,100000,Conservative,2025-09-05,7,Groceries,Netflix,1822.4,Debit Card,Tablet,1,0,0,1,1,3,0,0
5777,104,27,50000,Aggressive,2025-08-17,22,Utilities,BigBasket,1372.58,UPI,Mobile,0,1,1,0,0,6,0,0
5778,367,39,50000,Conservative,2025-06-15,15,Rent,Croma,20719.9,Debit Card,Mobile,0,0,0,0,0,5,8,0
5779,200,30,15000,Conservative,2025-09-16,6,Travel,Croma,4888.63,UPI,Desktop,0,0,1,0,0,9,6,0
5780,311,18,75000,Balanced,2025-09-07,3,Investment,Flipkart,3184.49,Debit Card,Mobile,0,0,0,0,0,1,0,0
5781,97,40,25000,Balanced,2025-10-04,23,Electronics,Flipkart,7824.55,Debit Card,Desktop,1,1,1,1,0,6,8,1
5782,312,25,35000,Conservative,2025-08-25,10,Investment,Netflix,4663.32,Cash,Desktop,0,0,0,0,0,10,2,0
5783,286,23,75000,Balanced,2025-10-24,2,Electronics,Netflix,16732.62,UPI,Desktop,0,1,0,1,0,9,6,1
5784,306,27,50000,Conservative,2025-09-17,20,Electronics,Netflix,5482.84,UPI,Desktop,0,0,1,1,1,4,4,1
5785,219,21,35000,Aggressive,2025-09-10,11,Fashion,Paytm,1777.06,UPI,Mobile,0,0,0,0,0,6,1,0
5786,222,28,35000,Conservative,2025-09-17,18,Health,Paytm,2903.92,UPI,Mobile,0,0,0,1,1,4,1,0
5787,366,43,35000,Conservative,2025-04-14,10,Entertainment,BigBasket,582.03,Credit Card,Mobile,0,0,1,0,0,7,2,1
5788,171,42,35000,Conservative,2025-12-26,14,Rent,BigBasket,5308.3,Debit Card,Desktop,0,0,0,1,1,4,5,1
5789,499,44,15000,Aggressive,2025-06-06,6,Food Delivery,PhonePe,149.46,Credit Card,Mobile,0,0,0,0,0,8,0,0
5790,151,41,75000,Balanced,2025-12-23,0,Entertainment,Swiggy,675.67,Debit Card,Mobile,0,1,1,1,0,1,2,1
5791,262,43,25000,Balanced,2025-08-23,18,Investment,BigBasket,4579.48,UPI,Mobile,0,0,1,0,0,8,3,0
5792,284,32,25000,Balanced,2025-03-20,1,Travel,Netflix,8296.57,Credit Card,Mobile,0,1,0,0,1,4,8,1
5793,5,39,15000,Balanced,2025-01-16,19,Travel,Flipkart,5583.85,UPI,Mobile,0,0,0,0,0,9,7,0
5794,176,26,50000,Balanced,2025-05-19,21,EMI,Amazon,3261.42,Credit Card,Tablet,0,0,0,1,0,7,1,0
5795,241,32,15000,Aggressive,2025-03-09,7,Food Delivery,Myntra,471.93,Debit Card,Mobile,0,0,1,0,0,10,0,0
5796,314,38,35000,Conservative,2025-11-24,16,Fashion,Swiggy,2434.78,Credit Card,Mobile,0,0,1,0,0,3,3,1
5797,43,39,75000,Balanced,2025-01-27,18,Food Delivery,BigBasket,425.45,Credit Card,Desktop,0,0,1,0,0,3,2,1
5798,244,24,25000,Conservative,2025-01-22,13,EMI,Myntra,7530.8,Credit Card,Mobile,0,0,0,1,1,8,8,1
5799,96,18,15000,Conservative,2025-08-13,10,EMI,Swiggy,2865.33,Cash,Tablet,0,0,0,0,1,5,3,0
5800,196,35,35000,Conservative,2025-01-10,19,Utilities,Croma,1293.68,Credit Card,Mobile,0,0,0,0,0,9,0,0
5801,187,29,15000,Conservative,2025-10-27,12,Utilities,PhonePe,2164.59,UPI,Desktop,0,0,0,0,0,1,2,0
5802,337,25,15000,Balanced,2025-04-17,20,Electronics,Myntra,13615.37,Debit Card,Mobile,0,0,0,0,1,7,10,0
5803,444,28,100000,Balanced,2025-06-25,21,Health,Croma,1196.54,Credit Card,Mobile,0,0,0,0,0,6,0,0
5804,102,43,50000,Balanced,2025-01-26,1,Education,Croma,3735.93,UPI,Desktop,0,1,1,1,0,7,1,0
5805,67,36,25000,Conservative,2025-02-16,8,Rent,Swiggy,6587.5,BNPL,Mobile,0,0,1,0,0,4,10,1
5806,447,21,35000,Balanced,2025-03-28,7,Utilities,Paytm,1836.68,UPI,Mobile,0,0,0,0,0,1,1,0
5807,254,23,25000,Conservative,2025-12-22,6,Fashion,Swiggy,2864.41,Debit Card,Desktop,0,0,1,0,0,3,4,1
5808,356,39,35000,Balanced,2025-05-05,21,Education,Amazon,3003.74,Credit Card,Mobile,1,0,0,1,0,3,1,0
5809,162,38,35000,Conservative,2025-09-27,17,Entertainment,Groww,1047.31,UPI,Mobile,0,0,0,0,0,1,0,0
5810,260,34,35000,Balanced,2025-07-09,7,Rent,Myntra,8381.1,Credit Card,Desktop,0,0,0,0,0,4,6,1
5811,159,38,15000,Balanced,2025-12-01,19,Groceries,Zomato,693.83,BNPL,Tablet,1,0,1,0,1,7,3,0
5812,337,25,15000,Balanced,2025-04-29,20,Rent,Zomato,10975.73,Credit Card,Mobile,0,0,1,0,0,8,10,1
5813,361,43,50000,Conservative,2025-10-23,21,Entertainment,Paytm,279.23,UPI,Desktop,0,0,0,1,0,4,0,0
5814,373,43,15000,Conservative,2025-11-26,11,Electronics,Netflix,8556.42,Credit Card,Desktop,0,0,1,0,0,1,10,1
5815,120,22,25000,Conservative,2025-09-02,9,Education,Flipkart,4432.73,UPI,Mobile,1,0,0,1,0,3,3,0
5816,128,22,15000,Conservative,2025-11-17,15,Utilities,Paytm,2053.22,Credit Card,Mobile,0,0,0,0,0,9,2,0
5817,307,26,35000,Balanced,2025-01-11,11,Investment,BigBasket,3999.08,UPI,Mobile,0,0,0,0,0,2,2,0
5818,364,30,50000,Conservative,2025-02-24,17,Utilities,Zomato,536.93,UPI,Mobile,0,0,0,0,0,2,0,0
5819,279,44,35000,Aggressive,2025-09-07,6,Travel,Uber,13805.97,UPI,Mobile,0,0,0,0,0,1,7,0
5820,442,42,75000,Conservative,2025-02-16,13,Food Delivery,Swiggy,141.89,UPI,Mobile,0,0,0,1,1,7,0,0
5821,179,43,15000,Aggressive,2025-07-25,3,Fashion,Paytm,1182.42,Credit Card,Desktop,0,0,0,0,0,7,1,0
5822,449,31,25000,Balanced,2025-08-22,6,Investment,Swiggy,5906.46,Debit Card,Mobile,0,0,0,0,0,7,4,0
5823,26,18,15000,Balanced,2025-02-02,15,Utilities,Uber,1314.44,Debit Card,Mobile,1,0,1,0,1,1,1,0
5824,280,42,75000,Conservative,2025-04-26,3,Rent,Netflix,12583.82,Debit Card,Mobile,0,0,1,1,0,4,5,1
5825,349,22,35000,Balanced,2025-07-23,21,Entertainment,Groww,1212.28,Credit Card,Mobile,0,0,0,0,1,2,2,1
5826,440,25,25000,Conservative,2025-04-04,11,Entertainment,Croma,565.23,Debit Card,Desktop,1,0,0,0,0,1,0,0
5827,370,34,50000,Balanced,2025-01-13,6,Electronics,PhonePe,4679.36,UPI,Mobile,0,0,0,0,0,2,1,0
5828,394,37,50000,Conservative,2025-12-21,2,Rent,BigBasket,9597.89,Credit Card,Mobile,0,1,0,1,0,6,5,1
5829,295,41,35000,Balanced,2025-07-05,23,Groceries,BigBasket,1553.97,Debit Card,Mobile,1,1,0,0,0,1,0,0
5830,500,24,35000,Conservative,2025-05-24,17,Investment,Amazon,2417.03,Credit Card,Mobile,0,0,1,0,0,9,1,0
5831,50,25,35000,Balanced,2025-04-03,6,Investment,Uber,4544.13,Credit Card,Mobile,1,0,0,0,0,1,2,0
5832,290,42,25000,Conservative,2025-05-16,22,Travel,Swiggy,8012.81,Debit Card,Mobile,0,1,0,0,1,9,6,0
5833,376,43,35000,Conservative,2025-06-19,6,Rent,Uber,8393.84,Credit Card,Mobile,0,0,0,1,0,4,6,1
5834,145,36,25000,Conservative,2025-08-24,11,Entertainment,Croma,762.67,UPI,Mobile,0,0,0,0,1,9,0,0
5835,472,23,25000,Conservative,2025-10-03,10,Travel,Swiggy,9957.44,UPI,Mobile,1,0,0,0,0,10,7,0
5836,3,36,15000,Balanced,2025-03-13,14,Utilities,Netflix,2109.54,Credit Card,Desktop,0,0,0,0,0,10,2,0
5837,360,19,35000,Balanced,2025-03-16,0,Health,Netflix,2253.3,UPI,Mobile,0,1,1,1,0,6,1,0
5838,210,29,50000,Aggressive,2025-10-23,3,Travel,Groww,8318.61,Credit Card,Mobile,0,0,1,0,0,5,5,1
5839,113,28,15000,Balanced,2025-03-30,2,Education,Amazon,5424.61,Credit Card,Desktop,0,1,0,0,0,9,9,1
5840,410,35,25000,Conservative,2025-08-16,12,Food Delivery,Groww,304.56,Credit Card,Desktop,0,0,0,0,1,3,2,1
5841,459,32,100000,Balanced,2025-10-15,15,Entertainment,Croma,157.94,UPI,Desktop,0,0,0,0,0,3,0,0
5842,393,40,50000,Balanced,2025-08-31,15,Rent,Swiggy,12242.53,Cash,Mobile,0,0,0,1,0,9,4,0
5843,246,30,35000,Balanced,2025-08-02,3,Entertainment,Amazon,539.39,UPI,Desktop,1,0,0,0,0,9,0,0
5844,267,21,25000,Balanced,2025-06-01,19,Utilities,Zomato,2409.86,UPI,Mobile,1,0,0,0,1,10,1,0
5845,104,27,50000,Aggressive,2025-06-22,0,Entertainment,Uber,608.07,Debit Card,Desktop,0,1,1,0,0,7,2,1
5846,170,39,50000,Aggressive,2025-01-29,21,EMI,PhonePe,2054.26,Credit Card,Mobile,0,0,1,1,0,3,2,1
5847,89,44,50000,Balanced,2025-03-14,21,Rent,Netflix,16036.33,Debit Card,Mobile,0,0,0,0,0,9,6,0
5848,46,28,25000,Conservative,2025-09-20,21,Travel,Paytm,10949.01,Credit Card,Mobile,0,0,1,0,1,9,10,1
5849,419,38,50000,Conservative,2025-12-18,11,Electronics,Uber,13557.83,Credit Card,Mobile,0,0,0,1,1,10,7,1
5850,258,41,15000,Conservative,2025-03-02,1,Groceries,PhonePe,1850.25,UPI,Mobile,1,1,0,1,1,8,2,0
5851,33,22,50000,Balanced,2025-06-02,19,Entertainment,Netflix,1031.95,Credit Card,Mobile,1,0,1,1,1,10,2,1
5852,216,44,15000,Balanced,2025-01-19,8,Investment,Myntra,4542.59,UPI,Mobile,0,0,0,0,0,3,6,0
5853,23,25,50000,Balanced,2025-09-14,5,Fashion,Croma,3494.69,Credit Card,Mobile,0,0,1,0,0,4,3,1
5854,1,24,50000,Conservative,2025-12-07,14,Electronics,PhonePe,14623.55,UPI,Mobile,0,0,0,1,0,9,5,0
5855,123,39,50000,Balanced,2025-04-10,12,Utilities,Swiggy,2511.06,UPI,Mobile,0,0,0,1,0,5,1,0
5856,53,41,50000,Conservative,2025-05-22,9,Investment,BigBasket,5249.91,Credit Card,Desktop,0,0,1,0,0,10,2,0
5857,147,41,50000,Aggressive,2025-05-21,1,Groceries,Swiggy,716.94,Cash,Desktop,0,1,0,0,0,4,0,0
5858,359,38,50000,Balanced,2025-12-08,14,Travel,Amazon,6705.68,UPI,Mobile,0,0,0,0,1,10,2,0
5859,435,33,50000,Conservative,2025-05-23,4,Food Delivery,PhonePe,322.2,UPI,Mobile,0,0,1,1,0,1,2,1
5860,215,35,35000,Conservative,2025-06-28,7,Utilities,Uber,814.7,UPI,Mobile,0,0,1,0,0,8,0,0
5861,355,19,35000,Conservative,2025-01-19,15,Investment,Netflix,7489.9,Credit Card,Mobile,0,0,1,1,0,1,6,1
5862,112,37,15000,Conservative,2025-01-07,5,Investment,Amazon,6137.2,Credit Card,Mobile,0,0,1,0,0,2,10,1
5863,125,22,35000,Balanced,2025-07-03,2,Entertainment,Myntra,694.43,UPI,Mobile,1,1,0,0,1,9,0,0
5864,451,41,50000,Conservative,2025-05-03,12,Fashion,PhonePe,3110.43,UPI,Desktop,1,0,0,1,0,7,1,0
5865,59,19,35000,Balanced,2025-09-19,13,Food Delivery,Myntra,303.38,Credit Card,Mobile,0,0,0,1,0,4,2,1
5866,50,25,35000,Balanced,2025-12-30,12,Fashion,Zomato,809.1,Cash,Desktop,0,0,0,0,0,2,0,0
5867,91,33,25000,Conservative,2025-01-30,4,Entertainment,Paytm,1130.87,Debit Card,Mobile,0,0,0,0,0,5,0,0
5868,42,30,15000,Conservative,2025-10-25,12,Electronics,Flipkart,20572.94,UPI,Mobile,0,0,1,0,0,10,10,1
5869,104,27,50000,Aggressive,2025-02-19,11,Electronics,BigBasket,19367.46,Credit Card,Mobile,0,0,0,0,0,9,9,1
5870,11,36,25000,Aggressive,2025-10-09,12,Investment,Zomato,6091.98,UPI,Mobile,0,0,0,0,0,7,4,0
5871,259,28,75000,Aggressive,2025-10-19,15,Entertainment,Myntra,364.32,UPI,Desktop,0,0,1,1,0,2,2,1
5872,204,22,50000,Conservative,2025-10-23,10,Health,Zomato,2292.86,Cash,Desktop,0,0,0,1,0,8,0,0
5873,319,42,35000,Balanced,2025-12-31,4,Health,Zomato,3236.15,Credit Card,Mobile,0,0,1,0,0,8,1,0
5874,489,36,15000,Conservative,2025-01-22,4,Education,Amazon,3697.74,Credit Card,Mobile,0,0,0,1,1,6,6,1
5875,498,34,100000,Conservative,2025-03-18,13,Fashion,Croma,1526.71,BNPL,Mobile,0,0,0,0,0,9,3,0
5876,20,35,50000,Aggressive,2025-10-20,15,Health,Croma,1136.16,UPI,Mobile,0,0,0,0,0,5,0,0
5877,95,31,100000,Aggressive,2025-01-15,23,Education,Flipkart,4878.01,UPI,Desktop,0,1,0,1,0,1,0,0
5878,74,29,35000,Aggressive,2025-10-23,5,EMI,Uber,8698.7,Credit Card,Tablet,0,0,0,0,0,9,4,0
5879,421,34,100000,Aggressive,2025-03-28,4,Education,Zomato,2319.03,UPI,Mobile,0,0,1,1,0,9,0,0
5880,222,28,35000,Conservative,2025-04-07,12,Health,PhonePe,820.21,Debit Card,Desktop,0,0,0,1,1,8,0,0
5881,130,43,35000,Balanced,2025-11-17,16,EMI,PhonePe,3416.4,Credit Card,Mobile,0,0,0,0,1,7,1,0
5882,54,34,25000,Conservative,2025-12-08,5,Education,Paytm,3601.07,Debit Card,Mobile,0,0,0,0,1,1,2,0
5883,434,33,35000,Conservative,2025-01-11,23,Groceries,Swiggy,1635.62,UPI,Tablet,0,1,0,0,0,8,0,0
5884,44,42,15000,Balanced,2025-05-02,17,Utilities,Paytm,2204.12,UPI,Mobile,1,0,0,0,0,7,2,0
5885,162,38,35000,Conservative,2025-01-07,0,Health,Groww,2718.27,UPI,Tablet,0,1,0,1,0,10,1,0
5886,343,35,15000,Conservative,2025-05-07,11,Entertainment,Netflix,1183.59,Debit Card,Mobile,0,0,0,0,0,3,1,0
5887,294,32,50000,Conservative,2025-02-15,16,Entertainment,Paytm,1089.95,UPI,Mobile,0,0,0,0,1,4,0,0
5888,350,19,75000,Conservative,2025-01-18,8,Food Delivery,Flipkart,297.35,Credit Card,Mobile,0,0,0,1,0,3,2,1
5889,37,44,35000,Balanced,2025-12-02,18,EMI,BigBasket,100.0,UPI,Desktop,1,0,1,0,0,3,0,0
5890,68,26,50000,Conservative,2025-04-27,8,Travel,Paytm,7778.43,Credit Card,Mobile,0,0,0,0,0,6,3,0
5891,150,33,15000,Conservative,2025-09-26,13,Utilities,Groww,2079.77,UPI,Desktop,0,0,0,0,0,8,2,0
5892,156,21,15000,Aggressive,2025-01-01,10,Rent,Paytm,18653.17,Debit Card,Mobile,1,0,0,0,0,10,10,0
5893,477,37,15000,Balanced,2025-06-28,22,Food Delivery,Myntra,214.72,Credit Card,Mobile,0,1,1,0,1,8,2,1
5894,179,43,15000,Aggressive,2025-04-16,20,Electronics,Myntra,21759.31,UPI,Mobile,0,0,1,1,0,8,10,1
5895,233,32,35000,Conservative,2025-06-05,17,Fashion,Croma,4027.85,UPI,Mobile,1,0,1,1,0,3,4,1
5896,219,21,35000,Aggressive,2025-04-30,19,Entertainment,Groww,467.06,Debit Card,Desktop,0,0,0,0,1,5,0,0
5897,81,31,35000,Balanced,2025-11-30,11,Health,Croma,2316.54,UPI,Mobile,0,0,0,0,0,6,1,0
5898,159,38,15000,Balanced,2025-08-14,15,Health,Amazon,1045.83,BNPL,Mobile,0,0,0,0,0,9,4,0
5899,357,43,35000,Conservative,2025-06-28,9,Utilities,Myntra,1421.74,UPI,Desktop,0,0,1,1,1,6,0,0
5900,281,25,35000,Balanced,2025-01-29,15,Travel,Netflix,5161.69,UPI,Desktop,0,0,1,0,0,10,2,0
5901,36,43,25000,Conservative,2025-03-18,8,Fashion,Uber,3696.9,UPI,Desktop,0,0,1,0,0,8,2,0
5902,174,20,25000,Balanced,2025-11-16,7,Fashion,Flipkart,1781.03,Credit Card,Mobile,0,0,0,1,0,9,1,0
5903,360,19,35000,Balanced,2025-04-08,23,Electronics,BigBasket,5199.5,BNPL,Desktop,0,1,0,1,0,9,7,1
5904,490,42,35000,Conservative,2025-12-11,12,Rent,PhonePe,22759.4,UPI,Mobile,0,0,0,0,0,9,10,0
5905,418,25,75000,Balanced,2025-10-18,4,Food Delivery,Flipkart,441.74,Credit Card,Mobile,0,0,0,1,1,7,2,1
5906,381,29,25000,Conservative,2025-10-28,15,Groceries,Netflix,1936.26,Cash,Mobile,0,0,0,0,0,5,1,0
5907,398,43,50000,Conservative,2025-05-04,10,Health,BigBasket,2875.34,UPI,Mobile,1,0,1,0,0,9,1,0
5908,133,19,25000,Conservative,2025-07-17,23,Fashion,Uber,2616.45,UPI,Mobile,0,1,0,1,0,9,2,0
5909,116,37,35000,Balanced,2025-05-18,2,Rent,Zomato,14988.15,UPI,Mobile,0,1,0,0,0,5,8,0
5910,475,31,25000,Conservative,2025-08-12,10,Electronics,Croma,11670.39,UPI,Mobile,0,0,0,0,1,4,10,1
5911,242,23,35000,Conservative,2025-04-06,13,Education,Amazon,747.61,Credit Card,Mobile,0,0,0,0,0,6,0,0
5912,121,26,50000,Conservative,2025-08-13,16,Entertainment,Flipkart,484.45,Cash,Mobile,0,0,1,0,1,10,0,0
5913,328,25,35000,Conservative,2025-12-07,19,Investment,Flipkart,3576.48,UPI,Mobile,0,0,0,1,0,2,2,0
5914,245,43,35000,Conservative,2025-05-02,22,Investment,Flipkart,5723.86,BNPL,Desktop,1,1,0,1,0,4,8,1
5915,478,29,15000,Aggressive,2025-04-06,15,Education,Amazon,5177.17,Debit Card,Mobile,0,0,0,0,0,8,6,0
5916,499,44,15000,Aggressive,2025-08-18,5,Groceries,Zomato,1546.04,UPI,Desktop,0,0,0,1,0,3,2,0
5917,458,44,75000,Aggressive,2025-04-14,1,Travel,Paytm,9092.4,UPI,Mobile,0,1,1,1,0,9,2,0
5918,56,34,100000,Conservative,2025-06-13,16,Rent,Swiggy,13769.54,Credit Card,Mobile,0,0,1,0,0,4,4,1
5919,455,21,15000,Conservative,2025-02-03,11,Electronics,Amazon,12249.97,UPI,Mobile,1,0,0,0,1,1,10,1
5920,410,35,25000,Conservative,2025-05-28,20,Health,Croma,2029.67,UPI,Mobile,0,0,0,1,0,9,1,0
5921,266,23,35000,Conservative,2025-11-30,2,Utilities,Amazon,2593.18,UPI,Mobile,0,1,0,1,0,10,1,0
5922,127,39,15000,Conservative,2025-11-12,11,Groceries,Croma,816.96,UPI,Tablet,0,0,0,0,0,3,1,0
5923,473,34,50000,Conservative,2025-10-14,15,Fashion,Swiggy,2022.38,UPI,Mobile,0,0,1,1,1,5,2,1
5924,211,44,35000,Conservative,2025-10-24,7,EMI,Netflix,7430.64,UPI,Mobile,0,0,1,0,0,6,4,0
5925,107,18,15000,Conservative,2025-01-04,21,Travel,Croma,12194.08,Credit Card,Mobile,1,0,0,1,0,4,10,1
5926,242,23,35000,Conservative,2025-08-06,13,Travel,Croma,3968.04,Debit Card,Mobile,0,0,0,1,0,1,2,0
5927,169,36,35000,Aggressive,2025-08-22,13,Utilities,Croma,1238.32,UPI,Mobile,0,0,1,1,0,3,0,0
5928,185,33,50000,Aggressive,2025-02-23,6,Investment,BigBasket,5574.81,BNPL,Mobile,0,0,0,0,0,6,5,0
5929,281,25,35000,Balanced,2025-10-06,1,Food Delivery,Croma,449.19,UPI,Mobile,0,1,0,1,0,3,2,1
5930,382,44,100000,Balanced,2025-07-23,6,Groceries,Flipkart,162.56,UPI,Mobile,0,0,0,0,0,10,0,0
5931,283,32,35000,Conservative,2025-08-04,17,Health,PhonePe,3398.18,UPI,Mobile,1,0,0,0,0,8,1,0
5932,470,37,25000,Conservative,2025-04-17,18,Fashion,Swiggy,2873.73,Credit Card,Tablet,0,0,0,1,0,6,2,0
5933,302,30,15000,Conservative,2025-01-05,3,Health,Myntra,3511.22,Credit Card,Desktop,1,0,0,0,0,4,6,1
5934,4,38,35000,Balanced,2025-09-26,0,Entertainment,Paytm,651.81,UPI,Mobile,0,1,0,0,0,2,2,1
5935,109,19,15000,Balanced,2025-07-27,23,Rent,PhonePe,16884.48,Credit Card,Mobile,0,1,0,1,1,6,10,1
5936,29,20,50000,Conservative,2025-12-14,19,Groceries,Uber,975.72,UPI,Mobile,0,0,0,1,0,5,0,0
5937,408,24,35000,Balanced,2025-12-21,2,Rent,Croma,10515.4,BNPL,Mobile,0,1,0,0,1,8,10,1
5938,256,41,75000,Conservative,2025-02-11,13,Education,Groww,2012.17,BNPL,Mobile,0,0,0,1,0,7,3,0
5939,387,42,35000,Balanced,2025-04-04,10,Groceries,BigBasket,1670.34,UPI,Desktop,1,0,1,0,0,10,0,0
5940,482,42,25000,Balanced,2025-08-28,13,EMI,Groww,8154.81,BNPL,Mobile,0,0,0,1,0,8,9,0
5941,45,29,25000,Aggressive,2025-08-29,0,Food Delivery,Flipkart,100.0,UPI,Mobile,0,1,0,1,0,7,0,0
5942,239,31,15000,Conservative,2025-07-29,6,Health,Groww,808.17,UPI,Mobile,0,0,0,0,0,9,1,0
5943,458,44,75000,Aggressive,2025-06-25,4,Food Delivery,Groww,442.77,UPI,Desktop,0,0,0,0,0,6,0,0
5944,425,35,35000,Aggressive,2025-09-08,16,Health,Swiggy,2223.33,Credit Card,Tablet,0,0,0,1,0,1,1,0
5945,343,35,15000,Conservative,2025-12-19,19,Investment,Uber,6050.04,BNPL,Mobile,0,0,1,1,0,9,10,1
5946,184,18,35000,Balanced,2025-06-16,8,Entertainment,Uber,1261.4,UPI,Mobile,0,0,0,0,0,2,0,0
5947,483,38,25000,Balanced,2025-07-04,18,Utilities,Swiggy,1467.84,BNPL,Mobile,1,0,0,0,0,3,4,0
5948,26,18,15000,Balanced,2025-02-15,4,Groceries,Swiggy,1556.84,UPI,Mobile,0,0,1,1,0,3,2,0
5949,346,19,75000,Balanced,2025-04-25,9,Groceries,PhonePe,1966.14,Credit Card,Mobile,0,0,0,1,1,10,0,0
5950,157,29,25000,Aggressive,2025-09-18,9,Investment,BigBasket,3320.75,Debit Card,Mobile,0,0,1,0,0,4,2,0
5951,457,39,25000,Balanced,2025-05-01,22,Utilities,BigBasket,2245.38,UPI,Mobile,1,1,0,0,1,6,1,0
5952,264,37,35000,Conservative,2025-03-13,19,Investment,Croma,6740.06,UPI,Mobile,0,0,0,0,1,8,3,0
5953,234,33,15000,Conservative,2025-10-30,17,Education,Uber,4597.58,Credit Card,Desktop,0,0,0,0,0,4,8,1
5954,1,24,50000,Conservative,2025-09-03,16,EMI,Flipkart,5217.31,Cash,Mobile,1,0,0,0,0,2,2,0
5955,190,22,100000,Aggressive,2025-07-28,19,Food Delivery,Groww,414.65,Credit Card,Mobile,0,0,1,1,0,5,2,1
5956,217,42,35000,Balanced,2025-08-12,8,Travel,Zomato,4209.03,Credit Card,Desktop,0,0,0,0,0,3,2,0
5957,270,25,50000,Conservative,2025-09-29,20,Utilities,PhonePe,3006.27,BNPL,Desktop,0,0,0,0,0,3,4,0
5958,90,32,35000,Conservative,2025-02-16,4,Utilities,Groww,804.42,Credit Card,Mobile,0,0,0,0,1,5,0,0
5959,153,42,25000,Conservative,2025-08-06,2,Investment,Amazon,3049.94,Credit Card,Mobile,0,1,0,1,1,2,4,1
5960,101,19,25000,Conservative,2025-05-01,12,Education,Croma,4973.45,BNPL,Mobile,1,0,0,0,0,2,8,1
5961,169,36,35000,Aggressive,2025-05-01,9,Health,Zomato,201.52,UPI,Mobile,1,0,1,1,1,2,2,1
5962,236,37,25000,Conservative,2025-07-15,20,Entertainment,Uber,657.9,UPI,Mobile,0,0,0,1,0,1,0,0
5963,392,36,75000,Aggressive,2025-05-23,12,Entertainment,Croma,1146.99,UPI,Mobile,0,0,1,0,0,5,0,0
5964,412,32,35000,Conservative,2025-03-23,13,Entertainment,Paytm,741.54,BNPL,Tablet,0,0,0,0,1,10,3,0
5965,92,34,15000,Aggressive,2025-12-28,18,Electronics,Netflix,11217.63,BNPL,Mobile,0,0,0,0,0,2,10,1
5966,326,41,75000,Conservative,2025-07-26,21,Travel,Croma,8133.81,Credit Card,Mobile,0,0,1,1,0,4,4,1
5967,335,24,50000,Conservative,2025-06-20,5,Travel,Zomato,8398.04,Credit Card,Mobile,0,0,0,0,0,1,5,1
5968,445,40,15000,Aggressive,2025-04-10,20,EMI,Groww,3223.43,Credit Card,Desktop,0,0,0,0,0,10,4,0
5969,170,39,50000,Aggressive,2025-02-25,19,Food Delivery,Flipkart,312.33,UPI,Mobile,0,0,0,1,1,5,0,0
5970,200,30,15000,Conservative,2025-08-05,16,Education,PhonePe,3537.45,Credit Card,Mobile,1,0,1,1,0,2,6,1
5971,189,43,25000,Conservative,2025-07-06,17,EMI,Myntra,6593.63,Debit Card,Desktop,0,0,0,1,0,2,5,0
5972,368,21,50000,Conservative,2025-08-22,2,Rent,Flipkart,5711.21,Credit Card,Mobile,0,1,0,1,1,1,4,1
5973,269,40,35000,Conservative,2025-09-22,16,Investment,BigBasket,4971.92,Debit Card,Mobile,0,0,0,1,0,6,2,0
5974,86,29,35000,Balanced,2025-03-24,19,Investment,Amazon,6349.93,Debit Card,Desktop,0,0,1,0,0,6,3,0
5975,422,22,15000,Aggressive,2025-04-27,18,Electronics,Myntra,13256.37,Debit Card,Mobile,0,0,0,1,0,3,10,1
5976,455,21,15000,Conservative,2025-07-28,21,Utilities,PhonePe,2247.92,Credit Card,Mobile,0,0,0,0,0,2,2,0
5977,382,44,100000,Balanced,2025-01-07,11,Food Delivery,Netflix,169.9,UPI,Mobile,0,0,0,1,0,4,0,0
5978,91,33,25000,Conservative,2025-10-25,14,Utilities,Groww,1557.5,UPI,Mobile,0,0,1,0,0,9,1,0
5979,210,29,50000,Aggressive,2025-01-10,18,Investment,Netflix,2744.22,UPI,Mobile,0,0,0,0,0,9,1,0
5980,477,37,15000,Balanced,2025-04-15,15,EMI,Flipkart,8340.56,UPI,Mobile,0,0,1,1,1,5,10,1
5981,343,35,15000,Conservative,2025-03-13,12,Travel,Croma,13924.44,Credit Card,Mobile,0,0,1,0,0,1,10,1
5982,155,39,25000,Conservative,2025-11-25,5,Investment,Croma,5918.06,Debit Card,Mobile,0,0,0,1,0,6,4,0
5983,41,30,35000,Conservative,2025-02-28,19,Investment,Paytm,3905.97,UPI,Mobile,0,0,0,0,0,4,2,0
5984,249,25,35000,Balanced,2025-10-24,20,Utilities,Uber,423.83,Debit Card,Mobile,0,0,0,0,0,4,0,0
5985,54,34,25000,Conservative,2025-10-09,16,Travel,Groww,8960.7,Credit Card,Mobile,0,0,0,1,1,8,9,1
5986,113,28,15000,Balanced,2025-12-03,18,EMI,PhonePe,2142.96,UPI,Mobile,1,0,0,0,0,10,2,0
5987,135,22,50000,Balanced,2025-03-07,19,Travel,Swiggy,11430.45,Debit Card,Mobile,0,0,0,1,0,8,4,0
5988,336,40,25000,Conservative,2025-02-06,8,Travel,Amazon,8399.76,UPI,Mobile,0,0,1,0,0,6,6,0
5989,412,32,35000,Conservative,2025-06-21,22,Electronics,Paytm,10300.83,Cash,Mobile,0,1,1,1,0,1,7,1
5990,50,25,35000,Balanced,2025-05-15,6,EMI,Croma,100.0,Debit Card,Desktop,0,0,0,0,0,3,0,0
5991,229,38,35000,Balanced,2025-10-03,8,Entertainment,Zomato,521.1,Credit Card,Mobile,1,0,0,0,0,6,0,0
5992,272,32,35000,Balanced,2025-11-13,10,Groceries,PhonePe,1994.09,UPI,Mobile,0,0,0,1,0,2,1,0
5993,270,25,50000,Conservative,2025-08-26,10,Entertainment,Netflix,1126.74,Credit Card,Mobile,0,0,1,0,0,4,2,1
5994,89,44,50000,Balanced,2025-04-08,2,Entertainment,PhonePe,1310.2,UPI,Mobile,0,1,1,1,1,3,2,1
5995,25,30,15000,Aggressive,2025-01-19,18,Fashion,Croma,2401.72,Debit Card,Mobile,0,0,0,1,0,5,3,0
5996,34,44,35000,Conservative,2025-07-29,6,Travel,Netflix,4374.36,UPI,Mobile,0,0,0,0,0,6,2,0
5997,491,39,35000,Balanced,2025-11-16,18,Rent,Myntra,14851.74,Debit Card,Desktop,0,0,0,0,0,6,8,0
5998,78,28,75000,Balanced,2025-06-28,12,Food Delivery,Netflix,202.07,UPI,Mobile,0,0,1,0,0,7,0,0
5999,217,42,35000,Balanced,2025-09-17,5,Food Delivery,Amazon,454.98,Credit Card,Mobile,0,0,0,0,0,9,0,0
6000,51,18,15000,Conservative,2025-05-03,12,Investment,Paytm,4937.57,UPI,Desktop,1,0,0,1,0,6,6,0
6001,304,29,15000,Aggressive,2025-11-19,12,Health,Myntra,1704.76,Credit Card,Desktop,0,0,0,1,0,4,2,0
6002,474,32,35000,Balanced,2025-09-19,8,Travel,Zomato,7925.2,UPI,Mobile,0,0,1,0,0,8,4,0
6003,284,32,25000,Balanced,2025-12-08,11,Rent,Uber,13892.84,UPI,Desktop,0,0,0,0,1,8,10,0
6004,339,25,15000,Conservative,2025-02-10,14,Food Delivery,Groww,660.36,UPI,Mobile,0,0,1,0,0,10,0,0
6005,282,36,35000,Balanced,2025-07-06,10,Food Delivery,Uber,425.28,Credit Card,Mobile,0,0,1,0,0,10,2,1
6006,147,41,50000,Aggressive,2025-05-23,20,Electronics,BigBasket,7310.84,Cash,Desktop,0,0,1,0,1,3,4,1
6007,319,42,35000,Balanced,2025-12-04,22,Investment,Netflix,4326.68,UPI,Mobile,1,1,0,0,0,4,2,0
6008,496,24,25000,Balanced,2025-05-03,18,Entertainment,Flipkart,647.91,UPI,Mobile,1,0,0,0,0,8,0,0
6009,402,19,15000,Aggressive,2025-02-04,20,Rent,Myntra,14649.87,Credit Card,Mobile,1,0,0,0,0,6,10,0
6010,14,42,100000,Aggressive,2025-12-10,15,Groceries,Paytm,686.55,Cash,Tablet,0,0,0,0,0,10,0,0
6011,416,41,35000,Balanced,2025-08-10,18,Groceries,Paytm,1876.72,UPI,Mobile,0,0,0,0,1,10,1,0
6012,225,25,50000,Balanced,2025-03-27,6,Investment,Myntra,5888.35,UPI,Mobile,0,0,0,1,0,4,2,0
6013,261,42,50000,Balanced,2025-09-15,9,Utilities,Croma,2600.49,UPI,Mobile,0,0,1,0,1,6,1,0
6014,315,37,35000,Aggressive,2025-12-03,5,Food Delivery,Amazon,532.38,UPI,Mobile,1,0,1,0,0,3,2,1
6015,212,32,35000,Balanced,2025-03-13,18,Fashion,Netflix,1194.7,UPI,Mobile,0,0,0,0,1,9,0,0
6016,375,44,35000,Conservative,2025-02-17,16,Travel,Paytm,8207.9,Debit Card,Desktop,0,0,1,0,0,1,6,1
6017,287,25,50000,Conservative,2025-12-09,7,Education,BigBasket,2510.09,Credit Card,Desktop,0,0,1,0,0,2,3,1
6018,20,35,50000,Aggressive,2025-03-27,11,Investment,Uber,5642.94,UPI,Mobile,0,0,0,0,0,5,2,0
6019,474,32,35000,Balanced,2025-03-16,13,Electronics,Zomato,14261.2,Debit Card,Mobile,0,0,0,0,0,5,8,0
6020,14,42,100000,Aggressive,2025-12-27,12,Food Delivery,BigBasket,352.86,Debit Card,Mobile,0,0,0,1,0,2,0,0
6021,244,24,25000,Conservative,2025-11-04,9,EMI,Groww,5354.07,UPI,Mobile,1,0,0,0,0,6,4,0
6022,382,44,100000,Balanced,2025-08-28,16,Entertainment,Zomato,298.15,Credit Card,Mobile,0,0,1,0,0,10,2,1
6023,437,36,50000,Conservative,2025-06-24,8,Education,Amazon,1831.38,UPI,Desktop,0,0,0,1,0,8,0,0
6024,461,28,50000,Conservative,2025-06-17,13,Groceries,Groww,1055.1,Credit Card,Desktop,0,0,0,1,0,7,0,0
6025,489,36,15000,Conservative,2025-02-24,22,Health,Uber,3486.6,Credit Card,Mobile,0,1,0,0,0,4,6,1
6026,97,40,25000,Balanced,2025-02-08,17,Health,Zomato,3362.54,Credit Card,Mobile,0,0,0,0,0,4,2,0
6027,18,21,25000,Balanced,2025-06-13,5,Utilities,BigBasket,2163.99,UPI,Mobile,0,0,1,0,0,7,1,0
6028,452,36,50000,Balanced,2025-02-05,9,EMI,Swiggy,6085.36,BNPL,Mobile,1,0,0,1,0,7,5,0
6029,244,24,25000,Conservative,2025-07-26,8,EMI,PhonePe,3337.02,UPI,Mobile,0,0,0,0,0,4,2,0
6030,294,32,50000,Conservative,2025-12-20,17,Utilities,Amazon,1626.33,BNPL,Desktop,0,0,0,0,0,2,3,0
6031,324,25,35000,Balanced,2025-01-26,16,Investment,Flipkart,5964.69,Debit Card,Mobile,0,0,0,0,0,7,3,0
6032,6,23,15000,Aggressive,2025-02-26,23,Utilities,Flipkart,1792.67,Debit Card,Mobile,0,1,0,0,0,9,2,0
6033,430,26,15000,Aggressive,2025-09-02,17,Entertainment,Myntra,1437.85,UPI,Mobile,1,0,0,1,1,5,1,0
6034,495,43,25000,Conservative,2025-06-15,21,Entertainment,Uber,378.06,BNPL,Mobile,0,0,1,0,0,8,5,1
6035,88,30,35000,Aggressive,2025-05-11,14,Groceries,Netflix,1143.13,UPI,Mobile,0,0,1,1,0,5,0,0
6036,345,36,35000,Balanced,2025-08-19,4,Groceries,Swiggy,203.24,Credit Card,Mobile,0,0,0,0,0,1,0,0
6037,353,40,50000,Balanced,2025-02-18,12,Fashion,Amazon,2669.66,Credit Card,Mobile,0,0,0,0,0,7,1,0
6038,412,32,35000,Conservative,2025-06-12,19,EMI,Flipkart,4828.48,UPI,Desktop,0,0,1,1,0,8,2,0
6039,119,36,35000,Conservative,2025-04-19,16,Entertainment,Croma,591.59,UPI,Mobile,0,0,1,1,1,2,2,1
6040,224,28,15000,Balanced,2025-01-09,13,Electronics,Croma,14669.96,UPI,Mobile,0,0,1,0,0,9,10,1
6041,355,19,35000,Conservative,2025-11-04,7,EMI,Zomato,4449.3,UPI,Mobile,1,0,0,0,0,8,2,0
6042,399,32,50000,Balanced,2025-08-15,15,Travel,Groww,10914.46,UPI,Mobile,0,0,0,1,0,10,4,0
6043,267,21,25000,Balanced,2025-04-03,4,Travel,Paytm,10106.89,Cash,Mobile,1,0,0,0,0,2,8,0
6044,151,41,75000,Balanced,2025-12-18,14,Utilities,Flipkart,2574.81,UPI,Mobile,0,0,1,0,0,5,0,0
6045,307,26,35000,Balanced,2025-04-15,17,Food Delivery,Zomato,392.5,Credit Card,Mobile,0,0,0,1,0,9,0,0
6046,319,42,35000,Balanced,2025-02-10,2,Rent,Flipkart,22028.19,UPI,Mobile,0,1,1,0,0,10,10,1
6047,181,28,75000,Conservative,2025-08-20,19,Travel,Groww,9012.67,UPI,Mobile,0,0,0,0,1,10,2,0
6048,481,37,35000,Conservative,2025-04-05,5,EMI,Groww,10899.98,UPI,Mobile,1,0,1,0,0,6,6,0
6049,121,26,50000,Conservative,2025-02-16,12,Rent,Groww,17269.99,UPI,Tablet,0,0,0,0,0,7,6,0
6050,115,24,15000,Conservative,2025-10-06,6,EMI,Groww,4595.66,UPI,Mobile,0,0,1,0,1,1,8,1
6051,371,39,35000,Balanced,2025-04-20,16,Utilities,Myntra,849.56,UPI,Mobile,0,0,0,1,0,9,0,0
6052,235,18,15000,Balanced,2025-01-18,15,Investment,Myntra,4514.02,Credit Card,Desktop,0,0,1,0,0,7,8,1
6053,245,43,35000,Conservative,2025-02-17,12,Education,Flipkart,3847.56,Cash,Mobile,0,0,0,0,0,8,2,0
6054,427,41,50000,Conservative,2025-10-12,7,Fashion,Myntra,3590.12,UPI,Mobile,0,0,0,0,0,2,1,0
6055,353,40,50000,Balanced,2025-05-13,2,Rent,Uber,12837.37,Debit Card,Mobile,0,1,0,0,0,6,5,0
6056,91,33,25000,Conservative,2025-02-03,21,Investment,Netflix,6206.91,UPI,Mobile,1,0,0,1,0,7,4,0
6057,220,34,25000,Balanced,2025-02-25,19,Investment,Netflix,8214.46,UPI,Mobile,0,0,1,0,0,6,6,0
6058,315,37,35000,Aggressive,2025-05-10,19,Entertainment,Myntra,926.04,UPI,Mobile,0,0,1,0,0,8,0,0
6059,171,42,35000,Conservative,2025-04-25,4,Fashion,Amazon,1344.22,Debit Card,Mobile,0,0,1,0,0,10,0,0
6060,114,38,25000,Aggressive,2025-12-25,4,Rent,BigBasket,16707.22,Credit Card,Mobile,0,0,0,0,0,4,10,1
6061,269,40,35000,Conservative,2025-04-10,6,Fashion,Swiggy,1302.79,Debit Card,Mobile,0,0,0,0,0,3,0,0
6062,145,36,25000,Conservative,2025-08-30,10,Investment,Myntra,9001.85,BNPL,Mobile,0,0,1,1,0,6,10,1
6063,309,18,15000,Aggressive,2025-09-16,1,Utilities,Flipkart,2108.43,Debit Card,Desktop,0,1,0,0,0,1,2,0
6064,47,42,25000,Conservative,2025-10-22,16,Groceries,Netflix,441.76,UPI,Mobile,0,0,0,1,0,3,0,0
6065,46,28,25000,Conservative,2025-06-15,11,Rent,PhonePe,9836.47,Credit Card,Mobile,0,0,0,1,1,10,9,1
6066,365,30,50000,Balanced,2025-10-29,9,Rent,PhonePe,5561.18,UPI,Mobile,0,0,0,0,0,1,2,0
6067,448,29,15000,Conservative,2025-04-29,15,Education,Myntra,2157.0,UPI,Mobile,0,0,0,1,0,9,2,0
6068,186,27,100000,Aggressive,2025-01-17,3,Food Delivery,Paytm,443.72,UPI,Mobile,0,0,0,1,1,6,0,0
6069,79,25,35000,Conservative,2025-03-02,0,Investment,Netflix,6016.61,BNPL,Mobile,1,1,0,0,0,6,8,1
6070,203,20,35000,Balanced,2025-04-17,21,Food Delivery,Netflix,666.67,Credit Card,Mobile,0,0,1,0,0,5,2,1
6071,47,42,25000,Conservative,2025-08-07,20,Fashion,Groww,2015.84,BNPL,Mobile,0,0,1,0,0,8,6,1
6072,378,28,35000,Balanced,2025-03-25,10,Entertainment,Groww,957.29,Credit Card,Mobile,0,0,0,1,0,1,2,1
6073,400,39,25000,Balanced,2025-12-18,9,Investment,Groww,8011.95,Debit Card,Mobile,0,0,0,1,0,5,6,0
6074,194,35,35000,Balanced,2025-01-13,14,Education,Uber,2801.32,UPI,Mobile,0,0,0,0,1,6,1,0
6075,483,38,25000,Balanced,2025-11-21,23,Utilities,Croma,2431.35,Debit Card,Mobile,0,1,0,0,0,4,1,0
6076,453,19,25000,Balanced,2025-08-30,9,Rent,Myntra,10265.41,Cash,Mobile,0,0,1,0,0,5,8,0
6077,170,39,50000,Aggressive,2025-10-23,18,Entertainment,Netflix,221.96,BNPL,Mobile,0,0,1,0,0,5,5,1
6078,256,41,75000,Conservative,2025-10-07,13,Travel,Paytm,8134.1,BNPL,Mobile,0,0,0,1,1,7,5,0
6079,174,20,25000,Balanced,2025-03-13,15,Entertainment,Myntra,1105.5,Credit Card,Desktop,0,0,0,0,0,1,2,1
6080,354,36,35000,Balanced,2025-03-05,19,Investment,Swiggy,2186.52,UPI,Mobile,1,0,1,1,1,9,1,0
6081,415,23,100000,Aggressive,2025-09-15,3,Investment,Myntra,4007.56,UPI,Mobile,0,0,1,1,1,6,0,0
6082,314,38,35000,Conservative,2025-02-06,10,Investment,Flipkart,4524.75,Credit Card,Desktop,0,0,1,0,0,5,2,0
6083,427,41,50000,Conservative,2025-09-14,14,Travel,Paytm,8444.12,Credit Card,Mobile,0,0,0,0,1,3,5,1
6084,386,33,50000,Conservative,2025-08-15,14,Investment,Netflix,3142.98,Cash,Desktop,0,0,0,1,0,6,1,0
6085,267,21,25000,Balanced,2025-04-27,20,Rent,Groww,10087.29,Credit Card,Mobile,0,0,1,0,0,4,10,1
6086,426,20,50000,Conservative,2025-12-28,7,Education,Amazon,2170.72,UPI,Mobile,0,0,0,1,0,1,0,0
6087,445,40,15000,Aggressive,2025-03-30,8,Rent,Amazon,8506.42,Credit Card,Mobile,0,0,1,0,0,4,10,1
6088,70,42,15000,Aggressive,2025-11-26,17,Education,Groww,4696.87,Credit Card,Mobile,0,0,0,0,0,4,8,1
6089,177,42,25000,Conservative,2025-03-19,2,Investment,Netflix,3777.01,UPI,Mobile,0,1,0,0,1,5,3,0
6090,245,43,35000,Conservative,2025-01-15,17,Fashion,BigBasket,1783.69,Credit Card,Mobile,0,0,0,1,0,6,1,0
6091,278,20,25000,Aggressive,2025-08-05,18,Travel,Uber,6567.49,Debit Card,Mobile,1,0,0,0,0,8,5,0
6092,423,34,35000,Balanced,2025-05-19,1,Rent,Zomato,11304.27,Credit Card,Desktop,0,1,0,0,0,3,8,1
6093,153,42,25000,Conservative,2025-04-08,9,Fashion,Uber,3273.4,Debit Card,Mobile,0,0,0,0,0,2,2,0
6094,69,35,50000,Balanced,2025-06-14,11,Fashion,Paytm,3020.95,UPI,Mobile,0,0,0,0,0,5,1,0
6095,108,31,75000,Conservative,2025-01-24,4,Fashion,Flipkart,3399.14,UPI,Desktop,0,0,1,0,0,5,0,0
6096,480,31,35000,Balanced,2025-09-14,12,EMI,BigBasket,3196.84,Credit Card,Mobile,0,0,1,1,0,8,1,0
6097,99,43,75000,Conservative,2025-10-30,10,Electronics,Amazon,12337.47,Debit Card,Mobile,0,0,1,0,1,3,5,1
6098,472,23,25000,Conservative,2025-06-18,17,Health,Myntra,1701.07,Credit Card,Mobile,0,0,0,0,0,8,1,0
6099,204,22,50000,Conservative,2025-01-14,14,Entertainment,Netflix,776.8,UPI,Mobile,0,0,0,0,0,1,0,0
6100,486,31,100000,Balanced,2025-10-15,13,Utilities,PhonePe,1565.82,UPI,Mobile,0,0,1,0,0,5,0,0
6101,340,31,35000,Aggressive,2025-05-03,17,Groceries,Flipkart,1144.04,UPI,Tablet,1,0,0,1,1,9,0,0
6102,425,35,35000,Aggressive,2025-06-24,17,Entertainment,Netflix,914.51,UPI,Mobile,0,0,0,1,1,2,2,1
6103,405,34,35000,Balanced,2025-04-20,23,EMI,Swiggy,7196.67,BNPL,Tablet,0,1,0,1,0,5,9,1
6104,47,42,25000,Conservative,2025-10-07,19,Utilities,Groww,2368.7,UPI,Mobile,0,0,0,0,0,10,1,0
6105,339,25,15000,Conservative,2025-01-17,17,EMI,Flipkart,9580.89,Credit Card,Mobile,0,0,1,1,1,6,10,1
6106,382,44,100000,Balanced,2025-02-23,4,Rent,PhonePe,9807.72,BNPL,Desktop,0,0,0,1,0,4,4,0
6107,120,22,25000,Conservative,2025-12-10,12,Entertainment,Groww,855.65,Credit Card,Desktop,0,0,0,0,0,10,0,0
6108,236,37,25000,Conservative,2025-06-25,10,Education,Amazon,1631.39,UPI,Mobile,0,0,0,0,0,5,1,0
6109,196,35,35000,Conservative,2025-03-17,5,Fashion,Myntra,2064.33,Credit Card,Mobile,0,0,0,0,1,9,1,0
6110,268,23,25000,Conservative,2025-03-07,2,Fashion,Groww,2708.38,UPI,Mobile,0,1,1,0,1,2,4,1
6111,48,42,35000,Conservative,2025-04-18,0,Education,Myntra,3457.09,BNPL,Mobile,0,1,0,0,1,1,6,1
6112,485,38,15000,Conservative,2025-10-12,22,Investment,Myntra,4714.96,UPI,Mobile,0,1,0,1,0,9,6,0
6113,420,28,25000,Conservative,2025-03-25,19,EMI,Swiggy,6592.72,Debit Card,Mobile,0,0,0,0,0,2,5,0
6114,229,38,35000,Balanced,2025-04-10,22,Health,Paytm,2323.81,Debit Card,Tablet,0,1,1,0,0,1,3,1
6115,324,25,35000,Balanced,2025-12-01,20,EMI,Netflix,2183.31,Credit Card,Mobile,1,0,0,1,0,5,1,0
6116,110,39,25000,Conservative,2025-03-24,1,Groceries,Croma,1436.95,BNPL,Mobile,0,1,0,1,0,10,4,0
6117,126,29,35000,Conservative,2025-04-11,3,Utilities,PhonePe,813.1,BNPL,Mobile,0,0,1,0,0,9,3,0
6118,369,28,25000,Conservative,2025-04-28,9,Electronics,PhonePe,11653.42,Debit Card,Mobile,0,0,1,0,0,3,10,1
6119,13,38,35000,Conservative,2025-09-03,14,EMI,Paytm,5774.6,Cash,Mobile,1,0,0,1,0,3,3,0
6120,188,43,25000,Balanced,2025-11-03,12,Food Delivery,Flipkart,567.31,Debit Card,Mobile,1,0,1,1,0,1,2,1
6121,73,34,25000,Conservative,2025-10-14,3,Investment,BigBasket,7683.15,UPI,Mobile,0,0,1,0,0,10,6,0
6122,203,20,35000,Balanced,2025-04-17,0,Utilities,Myntra,1403.29,Debit Card,Desktop,0,1,0,0,1,3,0,0
6123,24,32,50000,Conservative,2025-01-14,6,EMI,Myntra,10864.5,Debit Card,Desktop,0,0,1,0,0,10,4,0
6124,193,30,75000,Aggressive,2025-12-10,17,Groceries,Croma,1619.04,UPI,Mobile,0,0,0,0,0,7,0,0
6125,381,29,25000,Conservative,2025-05-03,17,Utilities,Netflix,1542.85,BNPL,Mobile,1,0,0,1,0,7,4,0
6126,315,37,35000,Aggressive,2025-11-19,20,Food Delivery,Myntra,345.58,Credit Card,Mobile,0,0,0,1,0,3,2,1
6127,97,40,25000,Balanced,2025-03-21,1,Food Delivery,Uber,533.77,Credit Card,Desktop,0,1,1,0,0,5,2,1
6128,290,42,25000,Conservative,2025-12-22,18,Electronics,Swiggy,7685.87,Credit Card,Mobile,0,0,1,0,0,10,8,1
6129,9,27,15000,Aggressive,2025-09-13,12,Travel,Zomato,8809.25,BNPL,Mobile,0,0,0,1,0,4,10,1
6130,324,25,35000,Balanced,2025-01-11,13,Groceries,PhonePe,722.76,Credit Card,Tablet,0,0,0,1,1,9,0,0
6131,166,23,15000,Balanced,2025-10-12,5,Entertainment,Croma,503.72,Debit Card,Desktop,0,0,0,1,1,5,0,0
6132,432,22,50000,Conservative,2025-02-19,3,Health,Paytm,1079.14,BNPL,Mobile,0,0,0,1,1,1,5,1
6133,122,43,25000,Conservative,2025-04-12,14,Health,Croma,2436.43,BNPL,Mobile,0,0,1,1,0,1,6,1
6134,353,40,50000,Balanced,2025-09-29,12,Education,Myntra,4358.41,Debit Card,Desktop,0,0,0,0,0,3,1,0
6135,73,34,25000,Conservative,2025-05-06,20,Health,BigBasket,2232.64,Debit Card,Mobile,0,0,1,1,0,3,1,0
6136,43,39,75000,Balanced,2025-02-26,20,Entertainment,Groww,1081.01,UPI,Mobile,0,0,0,1,1,7,0,0
6137,458,44,75000,Aggressive,2025-11-07,17,Fashion,Flipkart,1120.1,UPI,Mobile,0,0,1,0,0,3,2,1
6138,149,41,50000,Aggressive,2025-01-10,19,EMI,Flipkart,5371.41,Credit Card,Tablet,0,0,1,0,0,8,2,0
6139,344,40,50000,Conservative,2025-11-29,16,Entertainment,BigBasket,742.68,UPI,Mobile,0,0,1,1,0,2,2,1
6140,362,39,15000,Aggressive,2025-04-11,5,Utilities,Amazon,2296.27,UPI,Mobile,0,0,0,0,0,5,3,0
6141,359,38,50000,Balanced,2025-05-20,10,EMI,Swiggy,10030.59,Credit Card,Mobile,0,0,0,1,0,7,4,0
6142,258,41,15000,Conservative,2025-06-12,13,Health,Uber,3087.43,Credit Card,Mobile,0,0,0,1,0,9,4,0
6143,191,39,15000,Conservative,2025-01-06,7,EMI,Netflix,3230.84,Credit Card,Mobile,0,0,0,0,1,7,4,0
6144,25,30,15000,Aggressive,2025-07-19,8,Utilities,Netflix,1901.08,UPI,Mobile,0,0,0,1,0,2,2,0
6145,269,40,35000,Conservative,2025-04-01,0,Education,BigBasket,2642.04,Debit Card,Mobile,1,1,0,0,0,2,1,0
6146,133,19,25000,Conservative,2025-09-18,11,Rent,Zomato,15108.53,Debit Card,Mobile,0,0,0,0,0,3,10,0
6147,327,34,15000,Balanced,2025-12-20,9,Electronics,BigBasket,14515.06,Credit Card,Mobile,0,0,1,0,0,10,10,1
6148,317,44,35000,Conservative,2025-05-22,12,Rent,Paytm,12894.92,UPI,Mobile,0,0,1,0,1,8,7,0
6149,368,21,50000,Conservative,2025-01-27,11,Utilities,Uber,1779.12,UPI,Mobile,0,0,1,0,0,6,0,0
6150,396,41,25000,Conservative,2025-08-24,7,Travel,Groww,9652.57,Credit Card,Desktop,0,0,1,0,0,4,9,1
6151,392,36,75000,Aggressive,2025-03-05,19,Food Delivery,BigBasket,100.0,UPI,Mobile,1,0,0,1,0,10,0,0
6152,13,38,35000,Conservative,2025-05-05,10,Health,Groww,1911.88,UPI,Mobile,1,0,0,1,0,5,1,0
6153,422,22,15000,Aggressive,2025-10-12,8,Fashion,Zomato,2984.81,UPI,Mobile,0,0,0,0,0,6,3,0
6154,201,18,15000,Conservative,2025-01-26,15,Fashion,Zomato,3731.67,Credit Card,Desktop,0,0,0,1,0,5,6,1
6155,198,32,25000,Balanced,2025-11-01,23,Travel,Swiggy,6892.87,Credit Card,Mobile,1,1,0,0,0,8,7,1
6156,477,37,15000,Balanced,2025-05-28,22,Health,Flipkart,1032.89,UPI,Desktop,0,1,0,0,0,10,1,0
6157,282,36,35000,Balanced,2025-03-05,8,Education,Flipkart,1316.99,Credit Card,Desktop,1,0,0,0,0,3,0,0
6158,120,22,25000,Conservative,2025-04-26,16,Travel,Myntra,5813.23,Cash,Mobile,0,0,1,0,0,4,6,1
6159,456,34,50000,Balanced,2025-12-30,19,Food Delivery,Swiggy,331.66,Credit Card,Mobile,0,0,0,0,0,5,0,0
6160,234,33,15000,Conservative,2025-06-10,14,Fashion,Netflix,4565.04,UPI,Desktop,0,0,0,0,0,4,8,1
6161,432,22,50000,Conservative,2025-06-17,5,Fashion,Swiggy,2723.29,Debit Card,Mobile,0,0,0,0,0,3,1,0
6162,211,44,35000,Conservative,2025-09-17,22,Entertainment,Paytm,1310.62,Cash,Mobile,0,1,1,1,0,4,2,1
6163,45,29,25000,Aggressive,2025-06-01,21,Fashion,Swiggy,3370.75,BNPL,Mobile,1,0,1,0,0,6,7,1
6164,452,36,50000,Balanced,2025-11-06,7,Travel,Amazon,10515.1,BNPL,Desktop,0,0,0,0,1,8,7,0
6165,487,28,50000,Aggressive,2025-06-06,2,Electronics,Zomato,10468.48,UPI,Mobile,0,1,0,0,0,1,6,1
6166,378,28,35000,Balanced,2025-02-06,5,Groceries,Paytm,1039.6,UPI,Mobile,0,0,0,0,0,3,0,0
6167,172,36,50000,Balanced,2025-11-11,23,Education,Netflix,3585.03,Debit Card,Mobile,0,1,0,0,0,7,1,0
6168,225,25,50000,Balanced,2025-12-04,5,Health,Uber,1605.53,UPI,Mobile,1,0,0,0,0,6,0,0
6169,175,43,50000,Balanced,2025-08-31,10,EMI,Flipkart,5759.9,Debit Card,Tablet,0,0,0,1,0,9,2,0
6170,375,44,35000,Conservative,2025-04-24,2,Utilities,Myntra,854.61,Credit Card,Desktop,0,1,0,0,0,10,0,0
6171,258,41,15000,Conservative,2025-08-17,14,Utilities,Zomato,754.7,Debit Card,Mobile,0,0,0,0,1,9,1,0
6172,237,39,25000,Balanced,2025-02-11,11,Investment,Uber,5388.76,BNPL,Desktop,0,0,0,1,0,9,7,0
6173,431,27,50000,Balanced,2025-09-16,21,Entertainment,Croma,684.13,UPI,Desktop,0,0,1,0,1,9,0,0
6174,174,20,25000,Balanced,2025-04-19,18,Rent,Flipkart,19856.88,Credit Card,Mobile,0,0,0,1,0,4,10,1
6175,197,41,25000,Aggressive,2025-06-26,14,Travel,Swiggy,8722.22,UPI,Mobile,0,0,1,0,0,3,8,1
6176,226,20,35000,Aggressive,2025-08-01,0,Groceries,BigBasket,1035.3,UPI,Mobile,1,1,0,1,1,5,0,0
6177,373,43,15000,Conservative,2025-04-10,5,EMI,Groww,7036.86,UPI,Mobile,0,0,0,1,0,2,9,0
6178,473,34,50000,Conservative,2025-07-13,9,Food Delivery,Amazon,674.66,Credit Card,Desktop,0,0,0,0,1,6,0,0
6179,137,44,50000,Balanced,2025-11-07,0,Fashion,Netflix,2715.64,UPI,Mobile,0,1,0,1,0,1,3,1
6180,13,38,35000,Conservative,2025-04-21,12,Utilities,Croma,1928.79,UPI,Desktop,0,0,0,1,0,3,1,0
6181,260,34,35000,Balanced,2025-10-26,9,Travel,Paytm,13280.34,UPI,Mobile,0,0,0,0,0,5,7,0
6182,289,24,35000,Aggressive,2025-12-03,17,Fashion,Netflix,1672.85,UPI,Mobile,1,0,1,1,0,5,0,0
6183,33,22,50000,Balanced,2025-10-11,10,Entertainment,Zomato,702.88,UPI,Mobile,0,0,1,0,0,6,0,0
6184,40,21,75000,Conservative,2025-03-30,19,Travel,Netflix,7027.57,Cash,Mobile,0,0,0,1,0,2,1,0
6185,184,18,35000,Balanced,2025-08-19,7,Education,PhonePe,3197.05,UPI,Mobile,0,0,0,0,0,10,1,0
6186,412,32,35000,Conservative,2025-12-13,15,Travel,Flipkart,4058.38,Debit Card,Mobile,0,0,1,0,0,5,2,0
6187,277,25,50000,Balanced,2025-12-03,18,Utilities,BigBasket,2617.94,UPI,Mobile,1,0,0,0,0,10,1,0
6188,170,39,50000,Aggressive,2025-12-13,23,Rent,Groww,18398.37,UPI,Mobile,0,1,0,0,0,4,9,1
6189,123,39,50000,Balanced,2025-09-11,20,Rent,Croma,10116.51,Credit Card,Desktop,0,0,1,1,0,6,6,1
6190,357,43,35000,Conservative,2025-05-24,8,Electronics,Myntra,11787.26,UPI,Mobile,0,0,1,1,0,3,8,1
6191,33,22,50000,Balanced,2025-12-01,16,Education,Flipkart,1911.33,BNPL,Mobile,1,0,0,0,0,3,3,0
6192,108,31,75000,Conservative,2025-01-21,5,Food Delivery,PhonePe,350.02,UPI,Mobile,0,0,1,1,0,10,0,0
6193,75,40,25000,Conservative,2025-01-31,6,Education,BigBasket,4549.29,Credit Card,Mobile,0,0,0,1,0,5,3,0
6194,412,32,35000,Conservative,2025-12-24,13,Food Delivery,Swiggy,194.25,UPI,Mobile,0,0,0,0,0,2,0,0
6195,61,28,25000,Conservative,2025-09-05,5,Fashion,Flipkart,3620.86,BNPL,Mobile,1,0,0,0,0,3,7,1
6196,10,32,35000,Balanced,2025-05-27,23,Rent,Flipkart,20468.23,UPI,Mobile,0,1,0,0,0,7,10,0
6197,38,27,35000,Conservative,2025-09-30,21,Entertainment,Flipkart,1008.99,Credit Card,Desktop,0,0,0,1,0,8,0,0
6198,487,28,50000,Aggressive,2025-11-27,12,Fashion,Zomato,1846.31,Credit Card,Desktop,0,0,0,1,0,2,2,1
6199,274,35,15000,Balanced,2025-04-23,16,Rent,Croma,4634.96,Debit Card,Mobile,0,0,0,0,1,2,6,0
6200,301,43,75000,Conservative,2025-01-01,2,Investment,BigBasket,4044.1,UPI,Mobile,1,1,0,0,0,5,1,0
6201,15,26,15000,Conservative,2025-09-01,13,Groceries,Croma,1067.44,UPI,Mobile,1,0,0,1,0,2,1,0
6202,112,37,15000,Conservative,2025-08-15,17,Fashion,Netflix,2356.38,UPI,Mobile,0,0,1,0,0,4,5,1
6203,391,31,15000,Balanced,2025-11-12,2,Groceries,Uber,753.82,Credit Card,Mobile,0,1,0,0,0,7,1,0
6204,418,25,75000,Balanced,2025-06-14,7,Rent,Groww,15229.69,Debit Card,Mobile,0,0,1,0,1,2,6,1
6205,135,22,50000,Balanced,2025-07-06,10,Utilities,Paytm,1082.28,UPI,Mobile,0,0,0,0,0,8,0,0
6206,337,25,15000,Balanced,2025-06-21,15,Electronics,Zomato,14213.48,Debit Card,Desktop,0,0,0,0,1,2,10,1
6207,104,27,50000,Aggressive,2025-09-22,5,Entertainment,PhonePe,908.19,Credit Card,Mobile,0,0,1,1,1,3,2,1
6208,182,36,100000,Balanced,2025-04-26,7,Utilities,Netflix,2162.51,UPI,Mobile,0,0,0,1,0,6,0,0
6209,330,34,35000,Balanced,2025-06-20,5,Food Delivery,Uber,511.37,Credit Card,Mobile,0,0,0,0,0,6,0,0
6210,272,32,35000,Balanced,2025-11-15,16,Utilities,Groww,2446.37,Debit Card,Mobile,0,0,0,1,0,10,1,0
6211,131,18,35000,Balanced,2025-09-30,15,Food Delivery,Swiggy,593.56,Credit Card,Desktop,0,0,1,1,0,3,2,1
6212,392,36,75000,Aggressive,2025-10-01,13,Electronics,Amazon,14920.86,UPI,Desktop,1,0,0,0,0,3,5,1
6213,93,31,75000,Conservative,2025-10-05,4,Electronics,Groww,11803.26,Debit Card,Mobile,1,0,0,1,0,4,5,1
6214,121,26,50000,Conservative,2025-03-05,11,Entertainment,Flipkart,956.95,Credit Card,Mobile,1,0,1,0,1,4,2,1
6215,337,25,15000,Balanced,2025-10-04,23,Electronics,BigBasket,6434.2,Debit Card,Mobile,1,1,1,1,0,1,10,1
6216,296,32,35000,Balanced,2025-08-16,9,Health,Swiggy,3084.62,Cash,Mobile,0,0,0,0,0,5,1,0
6217,353,40,50000,Balanced,2025-12-01,17,Entertainment,Zomato,781.38,UPI,Mobile,1,0,1,1,0,5,0,0
6218,416,41,35000,Balanced,2025-04-30,2,Groceries,Groww,1399.34,Credit Card,Mobile,0,1,1,0,0,4,2,1
6219,410,35,25000,Conservative,2025-07-08,23,Groceries,BigBasket,858.61,BNPL,Mobile,0,1,0,0,0,2,5,1
6220,383,42,35000,Conservative,2025-01-31,9,EMI,Uber,5568.49,UPI,Mobile,0,0,0,1,0,10,3,0
6221,387,42,35000,Balanced,2025-09-11,8,Investment,BigBasket,2938.26,BNPL,Mobile,0,0,0,1,0,4,4,0
6222,416,41,35000,Balanced,2025-04-20,22,Electronics,Zomato,10589.2,UPI,Mobile,0,1,0,0,0,2,8,1
6223,308,25,50000,Aggressive,2025-05-13,9,Entertainment,Swiggy,347.29,Credit Card,Mobile,0,0,0,0,1,3,2,1
6224,300,23,25000,Balanced,2025-01-18,10,Health,Myntra,1934.84,Debit Card,Mobile,0,0,0,1,0,10,1,0
6225,256,41,75000,Conservative,2025-08-15,13,Electronics,Zomato,15145.01,Credit Card,Desktop,0,0,0,0,0,5,6,1
6226,223,32,15000,Conservative,2025-06-04,21,Utilities,Flipkart,1511.63,UPI,Mobile,1,0,0,1,1,3,2,0
6227,383,42,35000,Conservative,2025-02-23,14,Education,BigBasket,920.78,Credit Card,Mobile,0,0,0,0,1,8,0,0
6228,233,32,35000,Conservative,2025-09-30,13,Investment,Zomato,1791.86,UPI,Mobile,0,0,1,1,0,1,1,0
6229,316,19,35000,Balanced,2025-04-02,8,Entertainment,Paytm,1060.72,UPI,Mobile,1,0,0,1,0,2,0,0
6230,336,40,25000,Conservative,2025-11-17,9,Education,Groww,3350.23,UPI,Desktop,0,0,0,1,0,9,2,0
6231,161,40,50000,Conservative,2025-11-27,18,Travel,Amazon,2009.97,Debit Card,Mobile,0,0,0,0,0,7,0,0
6232,474,32,35000,Balanced,2025-06-15,13,Electronics,Flipkart,17976.95,Cash,Mobile,0,0,1,0,0,9,10,1
6233,170,39,50000,Aggressive,2025-06-27,6,Investment,BigBasket,5220.38,Credit Card,Mobile,0,0,0,0,0,7,2,0
6234,249,25,35000,Balanced,2025-12-10,20,Fashion,Groww,1219.75,Debit Card,Tablet,0,0,0,0,0,3,0,0
6235,391,31,15000,Balanced,2025-11-29,16,EMI,Croma,7528.01,Credit Card,Desktop,0,0,0,0,0,4,10,1
6236,424,34,25000,Conservative,2025-06-22,14,Electronics,Netflix,7915.47,Credit Card,Tablet,0,0,0,1,0,6,8,1
6237,60,23,25000,Balanced,2025-06-21,3,Education,Groww,2459.7,Debit Card,Mobile,0,0,0,0,1,10,1,0
6238,187,29,15000,Conservative,2025-11-12,2,Travel,Groww,16141.12,UPI,Mobile,0,1,0,0,1,10,10,0
6239,423,34,35000,Balanced,2025-12-03,11,Education,Myntra,2078.26,UPI,Mobile,1,0,0,1,0,3,1,0
6240,88,30,35000,Aggressive,2025-02-19,23,Food Delivery,PhonePe,277.01,Credit Card,Mobile,0,1,0,0,1,1,2,1
6241,463,19,25000,Aggressive,2025-08-21,22,Investment,Groww,5930.76,Credit Card,Mobile,0,1,0,1,1,3,6,1
6242,233,32,35000,Conservative,2025-07-03,8,Electronics,Zomato,11193.14,Debit Card,Mobile,1,0,1,0,0,6,8,1
6243,273,34,75000,Balanced,2025-10-09,4,EMI,Groww,3992.95,UPI,Mobile,0,0,0,1,0,8,1,0
6244,279,44,35000,Aggressive,2025-06-24,23,Food Delivery,Uber,467.52,UPI,Mobile,0,1,0,1,1,2,2,1
6245,387,42,35000,Balanced,2025-08-19,20,Health,Groww,2523.33,Credit Card,Mobile,0,0,1,1,0,6,1,0
6246,478,29,15000,Aggressive,2025-02-06,8,EMI,PhonePe,1966.08,Credit Card,Mobile,0,0,0,1,0,2,2,0
6247,87,39,25000,Aggressive,2025-02-20,11,Travel,Myntra,7267.6,Debit Card,Mobile,0,0,0,1,0,9,5,0
6248,481,37,35000,Conservative,2025-07-27,13,EMI,Zomato,3474.46,UPI,Mobile,0,0,0,1,0,7,1,0
6249,412,32,35000,Conservative,2025-02-10,1,Education,Amazon,2769.9,UPI,Mobile,0,1,0,0,1,5,1,0
6250,170,39,50000,Aggressive,2025-10-18,4,Groceries,Uber,1431.6,UPI,Mobile,0,0,0,0,0,7,0,0
6251,435,33,50000,Conservative,2025-09-06,12,Electronics,Groww,9540.5,Debit Card,Mobile,0,0,0,0,0,8,3,0
6252,262,43,25000,Balanced,2025-05-15,7,Investment,Myntra,9593.16,Credit Card,Mobile,0,0,0,0,0,4,9,1
6253,252,44,100000,Balanced,2025-09-18,10,Entertainment,PhonePe,1074.45,Debit Card,Mobile,0,0,0,0,0,10,0,0
6254,92,34,15000,Aggressive,2025-05-28,14,Fashion,Flipkart,2704.43,UPI,Desktop,0,0,0,0,0,2,5,1
6255,280,42,75000,Conservative,2025-01-31,13,Health,Myntra,2572.7,UPI,Mobile,0,0,1,0,0,10,0,0
6256,211,44,35000,Conservative,2025-05-26,18,Food Delivery,Amazon,435.69,Debit Card,Mobile,0,0,0,1,0,1,0,0
6257,107,18,15000,Conservative,2025-09-03,8,EMI,Amazon,2429.05,Credit Card,Mobile,1,0,1,1,1,9,5,1
6258,373,43,15000,Conservative,2025-11-03,16,Health,PhonePe,1828.06,UPI,Desktop,1,0,0,1,0,10,2,0
6259,241,32,15000,Aggressive,2025-10-21,16,Food Delivery,PhonePe,710.96,Cash,Mobile,0,0,0,0,0,10,0,0
6260,133,19,25000,Conservative,2025-11-21,10,Entertainment,Paytm,935.87,UPI,Tablet,0,0,0,0,1,6,0,0
6261,493,18,35000,Conservative,2025-04-19,9,Health,BigBasket,2628.66,UPI,Tablet,0,0,0,0,0,5,1,0
6262,40,21,75000,Conservative,2025-04-08,17,Health,Groww,2755.04,UPI,Desktop,0,0,1,0,1,7,0,0
6263,156,21,15000,Aggressive,2025-11-24,9,Food Delivery,Paytm,145.05,Credit Card,Desktop,0,0,0,0,1,9,0,0
6264,364,30,50000,Conservative,2025-12-14,8,Food Delivery,Flipkart,363.77,Credit Card,Mobile,0,0,1,1,0,6,2,1
6265,375,44,35000,Conservative,2025-08-11,22,Groceries,BigBasket,936.59,Debit Card,Mobile,0,1,0,0,0,8,0,0
6266,423,34,35000,Balanced,2025-07-22,21,Food Delivery,Uber,596.96,UPI,Mobile,0,0,0,0,0,5,0,0
6267,495,43,25000,Conservative,2025-07-29,1,Groceries,Flipkart,1141.93,Debit Card,Mobile,0,1,0,1,1,6,0,0
6268,114,38,25000,Aggressive,2025-09-29,23,Groceries,PhonePe,734.05,UPI,Mobile,0,1,1,0,0,7,0,0
6269,214,23,35000,Aggressive,2025-11-30,21,Groceries,BigBasket,2115.38,UPI,Mobile,0,0,1,0,1,8,1,0
6270,75,40,25000,Conservative,2025-08-19,22,Fashion,Paytm,3662.88,Credit Card,Mobile,0,1,1,1,0,5,4,1
6271,449,31,25000,Balanced,2025-08-09,3,Groceries,Swiggy,1730.65,UPI,Mobile,0,0,1,1,0,5,1,0
6272,189,43,25000,Conservative,2025-07-25,16,Education,Flipkart,4001.2,Cash,Mobile,0,0,0,1,0,6,3,0
6273,476,25,50000,Aggressive,2025-02-23,13,Electronics,Uber,6119.55,UPI,Mobile,0,0,0,0,0,4,2,0
6274,235,18,15000,Balanced,2025-09-16,11,Entertainment,Myntra,1007.05,Credit Card,Desktop,0,0,1,0,0,3,3,1
6275,327,34,15000,Balanced,2025-04-01,2,Rent,Myntra,20876.09,Debit Card,Mobile,1,1,1,1,0,6,10,1
6276,433,32,15000,Balanced,2025-09-05,12,Investment,Uber,5811.45,UPI,Mobile,1,0,0,0,0,3,7,0
6277,372,39,15000,Balanced,2025-01-09,16,Travel,BigBasket,14114.93,Credit Card,Mobile,0,0,0,0,0,5,10,0
6278,195,42,35000,Aggressive,2025-12-07,13,Travel,Croma,7621.0,UPI,Mobile,0,0,1,1,0,10,4,0
6279,364,30,50000,Conservative,2025-04-16,8,Health,Flipkart,629.08,UPI,Mobile,0,0,0,1,0,1,0,0
6280,115,24,15000,Conservative,2025-10-08,16,Travel,Flipkart,10066.28,Debit Card,Tablet,0,0,0,0,0,2,10,0
6281,16,32,50000,Balanced,2025-04-27,11,Health,Netflix,327.16,Cash,Mobile,0,0,0,0,0,1,0,0
6282,65,23,50000,Aggressive,2025-12-13,1,Groceries,Amazon,910.18,Debit Card,Tablet,0,1,0,1,0,6,0,0
6283,441,33,50000,Aggressive,2025-01-14,12,Travel,PhonePe,9680.04,Debit Card,Mobile,0,0,0,0,1,8,3,0
6284,34,44,35000,Conservative,2025-07-21,17,Food Delivery,Zomato,475.82,UPI,Mobile,0,0,0,0,1,2,0,0
6285,417,42,50000,Conservative,2025-09-18,13,Food Delivery,Myntra,408.28,Credit Card,Mobile,0,0,0,0,0,7,0,0
6286,369,28,25000,Conservative,2025-03-21,23,Food Delivery,Zomato,287.05,UPI,Desktop,0,1,0,0,0,10,0,0
6287,154,34,35000,Aggressive,2025-09-16,9,Rent,Swiggy,911.02,Debit Card,Mobile,0,0,1,0,0,5,0,0
6288,75,40,25000,Conservative,2025-08-28,20,Education,Croma,2619.09,Credit Card,Desktop,0,0,0,1,1,9,2,0
6289,295,41,35000,Balanced,2025-12-17,0,Entertainment,Swiggy,289.24,Debit Card,Mobile,0,1,0,0,0,5,0,0
6290,420,28,25000,Conservative,2025-06-19,5,Utilities,Amazon,2292.4,Debit Card,Mobile,0,0,1,1,0,5,1,0
6291,150,33,15000,Conservative,2025-07-16,13,EMI,PhonePe,6219.82,UPI,Mobile,0,0,0,0,0,9,8,0
6292,145,36,25000,Conservative,2025-12-15,11,Investment,PhonePe,3548.3,UPI,Mobile,0,0,0,0,0,4,2,0
6293,1,24,50000,Conservative,2025-04-12,9,Education,Zomato,4275.53,UPI,Mobile,0,0,0,0,0,5,1,0
6294,274,35,15000,Balanced,2025-11-28,17,Education,Uber,2741.2,Credit Card,Mobile,0,0,0,0,0,3,5,1
6295,157,29,25000,Aggressive,2025-02-18,21,Electronics,Groww,9487.49,Credit Card,Mobile,0,0,0,1,0,1,9,1
6296,282,36,35000,Balanced,2025-04-16,7,Entertainment,Groww,1154.53,UPI,Mobile,0,0,0,1,0,10,0,0
6297,236,37,25000,Conservative,2025-09-29,9,Food Delivery,Amazon,757.57,BNPL,Mobile,0,0,0,0,0,9,3,0
6298,142,31,15000,Conservative,2025-01-15,13,Rent,Flipkart,15531.85,Debit Card,Mobile,0,0,0,1,1,9,10,0
6299,67,36,25000,Conservative,2025-04-10,2,Rent,Paytm,18723.21,Credit Card,Mobile,0,1,1,0,0,10,10,1
6300,411,42,25000,Aggressive,2025-03-24,2,Groceries,Amazon,1563.56,Credit Card,Mobile,0,1,0,1,1,10,3,1
6301,11,36,25000,Aggressive,2025-01-12,19,EMI,Amazon,7269.0,Credit Card,Mobile,0,0,1,1,1,9,7,1
6302,277,25,50000,Balanced,2025-02-05,2,Investment,Flipkart,7253.84,Debit Card,Desktop,1,1,0,0,0,3,2,0
6303,451,41,50000,Conservative,2025-02-22,7,Education,Croma,4231.45,Debit Card,Mobile,0,0,1,1,0,9,1,0
6304,86,29,35000,Balanced,2025-11-27,17,Investment,Flipkart,6591.1,Credit Card,Mobile,0,0,1,0,0,6,5,1
6305,72,43,100000,Balanced,2025-12-22,20,EMI,PhonePe,7061.8,Credit Card,Mobile,0,0,0,0,0,6,1,0
6306,401,33,35000,Aggressive,2025-09-23,2,Rent,Amazon,6467.95,Credit Card,Tablet,0,1,0,0,0,8,5,1
6307,330,34,35000,Balanced,2025-09-17,19,EMI,BigBasket,5072.09,Cash,Mobile,0,0,0,0,0,5,2,0
6308,191,39,15000,Conservative,2025-09-09,23,Entertainment,Flipkart,740.37,Debit Card,Mobile,0,1,0,0,0,5,0,0
6309,408,24,35000,Balanced,2025-11-13,3,Food Delivery,BigBasket,214.69,BNPL,Desktop,0,0,0,1,0,2,5,1
6310,365,30,50000,Balanced,2025-10-01,3,Food Delivery,Flipkart,468.47,UPI,Mobile,1,0,0,0,0,10,0,0
6311,457,39,25000,Balanced,2025-01-28,2,Food Delivery,Croma,296.19,UPI,Desktop,0,1,0,0,0,10,0,0
6312,352,27,35000,Aggressive,2025-01-07,22,Investment,Groww,5220.96,Credit Card,Mobile,0,1,0,0,0,2,4,1
6313,194,35,35000,Balanced,2025-06-29,9,Rent,Paytm,8459.32,Debit Card,Mobile,0,0,0,1,1,6,4,0
6314,54,34,25000,Conservative,2025-11-06,23,Fashion,BigBasket,2029.96,Debit Card,Tablet,0,1,0,0,0,1,3,1
6315,191,39,15000,Conservative,2025-08-10,1,Electronics,Netflix,9655.43,UPI,Mobile,0,1,0,1,0,9,10,1
6316,342,38,35000,Conservative,2025-02-06,16,Utilities,Zomato,1338.72,UPI,Mobile,0,0,1,1,1,7,0,0
6317,2,25,35000,Conservative,2025-09-04,1,Education,Myntra,4040.96,UPI,Mobile,1,1,0,0,0,10,2,0
6318,39,24,35000,Balanced,2025-04-18,7,Fashion,Netflix,2533.47,UPI,Mobile,0,0,0,1,0,4,1,0
6319,44,42,15000,Balanced,2025-01-30,2,Education,Croma,3628.12,Debit Card,Mobile,0,1,0,0,0,2,6,1
6320,20,35,50000,Aggressive,2025-10-05,2,Travel,Flipkart,7898.66,Debit Card,Mobile,1,1,0,1,0,7,3,0
6321,107,18,15000,Conservative,2025-08-07,9,Travel,BigBasket,5398.83,BNPL,Mobile,0,0,1,0,0,6,10,1
6322,482,42,25000,Balanced,2025-01-19,2,Education,BigBasket,2172.62,UPI,Mobile,0,1,0,0,0,2,1,0
6323,314,38,35000,Conservative,2025-11-04,2,Education,BigBasket,3702.14,UPI,Mobile,1,1,0,0,0,3,2,0
6324,39,24,35000,Balanced,2025-05-03,17,EMI,BigBasket,7316.16,Credit Card,Mobile,1,0,0,1,0,3,6,1
6325,450,25,25000,Balanced,2025-01-11,19,Investment,Zomato,3494.61,UPI,Desktop,0,0,1,1,1,9,2,0
6326,295,41,35000,Balanced,2025-11-17,11,Rent,Croma,12201.07,UPI,Mobile,0,0,0,1,0,1,6,0
6327,221,19,35000,Conservative,2025-10-12,8,Investment,Amazon,5654.59,BNPL,Mobile,0,0,0,1,1,8,8,1
6328,111,39,35000,Conservative,2025-11-01,0,Electronics,Groww,10985.3,Credit Card,Desktop,1,1,1,1,1,4,8,1
6329,88,30,35000,Aggressive,2025-10-14,18,Groceries,Paytm,804.41,UPI,Mobile,0,0,0,1,0,1,0,0
6330,325,30,25000,Balanced,2025-01-01,0,Rent,Flipkart,8940.93,Debit Card,Tablet,1,1,0,0,0,1,9,1
6331,363,23,50000,Conservative,2025-11-09,20,Utilities,Croma,923.78,UPI,Mobile,0,0,0,1,0,3,0,0
6332,124,38,35000,Balanced,2025-03-13,11,EMI,Flipkart,3543.55,Debit Card,Mobile,0,0,1,0,0,9,2,0
6333,354,36,35000,Balanced,2025-04-01,12,Education,Myntra,3667.19,UPI,Desktop,1,0,0,1,0,7,2,0
6334,467,37,50000,Conservative,2025-05-25,3,Groceries,Netflix,729.66,BNPL,Mobile,0,0,0,0,0,8,3,0
6335,428,21,35000,Conservative,2025-11-22,3,Investment,Amazon,4077.86,UPI,Tablet,0,0,1,0,0,10,2,0
6336,132,43,35000,Balanced,2025-02-18,5,EMI,Zomato,2469.05,UPI,Mobile,0,0,1,1,0,1,1,0
6337,319,42,35000,Balanced,2025-05-16,16,Food Delivery,Netflix,361.95,Debit Card,Mobile,0,0,1,0,0,9,0,0
6338,239,31,15000,Conservative,2025-06-07,14,Electronics,Groww,8728.64,UPI,Desktop,0,0,0,1,0,5,10,0
6339,98,35,35000,Aggressive,2025-02-03,16,Health,PhonePe,1403.99,UPI,Desktop,1,0,0,0,0,5,0,0
6340,258,41,15000,Conservative,2025-10-29,13,Food Delivery,Croma,212.87,BNPL,Mobile,0,0,1,0,0,5,5,1
6341,361,43,50000,Conservative,2025-08-10,6,Entertainment,Croma,1164.12,Credit Card,Mobile,0,0,1,0,0,3,2,1
6342,189,43,25000,Conservative,2025-06-19,1,Health,Netflix,2255.98,UPI,Mobile,0,1,0,0,1,10,1,0
6343,379,20,50000,Balanced,2025-01-30,20,Electronics,Myntra,5926.4,UPI,Mobile,0,0,1,0,0,6,2,0
6344,37,44,35000,Balanced,2025-02-25,11,EMI,BigBasket,4545.62,Debit Card,Mobile,0,0,1,0,0,7,2,0
6345,57,19,35000,Conservative,2025-12-14,22,Education,Croma,5042.47,UPI,Tablet,0,1,0,0,0,7,2,0
6346,166,23,15000,Balanced,2025-12-29,12,Food Delivery,Flipkart,306.72,Debit Card,Mobile,0,0,0,1,1,7,0,0
6347,333,36,35000,Balanced,2025-08-22,13,Entertainment,Uber,578.88,UPI,Mobile,0,0,0,0,0,10,0,0
6348,83,21,25000,Conservative,2025-06-28,14,EMI,BigBasket,3268.51,UPI,Tablet,0,0,0,1,1,6,2,0
6349,141,29,25000,Conservative,2025-11-28,8,Utilities,Uber,2669.7,Debit Card,Mobile,0,0,0,1,0,9,2,0
6350,294,32,50000,Conservative,2025-10-12,9,Food Delivery,BigBasket,510.35,UPI,Mobile,0,0,0,0,0,10,0,0
6351,203,20,35000,Balanced,2025-04-03,12,EMI,Amazon,2863.17,UPI,Mobile,1,0,0,1,0,10,1,0
6352,165,26,50000,Balanced,2025-07-08,4,Fashion,BigBasket,1259.21,Debit Card,Mobile,0,0,0,0,0,6,0,0
6353,138,20,35000,Balanced,2025-07-28,13,Electronics,Paytm,13251.13,UPI,Desktop,0,0,0,0,0,5,7,0
6354,78,28,75000,Balanced,2025-08-10,13,Electronics,Flipkart,8719.35,Credit Card,Mobile,0,0,0,0,0,4,4,1
6355,138,20,35000,Balanced,2025-11-19,22,Investment,PhonePe,2291.08,Credit Card,Mobile,0,1,1,0,0,1,3,1
6356,231,31,25000,Conservative,2025-09-23,19,EMI,Groww,100.0,Debit Card,Desktop,0,0,1,1,0,9,0,0
6357,255,28,15000,Aggressive,2025-05-20,5,Education,Flipkart,2311.32,UPI,Mobile,0,0,0,0,0,6,3,0
6358,439,18,75000,Balanced,2025-03-28,1,EMI,Groww,6083.7,BNPL,Mobile,0,1,0,1,1,5,6,1
6359,444,28,100000,Balanced,2025-03-03,11,Electronics,Amazon,11656.86,UPI,Mobile,1,0,0,0,0,1,2,0
6360,84,37,25000,Balanced,2025-02-09,9,Utilities,BigBasket,1823.29,Cash,Mobile,0,0,0,0,0,3,1,0
6361,81,31,35000,Balanced,2025-06-17,16,Food Delivery,PhonePe,100.0,Debit Card,Desktop,0,0,1,1,0,3,2,1
6362,177,42,25000,Conservative,2025-07-22,14,Utilities,Amazon,2284.82,UPI,Mobile,0,0,1,1,1,10,1,0
6363,202,34,35000,Balanced,2025-09-22,2,Rent,Netflix,4262.99,UPI,Mobile,0,1,1,1,0,1,4,1
6364,474,32,35000,Balanced,2025-04-14,11,Health,BigBasket,401.0,UPI,Mobile,0,0,0,0,0,6,0,0
6365,338,20,75000,Balanced,2025-01-23,0,Entertainment,Uber,1498.1,Debit Card,Mobile,0,1,0,0,0,1,2,1
6366,81,31,35000,Balanced,2025-05-25,19,Investment,Myntra,5281.63,Credit Card,Mobile,0,0,0,0,1,7,3,0
6367,116,37,35000,Balanced,2025-02-04,4,Health,Groww,3306.48,UPI,Mobile,1,0,0,1,1,1,1,0
6368,148,42,35000,Balanced,2025-03-14,20,Rent,PhonePe,17109.4,UPI,Mobile,0,0,0,0,0,6,9,0
6369,418,25,75000,Balanced,2025-05-02,1,Travel,Myntra,7257.06,BNPL,Mobile,1,1,0,1,0,6,4,0
6370,16,32,50000,Balanced,2025-01-04,12,Education,Netflix,2608.14,BNPL,Mobile,1,0,0,1,0,10,4,0
6371,360,19,35000,Balanced,2025-10-02,23,Groceries,Netflix,1748.57,UPI,Desktop,1,1,0,0,0,4,0,0
6372,102,43,50000,Balanced,2025-08-28,6,Groceries,Croma,1153.94,BNPL,Mobile,0,0,1,0,0,7,3,0
6373,118,27,25000,Balanced,2025-03-03,19,Entertainment,Amazon,462.43,UPI,Mobile,1,0,0,1,1,1,2,1
6374,148,42,35000,Balanced,2025-05-05,14,Investment,BigBasket,6097.36,Credit Card,Mobile,1,0,1,0,1,4,5,1
6375,334,40,100000,Aggressive,2025-07-31,10,Rent,BigBasket,18992.82,Credit Card,Mobile,0,0,1,0,0,3,5,1
6376,407,42,50000,Balanced,2025-04-04,1,Travel,Zomato,15581.61,UPI,Mobile,1,1,1,1,0,10,8,1
6377,148,42,35000,Balanced,2025-09-24,5,Fashion,Groww,3210.6,UPI,Mobile,0,0,1,1,0,4,3,1
6378,99,43,75000,Conservative,2025-05-02,14,Utilities,PhonePe,2602.55,UPI,Mobile,1,0,0,1,0,9,0,0
6379,32,33,25000,Balanced,2025-12-16,11,Rent,Groww,13004.3,UPI,Mobile,0,0,0,0,0,1,10,0
6380,193,30,75000,Aggressive,2025-05-28,0,Utilities,Swiggy,1138.16,UPI,Mobile,0,1,0,0,0,3,0,0
6381,219,21,35000,Aggressive,2025-03-14,1,Groceries,Zomato,920.06,BNPL,Mobile,0,1,0,0,1,9,3,0
6382,250,27,25000,Conservative,2025-12-24,4,Investment,Myntra,4710.17,Cash,Mobile,0,0,0,0,0,6,3,0
6383,239,31,15000,Conservative,2025-03-03,20,Food Delivery,Croma,225.32,UPI,Desktop,1,0,0,0,1,5,0,0
6384,352,27,35000,Aggressive,2025-03-08,8,Electronics,Netflix,21216.51,Debit Card,Mobile,0,0,0,0,1,5,10,0
6385,454,22,15000,Aggressive,2025-06-26,23,EMI,Swiggy,7495.21,Credit Card,Desktop,0,1,1,0,0,3,10,1
6386,323,26,15000,Balanced,2025-09-12,20,EMI,Flipkart,6691.54,Debit Card,Mobile,0,0,0,1,0,7,8,0
6387,442,42,75000,Conservative,2025-11-22,12,Utilities,Croma,2497.04,Credit Card,Mobile,0,0,0,0,0,5,0,0
6388,358,40,50000,Aggressive,2025-01-03,12,Investment,PhonePe,3056.81,Credit Card,Mobile,1,0,0,1,0,3,1,0
6389,22,25,35000,Balanced,2025-12-29,9,Groceries,Netflix,795.17,UPI,Mobile,0,0,0,0,0,6,0,0
6390,346,19,75000,Balanced,2025-03-18,14,Entertainment,Netflix,100.0,Debit Card,Desktop,0,0,0,0,0,5,0,0
6391,56,34,100000,Conservative,2025-11-28,18,Groceries,Swiggy,888.53,Credit Card,Mobile,0,0,1,0,0,2,2,1
6392,425,35,35000,Aggressive,2025-08-26,14,Education,Uber,4868.73,UPI,Mobile,0,0,0,1,1,2,2,0
6393,147,41,50000,Aggressive,2025-05-09,23,Entertainment,Netflix,448.14,Debit Card,Mobile,0,1,0,0,0,9,0,0
6394,462,36,25000,Conservative,2025-01-22,21,Rent,Croma,16698.82,Credit Card,Mobile,0,0,1,1,0,6,10,1
6395,147,41,50000,Aggressive,2025-07-25,8,Education,PhonePe,3533.71,UPI,Mobile,0,0,0,0,0,7,1,0
6396,442,42,75000,Conservative,2025-02-20,9,Investment,Uber,3163.81,UPI,Desktop,0,0,1,0,1,9,0,0
6397,308,25,50000,Aggressive,2025-06-06,12,Groceries,Uber,1949.61,Debit Card,Mobile,0,0,0,0,0,10,0,0
6398,343,35,15000,Conservative,2025-06-07,12,Rent,Netflix,7404.75,UPI,Tablet,0,0,0,1,0,7,9,0
6399,387,42,35000,Balanced,2025-03-01,9,Groceries,Croma,1817.37,Debit Card,Desktop,1,0,1,0,0,5,1,0
6400,149,41,50000,Aggressive,2025-09-06,15,Travel,Uber,2530.91,UPI,Mobile,0,0,0,1,0,6,1,0
6401,229,38,35000,Balanced,2025-11-19,12,Utilities,BigBasket,2905.46,UPI,Desktop,0,0,0,0,0,3,1,0
6402,162,38,35000,Conservative,2025-02-04,6,EMI,Uber,7096.32,Cash,Mobile,1,0,0,1,0,2,4,0
6403,198,32,25000,Balanced,2025-01-25,4,Rent,Amazon,6221.06,UPI,Mobile,0,0,0,0,0,7,4,0
6404,495,43,25000,Conservative,2025-09-01,11,Utilities,Uber,1699.17,Credit Card,Mobile,1,0,0,1,0,5,1,0
6405,51,18,15000,Conservative,2025-06-26,17,Utilities,Netflix,1061.48,Debit Card,Desktop,0,0,1,0,0,2,1,0
6406,234,33,15000,Conservative,2025-11-04,2,Rent,Flipkart,7007.15,Debit Card,Mobile,1,1,0,1,0,10,9,0
6407,354,36,35000,Balanced,2025-05-04,2,Health,Netflix,1815.2,BNPL,Mobile,1,1,0,1,1,7,6,1
6408,53,41,50000,Conservative,2025-10-13,2,Entertainment,Paytm,815.82,Debit Card,Desktop,0,1,0,0,0,8,0,0
6409,297,44,35000,Balanced,2025-10-23,20,Travel,BigBasket,10338.69,Credit Card,Mobile,0,0,0,1,0,4,7,1
6410,33,22,50000,Balanced,2025-06-08,10,Travel,Myntra,10524.36,Debit Card,Mobile,0,0,0,0,1,1,4,0
6411,367,39,50000,Conservative,2025-05-07,6,Investment,Myntra,3990.04,Credit Card,Mobile,0,0,0,0,1,8,1,0
6412,341,33,25000,Balanced,2025-04-12,15,Entertainment,PhonePe,533.38,Cash,Tablet,0,0,0,1,0,4,0,0
6413,209,39,50000,Balanced,2025-12-08,17,Entertainment,PhonePe,263.59,BNPL,Mobile,0,0,0,0,0,1,5,1
6414,170,39,50000,Aggressive,2025-08-21,15,Health,Netflix,3244.84,Credit Card,Desktop,0,0,0,0,0,5,1,0
6415,325,30,25000,Balanced,2025-10-29,1,Investment,Croma,6183.25,UPI,Mobile,0,1,1,1,0,4,6,1
6416,149,41,50000,Aggressive,2025-10-08,23,Groceries,Netflix,829.75,Cash,Mobile,0,1,0,0,0,8,0,0
6417,247,20,35000,Balanced,2025-07-24,7,Entertainment,Groww,443.87,Credit Card,Mobile,0,0,0,0,1,8,0,0
6418,498,34,100000,Conservative,2025-08-07,4,Utilities,Paytm,307.21,UPI,Mobile,0,0,0,1,0,1,0,0
6419,219,21,35000,Aggressive,2025-01-07,23,Entertainment,Swiggy,861.01,UPI,Mobile,0,1,0,0,0,3,2,1
6420,86,29,35000,Balanced,2025-11-04,20,Investment,Flipkart,3954.14,Credit Card,Mobile,1,0,1,1,0,4,4,1
6421,448,29,15000,Conservative,2025-09-18,19,Fashion,Uber,2040.63,Credit Card,Mobile,0,0,1,0,0,7,4,1
6422,148,42,35000,Balanced,2025-12-01,14,Entertainment,Uber,347.05,UPI,Mobile,1,0,0,1,0,6,0,0
6423,192,38,50000,Balanced,2025-09-05,20,Investment,PhonePe,3011.35,Credit Card,Mobile,1,0,0,1,1,9,1,0
6424,166,23,15000,Balanced,2025-07-26,21,Electronics,PhonePe,4282.64,UPI,Mobile,0,0,0,1,0,5,5,0
6425,253,18,15000,Conservative,2025-11-11,1,Food Delivery,Swiggy,287.69,UPI,Tablet,0,1,0,0,0,5,0,0
6426,227,43,25000,Aggressive,2025-12-05,19,Fashion,BigBasket,3171.48,UPI,Desktop,1,0,0,0,0,6,2,0
6427,487,28,50000,Aggressive,2025-02-15,22,Health,Zomato,2509.1,Credit Card,Mobile,0,1,0,1,0,10,1,0
6428,126,29,35000,Conservative,2025-10-07,2,EMI,Swiggy,2992.73,UPI,Mobile,0,1,0,1,0,3,1,0
6429,93,31,75000,Conservative,2025-11-05,12,Electronics,Myntra,2998.65,Credit Card,Mobile,1,0,0,0,1,1,2,1
6430,137,44,50000,Balanced,2025-03-18,15,Groceries,Uber,1522.45,Debit Card,Mobile,0,0,1,1,0,7,0,0
6431,141,29,25000,Conservative,2025-09-20,3,EMI,BigBasket,6243.69,Debit Card,Mobile,0,0,0,1,0,6,4,0
6432,10,32,35000,Balanced,2025-09-20,19,Rent,Paytm,4661.9,BNPL,Mobile,0,0,0,0,1,6,5,0
6433,283,32,35000,Conservative,2025-04-03,21,Rent,Amazon,14460.27,UPI,Desktop,1,0,1,0,1,8,8,0
6434,285,25,25000,Balanced,2025-01-12,6,Electronics,Paytm,9934.85,BNPL,Mobile,0,0,1,0,0,7,10,1
6435,263,23,100000,Balanced,2025-10-14,4,Rent,Paytm,10640.07,UPI,Desktop,0,0,0,0,1,3,2,0
6436,171,42,35000,Conservative,2025-06-18,2,EMI,Groww,7287.34,UPI,Mobile,0,1,1,1,0,10,6,1
6437,76,33,50000,Aggressive,2025-12-22,3,Health,Flipkart,1360.86,UPI,Mobile,0,0,1,1,0,7,0,0
6438,463,19,25000,Aggressive,2025-07-03,10,Groceries,Swiggy,525.27,UPI,Mobile,1,0,0,1,0,6,0,0
6439,230,29,25000,Conservative,2025-10-18,3,Travel,Zomato,7656.75,Cash,Mobile,0,0,0,0,0,2,6,0
6440,88,30,35000,Aggressive,2025-03-14,8,Fashion,Swiggy,2643.09,Credit Card,Mobile,0,0,0,1,1,1,3,1
6441,300,23,25000,Balanced,2025-02-08,3,Food Delivery,BigBasket,299.91,Credit Card,Mobile,0,0,1,0,0,5,2,1
6442,376,43,35000,Conservative,2025-09-03,14,Food Delivery,Paytm,393.09,Credit Card,Mobile,1,0,0,0,0,2,2,1
6443,351,43,50000,Conservative,2025-10-10,22,Utilities,PhonePe,1730.46,BNPL,Mobile,0,1,0,0,0,2,5,1
6444,145,36,25000,Conservative,2025-06-03,23,Entertainment,BigBasket,996.31,Credit Card,Mobile,1,1,0,1,1,9,2,1
6445,89,44,50000,Balanced,2025-04-01,21,Fashion,Croma,4248.13,UPI,Mobile,1,0,0,0,1,9,1,0
6446,78,28,75000,Balanced,2025-10-28,12,Fashion,Croma,4109.94,UPI,Mobile,0,0,0,0,0,5,1,0
6447,332,24,50000,Conservative,2025-10-24,20,Food Delivery,Myntra,383.34,BNPL,Tablet,0,0,1,1,1,2,5,1
6448,221,19,35000,Conservative,2025-06-07,16,Education,Swiggy,1070.89,UPI,Mobile,0,0,1,1,1,4,2,1
6449,101,19,25000,Conservative,2025-08-25,6,Utilities,Paytm,1258.83,BNPL,Mobile,0,0,0,1,1,5,4,0
6450,255,28,15000,Aggressive,2025-10-02,9,Utilities,Groww,1987.41,Credit Card,Mobile,1,0,0,0,1,10,2,0
6451,287,25,50000,Conservative,2025-07-26,12,Electronics,BigBasket,12234.51,Credit Card,Mobile,0,0,0,0,0,1,6,1
6452,88,30,35000,Aggressive,2025-08-01,4,Food Delivery,Groww,411.91,BNPL,Mobile,1,0,0,1,0,6,3,0
6453,257,36,15000,Balanced,2025-07-24,19,EMI,Amazon,5036.77,Debit Card,Mobile,0,0,1,0,0,6,6,0
6454,303,18,15000,Aggressive,2025-07-02,5,Education,Netflix,2495.95,Debit Card,Desktop,1,0,0,1,0,5,3,0
6455,308,25,50000,Aggressive,2025-03-13,17,Rent,Zomato,11354.99,Cash,Mobile,0,0,0,0,0,8,4,0
6456,295,41,35000,Balanced,2025-09-18,14,Food Delivery,Croma,736.99,Credit Card,Desktop,0,0,0,0,1,5,0,0
6457,19,23,25000,Balanced,2025-10-26,20,Entertainment,Zomato,420.32,Credit Card,Mobile,0,0,0,1,0,2,2,1
6458,121,26,50000,Conservative,2025-05-30,5,Investment,Flipkart,1321.1,UPI,Mobile,0,0,1,0,1,9,0,0
6459,11,36,25000,Aggressive,2025-12-17,11,Rent,Croma,13612.47,UPI,Desktop,0,0,0,0,0,4,10,0
6460,167,27,25000,Aggressive,2025-11-29,14,Investment,Flipkart,5610.84,Credit Card,Tablet,0,0,1,0,1,10,6,1
6461,453,19,25000,Balanced,2025-02-05,20,Food Delivery,Croma,140.87,Debit Card,Mobile,1,0,0,0,0,3,0,0
6462,379,20,50000,Balanced,2025-05-17,20,Fashion,Zomato,1789.13,Cash,Mobile,0,0,0,0,0,7,0,0
6463,311,18,75000,Balanced,2025-09-18,4,Education,Swiggy,3873.22,UPI,Mobile,0,0,0,1,1,8,1,0
6464,141,29,25000,Conservative,2025-12-17,17,Groceries,Amazon,1525.95,BNPL,Mobile,0,0,0,0,0,10,4,0
6465,310,31,25000,Aggressive,2025-05-02,9,Travel,Swiggy,7126.54,UPI,Mobile,1,0,1,1,0,4,7,1
6466,425,35,35000,Aggressive,2025-05-23,17,Entertainment,Croma,955.43,UPI,Desktop,0,0,0,0,0,9,0,0
6467,276,18,50000,Balanced,2025-11-16,11,Groceries,Flipkart,1172.59,Credit Card,Mobile,0,0,0,0,1,7,0,0
6468,283,32,35000,Conservative,2025-11-06,15,Investment,Myntra,7562.45,BNPL,Mobile,0,0,0,0,0,2,9,1
6469,356,39,35000,Balanced,2025-02-08,9,Electronics,Croma,15584.73,Credit Card,Mobile,0,0,1,0,0,3,10,1
6470,386,33,50000,Conservative,2025-07-20,12,Entertainment,PhonePe,1099.41,Credit Card,Mobile,0,0,1,0,0,3,2,1
6471,425,35,35000,Aggressive,2025-12-27,21,Health,BigBasket,1929.48,Cash,Mobile,0,0,1,1,1,8,1,0
6472,126,29,35000,Conservative,2025-09-28,12,Investment,Swiggy,5094.43,UPI,Mobile,0,0,0,1,0,2,2,0
6473,257,36,15000,Balanced,2025-04-26,3,Travel,Amazon,3279.14,Credit Card,Desktop,0,0,0,0,1,4,6,1
6474,14,42,100000,Aggressive,2025-11-21,4,Education,Paytm,2787.92,Debit Card,Mobile,0,0,0,0,1,10,0,0
6475,372,39,15000,Balanced,2025-03-29,20,Food Delivery,PhonePe,375.58,UPI,Desktop,0,0,0,0,0,4,0,0
6476,428,21,35000,Conservative,2025-08-24,7,Utilities,Myntra,2670.97,UPI,Desktop,0,0,0,1,1,2,1,0
6477,438,19,35000,Aggressive,2025-08-24,21,Health,Zomato,826.22,Credit Card,Desktop,0,0,1,0,0,2,2,1
6478,451,41,50000,Conservative,2025-09-16,3,Travel,Amazon,11243.38,Cash,Desktop,0,0,0,1,0,7,4,0
6479,446,38,50000,Conservative,2025-11-24,11,Rent,Zomato,6694.0,UPI,Mobile,0,0,0,0,0,6,2,0
6480,119,36,35000,Conservative,2025-11-22,6,Utilities,PhonePe,2592.75,Credit Card,Mobile,0,0,0,0,0,4,1,0
6481,232,43,50000,Balanced,2025-07-23,14,Investment,Croma,4079.23,Cash,Mobile,0,0,1,0,1,8,1,0
6482,82,33,100000,Conservative,2025-10-19,12,Utilities,Myntra,2356.04,UPI,Mobile,0,0,1,0,0,5,0,0
6483,228,35,25000,Conservative,2025-04-17,17,Fashion,BigBasket,2782.1,UPI,Desktop,0,0,0,0,0,7,2,0
6484,401,33,35000,Aggressive,2025-01-30,19,Travel,Zomato,10621.44,BNPL,Mobile,0,0,0,1,0,6,9,0
6485,400,39,25000,Balanced,2025-12-10,19,Electronics,Uber,11516.56,Credit Card,Desktop,0,0,0,0,0,2,10,1
6486,21,21,35000,Aggressive,2025-03-30,8,Entertainment,Paytm,1119.15,UPI,Mobile,0,0,0,0,0,5,0,0
6487,281,25,35000,Balanced,2025-01-28,15,Electronics,BigBasket,10119.1,Credit Card,Mobile,0,0,0,1,1,5,7,1
6488,414,22,50000,Conservative,2025-02-11,11,Rent,Uber,17653.35,Credit Card,Mobile,0,0,1,1,0,9,9,1
6489,485,38,15000,Conservative,2025-06-18,16,Fashion,Netflix,2960.35,UPI,Mobile,0,0,0,0,1,5,3,0
6490,267,21,25000,Balanced,2025-10-19,16,Rent,Flipkart,13285.88,UPI,Mobile,0,0,1,0,0,4,10,1
6491,276,18,50000,Balanced,2025-09-14,20,EMI,Amazon,6523.2,UPI,Mobile,0,0,0,1,0,7,2,0
6492,321,28,35000,Conservative,2025-04-20,1,Education,Amazon,4194.52,UPI,Mobile,0,1,1,0,0,7,2,0
6493,213,31,50000,Conservative,2025-04-26,10,Health,Myntra,250.59,BNPL,Mobile,0,0,0,1,0,4,3,0
6494,299,37,25000,Aggressive,2025-02-09,7,Education,Swiggy,3391.05,Credit Card,Mobile,0,0,0,1,0,9,2,0
6495,400,39,25000,Balanced,2025-02-16,14,Entertainment,Amazon,936.37,BNPL,Mobile,0,0,0,0,1,9,3,0
6496,10,32,35000,Balanced,2025-07-24,14,Travel,Flipkart,14025.01,Debit Card,Mobile,0,0,1,0,0,2,10,1
6497,430,26,15000,Aggressive,2025-02-14,5,Health,Flipkart,3447.66,UPI,Mobile,0,0,0,0,0,3,4,0
6498,77,39,50000,Balanced,2025-01-14,10,Health,Uber,1496.94,UPI,Desktop,0,0,1,0,0,3,0,0
6499,237,39,25000,Balanced,2025-03-13,4,Fashion,Amazon,3158.55,Debit Card,Desktop,0,0,0,0,0,4,2,0
6500,464,34,15000,Aggressive,2025-04-25,4,Entertainment,Netflix,1187.41,Debit Card,Mobile,0,0,0,1,0,6,1,0
6501,403,44,75000,Balanced,2025-05-31,5,Health,BigBasket,2815.12,UPI,Mobile,0,0,0,1,0,10,0,0
6502,372,39,15000,Balanced,2025-05-01,11,Entertainment,Uber,101.08,Debit Card,Mobile,1,0,0,0,0,1,0,0
6503,63,23,25000,Aggressive,2025-05-16,14,Rent,Netflix,12390.88,UPI,Mobile,0,0,1,0,0,9,9,0
6504,300,23,25000,Balanced,2025-10-28,19,Food Delivery,Uber,557.71,UPI,Mobile,0,0,1,1,1,9,2,1
6505,394,37,50000,Conservative,2025-12-12,0,Education,Netflix,3273.54,BNPL,Mobile,0,1,1,0,0,2,6,1
6506,83,21,25000,Conservative,2025-08-28,13,Investment,Croma,5346.75,UPI,Mobile,0,0,0,0,0,10,4,0
6507,246,30,35000,Balanced,2025-08-19,9,Rent,Flipkart,19714.33,Debit Card,Desktop,0,0,0,0,1,2,10,0
6508,329,36,35000,Balanced,2025-09-24,4,Fashion,Zomato,2581.09,UPI,Mobile,0,0,1,0,0,9,1,0
6509,205,38,35000,Conservative,2025-09-17,17,EMI,Zomato,5128.51,Debit Card,Mobile,0,0,1,0,0,4,2,0
6510,380,29,100000,Conservative,2025-09-03,15,Food Delivery,PhonePe,503.97,UPI,Mobile,1,0,0,0,0,9,0,0
6511,193,30,75000,Aggressive,2025-12-24,15,Groceries,Netflix,1587.95,Credit Card,Mobile,0,0,0,0,1,7,0,0
6512,437,36,50000,Conservative,2025-08-02,17,Utilities,Croma,2633.78,Cash,Mobile,1,0,0,0,0,5,1,0
6513,264,37,35000,Conservative,2025-06-25,4,Food Delivery,BigBasket,235.63,Credit Card,Mobile,0,0,0,0,0,1,2,1
6514,128,22,15000,Conservative,2025-02-10,10,Education,Uber,3210.63,UPI,Mobile,0,0,1,1,0,3,6,1
6515,435,33,50000,Conservative,2025-11-05,2,Investment,Uber,3436.82,Credit Card,Mobile,1,1,0,0,0,4,3,1
6516,83,21,25000,Conservative,2025-06-09,0,Electronics,Amazon,15473.64,Credit Card,Mobile,0,1,0,0,0,6,10,1
6517,322,38,35000,Aggressive,2025-05-16,7,Groceries,Paytm,874.31,Cash,Mobile,0,0,0,0,0,2,0,0
6518,128,22,15000,Conservative,2025-06-21,4,Travel,Croma,13036.9,Credit Card,Mobile,0,0,1,0,1,2,10,1
6519,300,23,25000,Balanced,2025-08-10,5,Utilities,BigBasket,1803.22,BNPL,Desktop,0,0,1,1,0,1,6,1
6520,214,23,35000,Aggressive,2025-05-04,16,EMI,Amazon,2688.0,UPI,Mobile,1,0,0,1,1,5,1,0
6521,144,43,50000,Conservative,2025-08-06,14,Education,PhonePe,2661.29,Debit Card,Mobile,0,0,0,1,0,1,1,0
6522,400,39,25000,Balanced,2025-06-11,17,Food Delivery,Uber,331.46,UPI,Mobile,0,0,0,0,0,3,0,0
6523,235,18,15000,Balanced,2025-11-12,20,Investment,Myntra,7895.18,UPI,Mobile,0,0,0,0,0,9,10,0
6524,204,22,50000,Conservative,2025-07-16,20,Electronics,PhonePe,11914.51,BNPL,Mobile,0,0,1,0,0,9,9,1
6525,81,31,35000,Balanced,2025-02-13,13,Electronics,Groww,5587.29,UPI,Mobile,0,0,0,1,1,6,5,1
6526,44,42,15000,Balanced,2025-03-25,22,Investment,Myntra,5957.88,UPI,Mobile,0,1,0,0,0,6,7,0
6527,340,31,35000,Aggressive,2025-04-09,7,Groceries,PhonePe,2022.93,Debit Card,Mobile,0,0,0,0,0,7,1,0
6528,405,34,35000,Balanced,2025-04-03,2,Education,Myntra,2235.65,BNPL,Mobile,1,1,0,0,1,6,4,0
6529,64,33,50000,Conservative,2025-08-01,9,EMI,Croma,5520.08,Credit Card,Mobile,1,0,0,0,0,1,2,0
6530,82,33,100000,Conservative,2025-06-22,17,Entertainment,Netflix,114.34,Credit Card,Mobile,0,0,0,0,1,5,0,0
6531,207,18,50000,Balanced,2025-10-03,14,Utilities,PhonePe,1154.78,Credit Card,Mobile,1,0,0,0,0,10,0,0
6532,221,19,35000,Conservative,2025-04-28,8,Fashion,Groww,2313.84,Debit Card,Mobile,0,0,1,1,1,4,3,1
6533,442,42,75000,Conservative,2025-05-05,20,Investment,Swiggy,5090.68,UPI,Tablet,1,0,0,1,0,9,1,0
6534,356,39,35000,Balanced,2025-01-06,7,Food Delivery,Zomato,351.22,UPI,Mobile,0,0,1,0,0,5,0,0
6535,305,22,75000,Balanced,2025-12-22,7,Investment,Uber,2321.05,Credit Card,Mobile,0,0,0,1,0,6,0,0
6536,54,34,25000,Conservative,2025-06-04,12,Rent,BigBasket,10394.85,BNPL,Mobile,1,0,0,0,1,9,10,0
6537,176,26,50000,Balanced,2025-03-11,2,Utilities,PhonePe,1284.1,Debit Card,Mobile,0,1,1,1,0,1,2,1
6538,44,42,15000,Balanced,2025-09-24,2,Electronics,Netflix,23642.2,UPI,Mobile,0,1,0,0,0,8,10,1
6539,236,37,25000,Conservative,2025-07-11,12,Education,Paytm,3178.53,Debit Card,Mobile,0,0,0,0,1,9,2,0
6540,32,33,25000,Balanced,2025-12-03,12,Utilities,Amazon,2724.56,UPI,Mobile,1,0,0,1,1,7,2,0
6541,124,38,35000,Balanced,2025-12-30,22,Rent,Netflix,17536.14,UPI,Mobile,0,1,1,1,0,7,10,1
6542,493,18,35000,Conservative,2025-03-14,4,Investment,Amazon,2704.82,UPI,Mobile,0,0,0,0,0,10,1,0
6543,439,18,75000,Balanced,2025-12-21,18,Food Delivery,Swiggy,266.52,Credit Card,Mobile,0,0,1,0,0,6,2,1
6544,129,37,25000,Conservative,2025-11-01,11,Travel,BigBasket,9768.55,UPI,Mobile,1,0,1,1,0,2,9,1
6545,183,26,25000,Conservative,2025-04-10,10,Utilities,BigBasket,2421.11,Debit Card,Desktop,0,0,0,0,0,5,1,0
6546,414,22,50000,Conservative,2025-10-01,21,Fashion,Swiggy,2210.58,Cash,Mobile,1,0,0,0,0,4,0,0
6547,322,38,35000,Aggressive,2025-06-12,14,EMI,PhonePe,6953.59,Credit Card,Desktop,0,0,0,0,0,2,5,1
6548,84,37,25000,Balanced,2025-04-11,2,Utilities,Myntra,970.19,Credit Card,Desktop,0,1,1,0,0,5,2,1
6549,326,41,75000,Conservative,2025-07-20,10,Rent,Swiggy,10966.64,UPI,Mobile,0,0,0,0,0,8,2,0
6550,180,32,75000,Balanced,2025-08-31,16,Food Delivery,Groww,314.13,UPI,Desktop,0,0,0,1,1,7,0,0
6551,16,32,50000,Balanced,2025-08-06,18,Fashion,Myntra,4659.76,UPI,Mobile,0,0,1,0,1,8,1,0
6552,101,19,25000,Conservative,2025-02-14,15,Entertainment,Swiggy,411.91,UPI,Mobile,0,0,0,0,0,3,0,0
6553,70,42,15000,Aggressive,2025-06-15,7,Electronics,Groww,20111.4,Debit Card,Mobile,0,0,0,1,0,6,10,0
6554,460,20,35000,Conservative,2025-11-25,19,Travel,Amazon,7822.38,UPI,Mobile,0,0,1,1,1,5,6,1
6555,230,29,25000,Conservative,2025-06-21,14,Fashion,Groww,1563.78,Debit Card,Mobile,0,0,0,1,0,5,1,0
6556,244,24,25000,Conservative,2025-12-08,12,Electronics,Swiggy,10143.33,UPI,Desktop,0,0,1,1,1,4,10,1
6557,425,35,35000,Aggressive,2025-05-27,17,Groceries,Myntra,1006.88,UPI,Desktop,0,0,0,0,0,1,0,0
6558,257,36,15000,Balanced,2025-03-21,16,Electronics,BigBasket,22920.33,UPI,Mobile,0,0,1,1,0,3,10,1
6559,137,44,50000,Balanced,2025-10-21,15,Electronics,Zomato,22027.05,UPI,Mobile,0,0,1,1,0,6,10,1
6560,437,36,50000,Conservative,2025-05-08,2,Electronics,Swiggy,10698.43,UPI,Mobile,0,1,0,0,0,7,6,1
6561,136,33,35000,Conservative,2025-03-19,18,Fashion,Netflix,3817.97,Credit Card,Mobile,0,0,0,1,0,5,2,0
6562,353,40,50000,Balanced,2025-05-22,17,Investment,Flipkart,4641.03,BNPL,Desktop,0,0,0,0,0,5,4,0
6563,401,33,35000,Aggressive,2025-07-13,13,Investment,Paytm,3835.96,Debit Card,Tablet,0,0,1,1,0,1,2,0
6564,381,29,25000,Conservative,2025-08-28,5,EMI,BigBasket,6598.47,UPI,Mobile,0,0,0,0,0,6,5,0
6565,127,39,15000,Conservative,2025-04-17,21,Entertainment,Amazon,796.66,UPI,Mobile,0,0,1,0,0,2,3,1
6566,282,36,35000,Balanced,2025-08-13,1,Utilities,Amazon,426.04,Debit Card,Mobile,0,1,1,1,0,5,0,0
6567,434,33,35000,Conservative,2025-02-24,21,Education,PhonePe,4536.36,Cash,Mobile,0,0,0,1,1,10,2,0
6568,130,43,35000,Balanced,2025-09-20,23,Investment,Amazon,7722.55,BNPL,Desktop,0,1,1,0,0,5,9,1
6569,379,20,50000,Balanced,2025-10-31,8,Groceries,Netflix,1536.34,Debit Card,Mobile,0,0,0,1,0,3,0,0
6570,225,25,50000,Balanced,2025-04-25,23,EMI,Amazon,12022.97,Credit Card,Mobile,0,1,0,1,0,7,6,1
6571,324,25,35000,Balanced,2025-09-26,19,Food Delivery,Paytm,432.45,Debit Card,Mobile,0,0,0,0,0,8,0,0
6572,69,35,50000,Balanced,2025-12-20,2,Investment,Croma,9560.94,Cash,Mobile,0,1,0,0,0,4,5,1
6573,188,43,25000,Balanced,2025-09-11,19,Health,Flipkart,1437.2,UPI,Desktop,0,0,0,0,0,1,1,0
6574,325,30,25000,Balanced,2025-10-31,22,Education,BigBasket,4361.32,UPI,Mobile,0,1,1,0,1,9,5,1
6575,122,43,25000,Conservative,2025-10-23,5,Rent,Groww,18547.34,UPI,Tablet,0,0,0,1,0,1,10,0
6576,499,44,15000,Aggressive,2025-01-12,12,Groceries,Uber,655.42,UPI,Mobile,0,0,1,1,0,2,0,0
6577,338,20,75000,Balanced,2025-03-15,14,Food Delivery,Swiggy,531.08,BNPL,Desktop,0,0,0,0,0,6,3,0
6578,353,40,50000,Balanced,2025-02-16,7,Education,PhonePe,1405.29,Debit Card,Mobile,0,0,0,0,0,4,0,0
6579,31,26,35000,Conservative,2025-05-17,7,Health,Swiggy,1748.82,Debit Card,Mobile,0,0,0,0,0,5,0,0
6580,91,33,25000,Conservative,2025-01-09,3,Food Delivery,Croma,434.54,Debit Card,Desktop,0,0,0,1,0,5,0,0
6581,474,32,35000,Balanced,2025-06-11,6,Groceries,Flipkart,931.74,Cash,Mobile,0,0,0,1,0,10,0,0
6582,18,21,25000,Balanced,2025-08-10,20,EMI,Paytm,5264.89,Credit Card,Mobile,0,0,1,0,1,9,6,1
6583,350,19,75000,Conservative,2025-10-04,13,Food Delivery,Paytm,266.64,Debit Card,Mobile,1,0,1,0,1,10,0,0
6584,363,23,50000,Conservative,2025-02-26,2,Health,Paytm,1927.98,UPI,Mobile,0,1,0,1,0,9,0,0
6585,195,42,35000,Aggressive,2025-10-05,8,Entertainment,BigBasket,811.17,Credit Card,Mobile,1,0,1,0,0,8,2,1
6586,64,33,50000,Conservative,2025-10-29,19,Travel,PhonePe,10402.92,BNPL,Mobile,0,0,0,0,0,1,9,1
6587,346,19,75000,Balanced,2025-04-02,15,Food Delivery,Paytm,234.63,Cash,Mobile,1,0,0,0,1,1,0,0
6588,316,19,35000,Balanced,2025-08-14,6,Food Delivery,Zomato,626.94,UPI,Desktop,0,0,0,0,0,1,0,0
6589,54,34,25000,Conservative,2025-10-05,11,Travel,Flipkart,5327.58,UPI,Mobile,1,0,0,1,0,9,4,0
6590,307,26,35000,Balanced,2025-09-06,16,Groceries,Paytm,1640.58,BNPL,Mobile,0,0,1,0,0,2,5,1
6591,145,36,25000,Conservative,2025-09-01,9,Education,Myntra,2734.16,Debit Card,Mobile,1,0,0,0,1,2,2,0
6592,97,40,25000,Balanced,2025-09-25,13,Travel,BigBasket,13044.76,BNPL,Mobile,0,0,0,1,0,9,10,0
6593,102,43,50000,Balanced,2025-08-31,6,Travel,Netflix,7128.46,Credit Card,Desktop,0,0,0,1,0,9,2,0
6594,176,26,50000,Balanced,2025-09-05,1,Food Delivery,Amazon,746.51,UPI,Mobile,1,1,0,1,0,7,0,0
6595,316,19,35000,Balanced,2025-07-29,14,Investment,Myntra,5716.15,UPI,Mobile,0,0,1,1,0,6,3,0
6596,142,31,15000,Conservative,2025-07-07,15,Health,PhonePe,2148.64,UPI,Mobile,0,0,0,0,0,5,2,0
6597,134,36,35000,Aggressive,2025-05-01,10,Groceries,Zomato,817.83,UPI,Mobile,1,0,1,1,0,2,0,0
6598,277,25,50000,Balanced,2025-07-22,6,Rent,PhonePe,18220.84,UPI,Tablet,0,0,0,1,0,5,7,0
6599,6,23,15000,Aggressive,2025-09-21,18,Investment,Uber,100.0,UPI,Mobile,0,0,0,0,0,4,0,0
6600,325,30,25000,Balanced,2025-11-27,6,Entertainment,Zomato,189.76,UPI,Desktop,0,0,0,0,0,8,0,0
6601,332,24,50000,Conservative,2025-05-28,9,Health,Netflix,1326.66,UPI,Mobile,0,0,1,0,0,2,0,0
6602,396,41,25000,Conservative,2025-10-25,9,Fashion,Uber,2853.95,Credit Card,Mobile,0,0,1,1,0,5,4,1
6603,233,32,35000,Conservative,2025-11-14,19,Rent,Groww,11601.59,Debit Card,Mobile,0,0,1,1,0,10,6,0
6604,124,38,35000,Balanced,2025-01-10,3,Education,Croma,1541.41,UPI,Mobile,0,0,0,0,0,6,0,0
6605,335,24,50000,Conservative,2025-12-07,20,Electronics,Zomato,13280.21,Debit Card,Mobile,0,0,0,0,0,4,7,1
6606,320,41,25000,Balanced,2025-12-02,21,EMI,Netflix,6048.8,UPI,Desktop,1,0,1,0,0,1,6,1
6607,326,41,75000,Conservative,2025-08-13,20,Travel,Groww,7762.45,UPI,Mobile,0,0,0,1,1,8,2,0
6608,269,40,35000,Conservative,2025-11-02,2,Education,Uber,932.36,BNPL,Mobile,1,1,0,0,0,3,5,1
6609,302,30,15000,Conservative,2025-02-28,8,Investment,BigBasket,4605.81,UPI,Tablet,0,0,0,0,0,2,6,0
6610,449,31,25000,Balanced,2025-07-08,20,Health,Zomato,811.26,UPI,Mobile,0,0,0,1,0,8,0,0
6611,346,19,75000,Balanced,2025-12-31,9,Travel,Netflix,3582.13,Credit Card,Mobile,0,0,0,0,0,7,0,0
6612,302,30,15000,Conservative,2025-12-18,23,Health,BigBasket,2130.46,UPI,Mobile,0,1,0,0,0,2,2,0
6613,202,34,35000,Balanced,2025-11-18,15,EMI,BigBasket,5553.83,Credit Card,Mobile,0,0,0,1,0,7,3,0
6614,36,43,25000,Conservative,2025-04-05,23,Rent,Netflix,18754.77,Debit Card,Mobile,1,1,0,1,0,5,10,0
6615,294,32,50000,Conservative,2025-06-20,4,Investment,BigBasket,4130.05,Credit Card,Mobile,0,0,0,0,1,7,1,0
6616,230,29,25000,Conservative,2025-12-07,15,EMI,Netflix,2216.71,Cash,Mobile,0,0,1,0,0,1,1,0
6617,121,26,50000,Conservative,2025-07-31,23,Investment,BigBasket,6519.86,UPI,Mobile,0,1,0,1,1,6,2,0
6618,43,39,75000,Balanced,2025-06-09,6,Food Delivery,Swiggy,310.9,Credit Card,Mobile,0,0,0,1,0,4,2,1
6619,479,20,25000,Balanced,2025-07-20,2,Investment,Croma,5312.06,Credit Card,Mobile,0,1,1,0,0,7,6,1
6620,495,43,25000,Conservative,2025-06-13,5,Food Delivery,Swiggy,516.88,Cash,Mobile,0,0,0,0,0,5,0,0
6621,154,34,35000,Aggressive,2025-07-27,15,Education,Croma,3323.36,Credit Card,Mobile,0,0,1,1,0,2,3,1
6622,395,27,35000,Balanced,2025-09-04,2,EMI,Uber,12782.15,UPI,Desktop,1,1,1,0,1,5,9,1
6623,240,20,75000,Balanced,2025-07-08,0,Utilities,PhonePe,656.25,Credit Card,Mobile,0,1,0,1,0,4,2,1
6624,466,37,50000,Balanced,2025-07-01,23,Investment,Amazon,2555.31,UPI,Desktop,1,1,1,0,0,2,3,1
6625,411,42,25000,Aggressive,2025-05-30,9,Food Delivery,Groww,420.65,Credit Card,Mobile,0,0,0,0,0,6,0,0
6626,259,28,75000,Aggressive,2025-11-18,14,Travel,Uber,4839.75,Cash,Mobile,0,0,0,1,0,4,1,0
6627,491,39,35000,Balanced,2025-07-27,17,Rent,Flipkart,7865.99,Cash,Tablet,0,0,0,0,0,8,4,0
6628,356,39,35000,Balanced,2025-12-29,6,Groceries,Zomato,1504.13,UPI,Mobile,0,0,1,1,1,6,0,0
6629,428,21,35000,Conservative,2025-09-21,21,Food Delivery,Flipkart,227.63,Credit Card,Mobile,0,0,1,0,0,8,2,1
6630,44,42,15000,Balanced,2025-10-03,20,Education,Flipkart,3165.49,Credit Card,Mobile,1,0,0,1,0,10,4,0
6631,250,27,25000,Conservative,2025-10-10,12,Education,Swiggy,2387.76,UPI,Mobile,0,0,0,0,0,5,1,0
6632,262,43,25000,Balanced,2025-05-30,15,Electronics,Amazon,20500.91,Credit Card,Mobile,0,0,0,0,0,10,10,1
6633,29,20,50000,Conservative,2025-08-27,19,Fashion,PhonePe,1231.39,UPI,Desktop,0,0,0,0,1,7,0,0
6634,155,39,25000,Conservative,2025-06-25,17,EMI,Amazon,7493.21,UPI,Mobile,0,0,0,0,1,7,5,0
6635,287,25,50000,Conservative,2025-09-20,11,Electronics,Myntra,21862.82,Credit Card,Mobile,0,0,0,0,0,8,10,1
6636,457,39,25000,Balanced,2025-02-01,4,EMI,Myntra,4029.53,Cash,Mobile,1,0,0,1,0,3,3,0
6637,168,19,15000,Conservative,2025-02-11,3,Health,Croma,2747.88,Credit Card,Mobile,0,0,0,1,0,3,5,1
6638,72,43,100000,Balanced,2025-04-24,10,EMI,Amazon,7108.58,Debit Card,Mobile,0,0,0,0,1,4,1,0
6639,156,21,15000,Aggressive,2025-02-16,23,Groceries,Croma,1111.83,Credit Card,Tablet,0,1,0,0,0,1,3,1
6640,246,30,35000,Balanced,2025-08-10,12,Fashion,Zomato,1833.84,Credit Card,Mobile,0,0,0,0,0,10,1,0
6641,364,30,50000,Conservative,2025-10-18,19,Education,PhonePe,3091.16,BNPL,Desktop,0,0,1,0,1,10,4,0
6642,318,29,75000,Conservative,2025-12-24,14,Food Delivery,Flipkart,396.65,UPI,Mobile,0,0,0,0,0,2,0,0
6643,410,35,25000,Conservative,2025-10-07,23,Health,Flipkart,974.57,Credit Card,Mobile,0,1,0,0,1,1,2,1
6644,203,20,35000,Balanced,2025-07-26,7,Entertainment,Zomato,1590.61,Debit Card,Mobile,0,0,0,0,1,2,0,0
6645,43,39,75000,Balanced,2025-01-17,23,Food Delivery,Myntra,531.03,Credit Card,Desktop,0,1,0,0,1,2,2,1
6646,281,25,35000,Balanced,2025-01-01,4,Entertainment,Uber,985.99,Credit Card,Desktop,1,0,0,0,1,8,0,0
6647,169,36,35000,Aggressive,2025-12-26,16,Food Delivery,Amazon,558.63,UPI,Mobile,0,0,0,1,1,5,0,0
6648,444,28,100000,Balanced,2025-12-29,12,EMI,Netflix,11184.21,UPI,Mobile,0,0,1,0,0,1,2,0
6649,102,43,50000,Balanced,2025-12-15,7,Health,BigBasket,2751.83,UPI,Tablet,0,0,0,0,0,7,1,0
6650,412,32,35000,Conservative,2025-02-16,8,Utilities,Croma,2282.77,UPI,Desktop,0,0,1,0,0,10,1,0
6651,215,35,35000,Conservative,2025-05-25,5,Utilities,Flipkart,1941.8,BNPL,Mobile,0,0,1,1,0,4,6,1
6652,391,31,15000,Balanced,2025-03-17,14,Travel,Myntra,5703.05,Credit Card,Mobile,0,0,1,0,0,8,9,1
6653,167,27,25000,Aggressive,2025-05-23,7,Travel,Zomato,8849.99,UPI,Mobile,0,0,0,1,1,7,7,0
6654,298,21,50000,Balanced,2025-04-04,0,Electronics,Flipkart,18583.88,Debit Card,Mobile,1,1,0,1,1,4,9,1
6655,312,25,35000,Conservative,2025-01-06,22,Education,Swiggy,2319.42,UPI,Mobile,0,1,1,1,0,5,1,0
6656,4,38,35000,Balanced,2025-06-22,10,Education,Groww,3182.66,UPI,Mobile,0,0,0,1,0,10,1,0
6657,378,28,35000,Balanced,2025-05-18,20,Health,BigBasket,1630.94,Credit Card,Mobile,0,0,0,0,1,10,0,0
6658,9,27,15000,Aggressive,2025-01-20,9,Groceries,Uber,1111.57,Credit Card,Mobile,0,0,0,0,0,10,1,0
6659,481,37,35000,Conservative,2025-04-10,20,Fashion,Croma,3162.97,Credit Card,Desktop,0,0,0,1,0,6,1,0
6660,150,33,15000,Conservative,2025-05-17,18,Fashion,Amazon,1520.59,UPI,Mobile,0,0,0,0,0,2,2,0
6661,167,27,25000,Aggressive,2025-01-26,17,Groceries,Paytm,1207.79,Credit Card,Mobile,0,0,0,0,0,4,0,0
6662,107,18,15000,Conservative,2025-02-07,15,Investment,Netflix,8391.88,Credit Card,Mobile,0,0,0,0,0,7,10,0
6663,467,37,50000,Conservative,2025-09-29,23,Education,Netflix,3013.83,UPI,Mobile,0,1,0,0,0,9,1,0
6664,430,26,15000,Aggressive,2025-07-23,6,Investment,Uber,5367.63,UPI,Mobile,0,0,0,0,0,6,7,0
6665,435,33,50000,Conservative,2025-05-28,17,EMI,Myntra,1842.18,UPI,Mobile,0,0,1,0,0,1,0,0
6666,229,38,35000,Balanced,2025-08-26,11,Entertainment,Croma,1010.12,UPI,Tablet,0,0,0,0,0,1,0,0
6667,122,43,25000,Conservative,2025-09-26,11,Health,Zomato,2003.65,Credit Card,Mobile,0,0,0,1,0,9,1,0
6668,346,19,75000,Balanced,2025-12-27,4,Education,Uber,2437.75,UPI,Mobile,0,0,1,1,1,2,2,1
6669,41,30,35000,Conservative,2025-11-30,16,Electronics,Zomato,15728.77,UPI,Mobile,0,0,1,1,0,10,10,1
6670,416,41,35000,Balanced,2025-12-31,21,Electronics,PhonePe,10587.72,UPI,Mobile,0,0,1,0,0,10,8,1
6671,348,40,15000,Aggressive,2025-10-05,23,Rent,Croma,17648.71,UPI,Mobile,1,1,1,0,1,3,10,1
6672,346,19,75000,Balanced,2025-10-04,17,Investment,PhonePe,4018.85,BNPL,Desktop,1,0,0,1,0,5,4,0
6673,68,26,50000,Conservative,2025-07-04,23,Groceries,Paytm,510.42,Debit Card,Mobile,1,1,1,1,0,6,0,0
6674,87,39,25000,Aggressive,2025-02-05,19,Entertainment,Netflix,645.77,Cash,Mobile,1,0,1,0,0,1,2,1
6675,331,21,25000,Aggressive,2025-10-03,21,Fashion,Swiggy,2735.48,Credit Card,Mobile,1,0,0,0,0,1,4,1
6676,172,36,50000,Balanced,2025-08-19,21,Rent,Zomato,13285.05,BNPL,Mobile,0,0,0,0,0,7,8,0
6677,263,23,100000,Balanced,2025-07-08,12,Travel,Groww,6148.46,Credit Card,Mobile,0,0,0,0,1,1,1,0
6678,392,36,75000,Aggressive,2025-06-22,7,EMI,Amazon,7575.31,UPI,Mobile,0,0,0,0,1,7,2,0
6679,190,22,100000,Aggressive,2025-02-23,18,Health,Swiggy,2437.71,Debit Card,Mobile,0,0,0,0,0,8,0,0
6680,253,18,15000,Conservative,2025-03-14,7,Entertainment,Amazon,1490.49,UPI,Desktop,0,0,1,0,0,6,1,0
6681,483,38,25000,Balanced,2025-01-10,1,Entertainment,PhonePe,453.33,UPI,Desktop,0,1,1,1,1,10,2,1
6682,367,39,50000,Conservative,2025-07-30,14,Entertainment,Netflix,1050.08,UPI,Mobile,0,0,0,0,1,8,0,0
6683,343,35,15000,Conservative,2025-05-10,11,Electronics,Netflix,15246.16,UPI,Mobile,0,0,0,1,1,2,10,1
6684,419,38,50000,Conservative,2025-07-07,12,Groceries,Amazon,735.27,Credit Card,Mobile,0,0,1,0,1,10,0,0
6685,23,25,50000,Balanced,2025-07-19,15,Health,BigBasket,2179.59,Credit Card,Desktop,0,0,0,0,0,6,0,0
6686,181,28,75000,Conservative,2025-05-29,7,Food Delivery,Groww,420.52,Credit Card,Mobile,0,0,1,0,0,4,2,1
6687,431,27,50000,Balanced,2025-10-01,13,Investment,Swiggy,2488.9,UPI,Mobile,1,0,1,0,1,3,0,0
6688,433,32,15000,Balanced,2025-02-27,17,Fashion,Uber,3518.84,UPI,Mobile,0,0,1,0,0,9,6,1
6689,288,32,35000,Balanced,2025-07-07,3,EMI,Paytm,4087.72,UPI,Mobile,0,0,0,0,0,6,2,0
6690,371,39,35000,Balanced,2025-11-08,11,Fashion,Netflix,497.6,Debit Card,Mobile,0,0,1,1,0,9,0,0
6691,75,40,25000,Conservative,2025-07-27,11,EMI,Swiggy,6217.98,UPI,Tablet,0,0,0,0,0,6,4,0
6692,8,29,15000,Balanced,2025-05-28,7,Groceries,Flipkart,1603.97,UPI,Mobile,0,0,0,0,0,5,2,0
6693,108,31,75000,Conservative,2025-11-26,18,EMI,BigBasket,7326.36,UPI,Desktop,0,0,0,0,1,6,1,0
6694,19,23,25000,Balanced,2025-09-05,17,Travel,Amazon,7248.57,Credit Card,Desktop,1,0,0,0,1,7,5,0
6695,473,34,50000,Conservative,2025-07-18,7,Investment,Uber,3571.91,BNPL,Mobile,0,0,0,0,0,6,4,0
6696,247,20,35000,Balanced,2025-02-28,15,Entertainment,Flipkart,924.66,Debit Card,Mobile,0,0,0,0,0,4,0,0
6697,461,28,50000,Conservative,2025-07-22,23,Investment,Groww,2457.7,UPI,Mobile,0,1,0,1,0,8,0,0
6698,164,28,50000,Aggressive,2025-07-25,17,EMI,Groww,10624.57,UPI,Mobile,0,0,0,0,1,5,4,0
6699,158,37,35000,Balanced,2025-12-05,0,Groceries,Zomato,1303.48,Debit Card,Mobile,1,1,1,1,0,1,2,1
6700,391,31,15000,Balanced,2025-08-28,6,Rent,Croma,12916.81,Debit Card,Mobile,0,0,0,0,0,10,10,0
6701,424,34,25000,Conservative,2025-08-30,20,Health,Myntra,1606.12,Credit Card,Tablet,0,0,0,1,0,3,1,0
6702,312,25,35000,Conservative,2025-01-29,14,Groceries,Zomato,1123.83,UPI,Desktop,0,0,0,1,1,5,0,0
6703,90,32,35000,Conservative,2025-07-29,6,Travel,Uber,9803.41,UPI,Desktop,0,0,0,1,0,5,5,0
6704,300,23,25000,Balanced,2025-09-11,1,Groceries,Paytm,859.85,BNPL,Desktop,0,1,0,1,1,8,5,1
6705,51,18,15000,Conservative,2025-05-14,4,Food Delivery,Myntra,343.12,UPI,Mobile,0,0,1,0,1,8,0,0
6706,182,36,100000,Balanced,2025-11-16,18,Travel,Netflix,11085.33,UPI,Mobile,0,0,0,1,0,3,2,0
6707,410,35,25000,Conservative,2025-11-03,18,EMI,Netflix,5073.74,BNPL,Mobile,1,0,0,0,0,9,7,0
6708,245,43,35000,Conservative,2025-05-14,17,Electronics,Croma,6271.27,Credit Card,Mobile,0,0,0,1,0,10,5,1
6709,153,42,25000,Conservative,2025-01-21,9,Education,Myntra,838.95,UPI,Desktop,0,0,0,0,0,5,0,0
6710,126,29,35000,Conservative,2025-12-05,18,Entertainment,PhonePe,1171.69,UPI,Mobile,1,0,0,0,0,5,0,0
6711,449,31,25000,Balanced,2025-10-08,4,Travel,Netflix,4351.98,Credit Card,Mobile,0,0,0,0,0,7,3,0
6712,242,23,35000,Conservative,2025-05-27,16,Health,BigBasket,2848.03,Cash,Mobile,0,0,1,0,0,10,1,0
6713,168,19,15000,Conservative,2025-08-25,2,Electronics,Uber,8407.61,Credit Card,Tablet,0,1,0,1,0,2,10,1
6714,461,28,50000,Conservative,2025-07-25,7,Education,Paytm,1344.82,Credit Card,Mobile,0,0,1,1,0,5,0,0
6715,460,20,35000,Conservative,2025-10-07,12,Entertainment,Swiggy,100.0,Debit Card,Mobile,0,0,0,0,0,1,0,0
6716,217,42,35000,Balanced,2025-10-06,5,Education,BigBasket,3005.46,UPI,Mobile,0,0,0,0,0,7,1,0
6717,127,39,15000,Conservative,2025-10-20,16,Health,Myntra,3260.92,UPI,Mobile,0,0,0,0,0,7,4,0
6718,475,31,25000,Conservative,2025-09-29,8,Travel,Flipkart,6655.27,Cash,Mobile,0,0,0,0,0,6,5,0
6719,60,23,25000,Balanced,2025-06-10,16,Electronics,PhonePe,16196.81,UPI,Mobile,0,0,1,0,1,5,10,1
6720,87,39,25000,Aggressive,2025-01-01,4,Rent,Swiggy,15605.78,UPI,Desktop,1,0,0,1,1,8,10,0
6721,334,40,100000,Aggressive,2025-07-09,1,Entertainment,Groww,831.31,Credit Card,Tablet,0,1,1,1,0,9,2,1
6722,321,28,35000,Conservative,2025-10-01,8,Food Delivery,BigBasket,667.25,UPI,Mobile,1,0,0,0,1,2,0,0
6723,144,43,50000,Conservative,2025-05-16,2,Entertainment,Groww,1317.96,BNPL,Mobile,0,1,0,0,0,1,5,1
6724,170,39,50000,Aggressive,2025-02-18,16,Travel,PhonePe,10006.09,UPI,Mobile,0,0,0,1,0,3,4,0
6725,350,19,75000,Conservative,2025-10-30,16,Electronics,Paytm,10641.6,Credit Card,Tablet,0,0,0,1,1,9,4,1
6726,97,40,25000,Balanced,2025-07-19,22,Fashion,PhonePe,2997.34,Debit Card,Mobile,0,1,1,1,0,5,4,1
6727,219,21,35000,Aggressive,2025-01-07,6,Education,Flipkart,3272.23,Credit Card,Mobile,0,0,0,1,0,9,1,0
6728,462,36,25000,Conservative,2025-09-18,23,EMI,Flipkart,9396.01,Credit Card,Mobile,0,1,1,0,1,5,9,1
6729,106,24,35000,Balanced,2025-07-05,16,Health,Swiggy,2181.37,UPI,Desktop,1,0,0,0,0,7,1,0
6730,207,18,50000,Balanced,2025-05-20,10,Utilities,Zomato,2848.31,Debit Card,Mobile,0,0,0,0,0,5,1,0
6731,292,19,50000,Aggressive,2025-05-01,7,Entertainment,Swiggy,710.15,UPI,Desktop,1,0,0,0,1,5,0,0
6732,208,25,15000,Balanced,2025-01-11,21,Travel,Paytm,14592.83,Credit Card,Mobile,0,0,1,0,0,7,10,1
6733,63,23,25000,Aggressive,2025-10-09,7,Utilities,Zomato,2520.56,UPI,Mobile,0,0,0,1,0,1,2,0
6734,25,30,15000,Aggressive,2025-04-21,10,Education,Myntra,3552.37,UPI,Mobile,0,0,0,0,1,3,4,0
6735,320,41,25000,Balanced,2025-09-11,11,Education,Zomato,2114.34,UPI,Mobile,0,0,0,0,0,6,1,0
6736,194,35,35000,Balanced,2025-08-03,11,Utilities,Netflix,809.76,Debit Card,Mobile,1,0,0,0,0,3,0,0
6737,262,43,25000,Balanced,2025-07-06,23,Utilities,Croma,1837.36,UPI,Mobile,0,1,0,1,0,7,1,0
6738,3,36,15000,Balanced,2025-09-05,14,Fashion,Croma,2135.18,UPI,Mobile,1,0,0,0,0,7,2,0
6739,411,42,25000,Aggressive,2025-06-12,21,Groceries,Amazon,2173.54,UPI,Mobile,0,0,1,1,1,10,1,0
6740,149,41,50000,Aggressive,2025-02-16,23,Groceries,Groww,1797.63,UPI,Desktop,0,1,0,0,1,7,0,0
6741,489,36,15000,Conservative,2025-01-10,6,Travel,PhonePe,8012.13,UPI,Tablet,0,0,1,0,0,5,10,0
6742,418,25,75000,Balanced,2025-05-12,5,Utilities,Amazon,1625.48,UPI,Mobile,0,0,1,0,0,7,0,0
6743,110,39,25000,Conservative,2025-06-16,23,Education,PhonePe,2490.63,UPI,Mobile,0,1,0,0,0,1,1,0
6744,293,18,15000,Balanced,2025-08-03,4,Entertainment,Myntra,869.66,UPI,Mobile,1,0,0,0,0,6,1,0
6745,468,34,100000,Conservative,2025-11-04,17,Groceries,Netflix,907.69,UPI,Mobile,1,0,1,0,0,10,0,0
6746,429,26,25000,Conservative,2025-05-15,22,Travel,Flipkart,3770.47,BNPL,Mobile,0,1,0,0,0,3,8,1
6747,320,41,25000,Balanced,2025-10-14,1,Food Delivery,Swiggy,527.88,Credit Card,Mobile,0,1,0,1,0,10,2,1
6748,430,26,15000,Aggressive,2025-12-29,5,Travel,Croma,2197.65,UPI,Mobile,0,0,1,1,0,3,2,0
6749,281,25,35000,Balanced,2025-12-28,15,Food Delivery,Paytm,100.0,UPI,Mobile,0,0,1,0,0,1,2,1
6750,387,42,35000,Balanced,2025-05-17,2,EMI,Groww,7796.78,UPI,Desktop,0,1,0,0,0,8,4,0
6751,100,35,35000,Aggressive,2025-01-06,15,Entertainment,Paytm,319.95,Credit Card,Mobile,0,0,0,1,0,7,0,0
6752,387,42,35000,Balanced,2025-01-19,13,Electronics,Flipkart,12083.07,UPI,Mobile,0,0,0,1,0,4,8,1
6753,479,20,25000,Balanced,2025-09-19,16,Utilities,Groww,1961.54,BNPL,Mobile,0,0,0,0,0,5,4,0
6754,139,36,50000,Balanced,2025-08-24,8,Food Delivery,PhonePe,485.03,UPI,Mobile,0,0,1,0,1,1,2,1
6755,158,37,35000,Balanced,2025-05-19,2,Fashion,Groww,4038.6,UPI,Mobile,0,1,1,1,0,3,4,1
6756,457,39,25000,Balanced,2025-05-22,8,Investment,Groww,2738.29,UPI,Desktop,0,0,1,1,0,5,2,0
6757,75,40,25000,Conservative,2025-04-02,8,Entertainment,Swiggy,542.94,BNPL,Mobile,1,0,1,0,0,3,5,1
6758,420,28,25000,Conservative,2025-01-02,8,Electronics,Flipkart,10038.65,Debit Card,Mobile,1,0,1,0,0,8,10,1
6759,402,19,15000,Aggressive,2025-07-01,14,Groceries,Paytm,1316.0,UPI,Desktop,1,0,0,0,1,6,1,0
6760,431,27,50000,Balanced,2025-11-06,10,Rent,BigBasket,18938.87,Credit Card,Desktop,0,0,0,1,1,7,9,1
6761,239,31,15000,Conservative,2025-01-11,17,Utilities,Groww,1636.35,Credit Card,Mobile,0,0,0,0,0,2,2,0
6762,47,42,25000,Conservative,2025-11-29,19,Entertainment,Swiggy,801.96,Credit Card,Mobile,0,0,1,0,0,8,2,1
6763,474,32,35000,Balanced,2025-04-27,15,EMI,Amazon,3274.58,UPI,Desktop,0,0,1,0,1,3,1,0
6764,232,43,50000,Balanced,2025-12-15,14,Investment,Myntra,5606.06,UPI,Mobile,0,0,0,0,0,3,2,0
6765,346,19,75000,Balanced,2025-12-19,17,Food Delivery,Netflix,311.86,Debit Card,Mobile,0,0,1,0,0,3,2,1
6766,38,27,35000,Conservative,2025-07-08,14,Rent,BigBasket,16030.51,UPI,Mobile,0,0,0,0,0,7,9,0
6767,410,35,25000,Conservative,2025-04-21,19,Travel,Amazon,8097.17,Credit Card,Mobile,0,0,1,0,1,8,8,1
6768,183,26,25000,Conservative,2025-08-22,20,Entertainment,Uber,1227.79,Cash,Mobile,0,0,1,0,0,5,0,0
6769,300,23,25000,Balanced,2025-10-04,3,Investment,BigBasket,2892.09,UPI,Mobile,1,0,0,0,0,1,2,0
6770,85,20,50000,Balanced,2025-07-24,23,EMI,Zomato,7492.56,Credit Card,Mobile,0,1,0,0,0,9,2,0
6771,102,43,50000,Balanced,2025-10-03,0,Travel,Uber,8608.94,UPI,Mobile,1,1,0,1,0,9,3,0
6772,41,30,35000,Conservative,2025-01-13,18,Fashion,Swiggy,2262.14,BNPL,Mobile,0,0,0,0,1,6,4,0
6773,37,44,35000,Balanced,2025-09-03,0,Utilities,Flipkart,1918.99,UPI,Tablet,1,1,0,0,0,1,1,0
6774,147,41,50000,Aggressive,2025-03-06,3,Travel,Flipkart,5295.35,Debit Card,Desktop,0,0,0,1,0,1,2,0
6775,440,25,25000,Conservative,2025-11-05,0,EMI,Netflix,7722.93,UPI,Mobile,1,1,0,0,0,7,6,0
6776,242,23,35000,Conservative,2025-04-17,12,Utilities,Flipkart,2117.6,UPI,Mobile,0,0,1,0,0,6,1,0
6777,284,32,25000,Balanced,2025-05-31,3,Education,Flipkart,1683.96,Debit Card,Mobile,0,0,0,1,0,9,1,0
6778,71,27,25000,Balanced,2025-04-07,7,Fashion,Amazon,4437.72,UPI,Desktop,0,0,0,1,1,7,5,1
6779,348,40,15000,Aggressive,2025-07-11,15,Food Delivery,Paytm,278.48,UPI,Tablet,0,0,0,1,0,4,0,0
6780,31,26,35000,Conservative,2025-10-21,14,Health,PhonePe,681.18,Debit Card,Tablet,0,0,1,1,0,2,0,0
6781,201,18,15000,Conservative,2025-09-21,19,Electronics,Swiggy,9714.96,UPI,Mobile,0,0,0,0,1,9,10,0
6782,115,24,15000,Conservative,2025-06-27,7,Entertainment,Paytm,1006.35,BNPL,Tablet,0,0,0,1,0,5,4,0
6783,84,37,25000,Balanced,2025-10-24,1,Investment,Myntra,5766.02,Credit Card,Mobile,0,1,0,1,0,5,6,1
6784,127,39,15000,Conservative,2025-11-11,8,Fashion,Zomato,1242.5,UPI,Mobile,0,0,1,0,0,2,3,1
6785,43,39,75000,Balanced,2025-10-28,12,Travel,Myntra,2276.31,Cash,Desktop,0,0,0,0,0,10,0,0
6786,131,18,35000,Balanced,2025-01-28,23,Electronics,BigBasket,12621.58,Credit Card,Desktop,0,1,0,0,1,6,9,1
6787,320,41,25000,Balanced,2025-05-12,0,Investment,Swiggy,6121.47,Cash,Mobile,0,1,0,0,1,7,4,0
6788,463,19,25000,Aggressive,2025-04-13,18,Travel,BigBasket,8185.82,Debit Card,Mobile,0,0,0,0,0,9,6,0
6789,142,31,15000,Conservative,2025-10-18,17,EMI,BigBasket,1252.74,Debit Card,Mobile,0,0,0,1,0,9,1,0
6790,85,20,50000,Balanced,2025-05-20,13,Food Delivery,Flipkart,620.08,UPI,Mobile,0,0,1,0,0,4,2,1
6791,255,28,15000,Aggressive,2025-07-25,7,Fashion,Myntra,2148.09,Credit Card,Mobile,0,0,0,0,0,1,4,1
6792,153,42,25000,Conservative,2025-04-07,21,Investment,Paytm,7550.76,UPI,Mobile,0,0,0,0,0,3,6,0
6793,224,28,15000,Balanced,2025-02-01,17,Rent,Myntra,12551.12,BNPL,Mobile,1,0,1,0,0,1,10,1
6794,26,18,15000,Balanced,2025-12-16,22,Groceries,Amazon,655.43,UPI,Mobile,0,1,0,0,0,9,0,0
6795,496,24,25000,Balanced,2025-12-10,10,Electronics,Groww,7355.72,Debit Card,Desktop,0,0,1,0,0,8,7,1
6796,246,30,35000,Balanced,2025-03-05,15,Electronics,PhonePe,12243.72,Credit Card,Mobile,1,0,1,1,0,4,8,1
6797,59,19,35000,Balanced,2025-09-03,2,Rent,Flipkart,2292.41,UPI,Desktop,1,1,0,0,0,2,1,0
6798,159,38,15000,Balanced,2025-10-09,0,Groceries,Flipkart,1470.14,BNPL,Mobile,0,1,0,0,1,7,4,0
6799,462,36,25000,Conservative,2025-03-21,5,Travel,Croma,10448.85,Cash,Tablet,0,0,0,0,0,10,8,0
6800,425,35,35000,Aggressive,2025-08-27,19,Groceries,Myntra,369.08,Credit Card,Mobile,0,0,0,0,1,4,0,0
6801,101,19,25000,Conservative,2025-07-03,4,Fashion,Flipkart,2181.33,BNPL,Mobile,1,0,0,1,0,4,6,1
6802,16,32,50000,Balanced,2025-04-13,6,Travel,Myntra,9520.58,Credit Card,Desktop,0,0,0,0,0,7,3,0
6803,469,38,75000,Aggressive,2025-02-04,2,EMI,BigBasket,3324.63,Debit Card,Desktop,1,1,1,0,1,2,2,1
6804,69,35,50000,Balanced,2025-04-19,1,Health,Flipkart,2269.44,BNPL,Mobile,0,1,1,1,0,2,5,1
6805,463,19,25000,Aggressive,2025-11-28,22,EMI,Zomato,5784.74,UPI,Mobile,0,1,1,0,0,2,6,1
6806,211,44,35000,Conservative,2025-02-03,15,Travel,Zomato,16451.48,Debit Card,Mobile,1,0,0,0,1,4,9,0
6807,321,28,35000,Conservative,2025-04-13,20,Fashion,Zomato,3064.12,Credit Card,Mobile,0,0,0,0,1,4,3,1
6808,24,32,50000,Conservative,2025-01-10,8,Entertainment,BigBasket,880.51,UPI,Mobile,0,0,0,0,0,9,0,0
6809,239,31,15000,Conservative,2025-02-23,1,Entertainment,Croma,816.84,Debit Card,Mobile,0,1,0,0,0,2,3,1
6810,392,36,75000,Aggressive,2025-12-21,2,Fashion,Groww,3697.82,UPI,Desktop,0,1,0,0,1,6,0,0
6811,315,37,35000,Aggressive,2025-09-05,0,Education,Flipkart,2374.99,UPI,Mobile,1,1,0,0,1,7,1,0
6812,192,38,50000,Balanced,2025-12-05,3,Education,Myntra,3367.2,UPI,Mobile,1,0,0,1,0,9,1,0
6813,485,38,15000,Conservative,2025-10-11,3,Electronics,Croma,12320.37,UPI,Mobile,0,0,1,0,0,2,10,1
6814,77,39,50000,Balanced,2025-04-03,16,Electronics,Groww,16799.53,UPI,Mobile,1,0,0,0,0,10,6,0
6815,323,26,15000,Balanced,2025-08-19,10,EMI,Paytm,100.0,Credit Card,Desktop,0,0,0,1,1,5,0,0
6816,199,42,100000,Aggressive,2025-03-11,15,Health,Netflix,600.49,Credit Card,Mobile,0,0,0,0,0,1,0,0
6817,366,43,35000,Conservative,2025-11-25,10,Health,Paytm,1885.62,UPI,Mobile,0,0,0,0,0,4,1,0
6818,105,42,35000,Conservative,2025-10-31,14,Groceries,Myntra,1313.88,BNPL,Mobile,0,0,0,0,0,5,3,0
6819,375,44,35000,Conservative,2025-04-09,3,Groceries,Swiggy,1386.77,UPI,Mobile,0,0,0,0,0,4,0,0
6820,63,23,25000,Aggressive,2025-03-30,9,Entertainment,Croma,357.14,Debit Card,Desktop,0,0,0,1,0,10,0,0
6821,368,21,50000,Conservative,2025-08-03,10,Utilities,Groww,2240.01,Debit Card,Mobile,1,0,0,1,0,2,0,0
6822,114,38,25000,Aggressive,2025-12-03,22,Groceries,PhonePe,1237.29,Credit Card,Mobile,1,1,0,1,0,4,2,1
6823,488,23,75000,Balanced,2025-11-22,0,Utilities,Groww,2366.5,UPI,Mobile,0,1,0,1,1,8,0,0
6824,11,36,25000,Aggressive,2025-04-20,7,Electronics,Flipkart,12048.93,Debit Card,Mobile,0,0,0,0,0,8,9,0
6825,493,18,35000,Conservative,2025-11-04,11,Utilities,Zomato,1841.26,UPI,Mobile,1,0,0,0,1,7,1,0
6826,140,18,100000,Aggressive,2025-12-20,11,Electronics,Flipkart,17296.77,Credit Card,Mobile,0,0,1,0,0,3,5,1
6827,16,32,50000,Balanced,2025-11-25,7,Investment,Swiggy,4636.09,Debit Card,Mobile,0,0,1,1,0,5,1,0
6828,62,23,25000,Balanced,2025-08-18,11,Food Delivery,Netflix,367.51,UPI,Desktop,0,0,0,1,0,2,0,0
6829,274,35,15000,Balanced,2025-11-12,14,Rent,Zomato,332.83,UPI,Mobile,0,0,1,0,0,10,0,0
6830,410,35,25000,Conservative,2025-02-20,6,Fashion,Uber,1540.78,Credit Card,Mobile,0,0,0,0,0,5,1,0
6831,16,32,50000,Balanced,2025-07-18,11,Investment,Groww,3574.46,Cash,Mobile,0,0,0,1,1,9,1,0
6832,154,34,35000,Aggressive,2025-10-19,9,Entertainment,Groww,100.0,UPI,Mobile,0,0,0,1,0,10,0,0
6833,400,39,25000,Balanced,2025-07-29,22,Entertainment,Swiggy,385.74,UPI,Desktop,0,1,0,0,0,2,2,1
6834,239,31,15000,Conservative,2025-11-26,5,Education,Zomato,2452.51,UPI,Mobile,0,0,0,0,0,5,3,0
6835,304,29,15000,Aggressive,2025-10-28,21,Utilities,Croma,1377.8,Credit Card,Mobile,0,0,0,0,0,4,1,0
6836,290,42,25000,Conservative,2025-08-08,9,Groceries,Uber,1934.95,Credit Card,Mobile,0,0,0,0,1,1,1,0
6837,225,25,50000,Balanced,2025-03-28,3,Education,PhonePe,2703.89,Debit Card,Desktop,0,0,1,0,0,2,1,0
6838,273,34,75000,Balanced,2025-01-04,13,Rent,Myntra,16161.75,Debit Card,Mobile,1,0,0,0,0,8,4,0
6839,362,39,15000,Aggressive,2025-11-20,3,Health,PhonePe,3620.53,BNPL,Desktop,0,0,1,0,0,9,9,1
6840,284,32,25000,Balanced,2025-04-27,0,Education,Netflix,4158.46,UPI,Mobile,0,1,0,0,0,7,3,0
6841,487,28,50000,Aggressive,2025-11-13,13,Entertainment,BigBasket,615.3,UPI,Mobile,0,0,1,0,0,3,2,1
6842,126,29,35000,Conservative,2025-08-20,21,Utilities,Netflix,2649.58,Debit Card,Tablet,0,0,0,0,0,6,1,0
6843,181,28,75000,Conservative,2025-05-01,13,Utilities,Groww,3039.16,Credit Card,Mobile,1,0,0,0,0,4,0,0
6844,56,34,100000,Conservative,2025-08-21,18,Education,Myntra,2963.93,UPI,Desktop,0,0,0,1,0,5,0,0
6845,467,37,50000,Conservative,2025-05-08,23,Health,BigBasket,1741.59,UPI,Mobile,0,1,0,0,0,8,0,0
6846,428,21,35000,Conservative,2025-12-19,7,Fashion,BigBasket,3150.96,Debit Card,Desktop,0,0,0,0,1,3,1,0
6847,163,43,35000,Aggressive,2025-11-09,3,Utilities,PhonePe,2247.94,BNPL,Desktop,0,0,0,0,0,10,4,0
6848,435,33,50000,Conservative,2025-08-15,13,Education,BigBasket,5218.87,Credit Card,Desktop,0,0,0,1,0,6,2,0
6849,13,38,35000,Conservative,2025-09-25,5,Entertainment,Groww,735.23,BNPL,Mobile,0,0,0,0,0,2,5,1
6850,187,29,15000,Conservative,2025-02-06,9,Entertainment,Flipkart,998.22,UPI,Mobile,0,0,1,0,0,10,1,0
6851,39,24,35000,Balanced,2025-01-19,12,Groceries,Groww,1377.35,UPI,Mobile,0,0,1,1,0,2,0,0
6852,315,37,35000,Aggressive,2025-10-02,2,Electronics,PhonePe,21566.04,UPI,Mobile,1,1,0,0,0,8,10,1
6853,17,25,15000,Aggressive,2025-01-06,5,Rent,Netflix,11258.34,Credit Card,Mobile,0,0,0,1,1,5,10,1
6854,493,18,35000,Conservative,2025-02-24,7,Entertainment,Netflix,541.39,UPI,Desktop,0,0,0,1,1,9,0,0
6855,422,22,15000,Aggressive,2025-07-22,5,Utilities,Paytm,1904.66,UPI,Mobile,0,0,0,0,0,1,2,0
6856,234,33,15000,Conservative,2025-06-23,4,Health,Myntra,1702.94,UPI,Mobile,0,0,1,1,0,8,2,0
6857,74,29,35000,Aggressive,2025-03-28,6,Travel,Croma,8545.95,Credit Card,Mobile,0,0,1,0,0,3,6,1
6858,404,20,15000,Conservative,2025-09-19,3,Utilities,Amazon,1481.67,UPI,Mobile,0,0,0,1,0,7,1,0
6859,32,33,25000,Balanced,2025-12-08,7,Groceries,Flipkart,722.87,UPI,Mobile,0,0,1,1,0,7,0,0
6860,384,33,75000,Balanced,2025-11-26,17,Investment,Flipkart,5076.79,UPI,Mobile,0,0,1,1,0,10,1,0
6861,161,40,50000,Conservative,2025-02-04,8,Fashion,Flipkart,1463.02,UPI,Mobile,1,0,0,0,0,7,0,0
6862,410,35,25000,Conservative,2025-11-10,21,Education,Amazon,5189.78,UPI,Mobile,0,0,0,1,0,6,4,0
6863,380,29,100000,Conservative,2025-03-20,0,Education,BigBasket,3787.26,Credit Card,Mobile,0,1,0,0,1,10,0,0
6864,437,36,50000,Conservative,2025-06-11,8,Investment,BigBasket,7354.9,Credit Card,Mobile,0,0,1,0,0,9,2,0
6865,187,29,15000,Conservative,2025-09-06,4,Fashion,Zomato,5299.09,UPI,Mobile,0,0,1,1,0,1,9,1
6866,354,36,35000,Balanced,2025-09-30,9,Fashion,Myntra,3198.2,UPI,Mobile,0,0,0,0,0,3,1,0
6867,203,20,35000,Balanced,2025-07-01,17,Groceries,Flipkart,1374.36,Cash,Mobile,1,0,0,1,0,9,0,0
6868,494,30,15000,Aggressive,2025-01-27,16,Electronics,Netflix,13685.76,Credit Card,Mobile,0,0,0,0,1,7,10,1
6869,399,32,50000,Balanced,2025-10-09,21,Food Delivery,Swiggy,301.15,UPI,Mobile,0,0,0,1,0,1,0,0
6870,110,39,25000,Conservative,2025-08-04,14,Electronics,Groww,15094.65,UPI,Mobile,1,0,1,1,0,5,10,1
6871,306,27,50000,Conservative,2025-08-12,7,Education,PhonePe,3272.41,BNPL,Mobile,0,0,0,0,0,1,4,0
6872,389,27,35000,Aggressive,2025-04-26,11,Education,Paytm,4053.76,UPI,Mobile,0,0,0,0,0,1,2,0
6873,323,26,15000,Balanced,2025-03-19,11,Utilities,Croma,1838.52,UPI,Mobile,0,0,0,0,1,3,2,0
6874,387,42,35000,Balanced,2025-03-03,6,Health,BigBasket,1786.19,UPI,Desktop,1,0,0,1,0,4,1,0
6875,32,33,25000,Balanced,2025-03-15,3,Food Delivery,Zomato,312.97,Debit Card,Mobile,0,0,1,1,0,7,0,0
6876,84,37,25000,Balanced,2025-04-17,14,Health,Swiggy,4806.84,Cash,Mobile,0,0,0,0,1,6,3,0
6877,6,23,15000,Aggressive,2025-06-03,15,Education,Croma,2518.89,Credit Card,Mobile,1,0,0,0,0,4,5,1
6878,488,23,75000,Balanced,2025-07-11,2,Entertainment,Uber,838.55,UPI,Desktop,0,1,0,0,1,7,0,0
6879,333,36,35000,Balanced,2025-06-21,15,Fashion,Groww,3435.91,Debit Card,Tablet,0,0,0,1,0,8,1,0
6880,228,35,25000,Conservative,2025-08-29,7,Fashion,Groww,4098.58,Cash,Desktop,0,0,0,0,0,9,3,0
6881,286,23,75000,Balanced,2025-01-28,11,Rent,Netflix,19617.32,Cash,Mobile,0,0,0,1,0,3,5,0
6882,356,39,35000,Balanced,2025-06-15,9,Groceries,Groww,1021.21,UPI,Mobile,0,0,1,0,1,10,0,0
6883,159,38,15000,Balanced,2025-04-04,23,Entertainment,Netflix,622.31,Credit Card,Mobile,1,1,0,0,0,3,2,1
6884,342,38,35000,Conservative,2025-10-27,6,Investment,Croma,6582.96,Credit Card,Mobile,0,0,0,0,0,3,5,1
6885,381,29,25000,Conservative,2025-08-13,22,Investment,Croma,3745.73,Cash,Desktop,0,1,0,0,0,1,2,0
6886,479,20,25000,Balanced,2025-11-04,23,Investment,Uber,5573.71,Debit Card,Mobile,1,1,0,1,1,9,6,1
6887,78,28,75000,Balanced,2025-01-13,19,Food Delivery,Netflix,514.37,UPI,Mobile,0,0,0,0,1,4,0,0
6888,32,33,25000,Balanced,2025-03-10,8,Investment,Paytm,7188.39,UPI,Mobile,0,0,0,1,1,2,7,1
6889,94,26,100000,Conservative,2025-08-17,2,Fashion,Paytm,3158.96,Debit Card,Mobile,0,1,1,0,0,2,2,1
6890,28,28,25000,Balanced,2025-08-29,11,Groceries,Amazon,1903.75,UPI,Mobile,0,0,0,1,0,6,1,0
6891,465,32,50000,Balanced,2025-01-24,14,Entertainment,BigBasket,881.26,Debit Card,Tablet,0,0,0,0,0,7,0,0
6892,124,38,35000,Balanced,2025-01-15,6,Entertainment,Amazon,530.06,UPI,Mobile,0,0,1,0,0,7,0,0
6893,124,38,35000,Balanced,2025-06-20,8,Travel,PhonePe,7428.85,UPI,Mobile,0,0,0,0,0,8,4,0
6894,41,30,35000,Conservative,2025-03-14,2,Electronics,Zomato,24122.64,Credit Card,Mobile,0,1,0,0,1,10,10,1
6895,476,25,50000,Aggressive,2025-08-23,11,Electronics,Myntra,14250.01,UPI,Mobile,0,0,0,0,0,3,7,1
6896,172,36,50000,Balanced,2025-06-14,15,Utilities,PhonePe,1829.82,UPI,Mobile,0,0,0,0,0,1,0,0
6897,226,20,35000,Aggressive,2025-01-19,15,Health,Netflix,2538.38,UPI,Mobile,0,0,0,1,0,4,1,0
6898,377,25,50000,Balanced,2025-05-22,20,Groceries,Netflix,715.4,Debit Card,Mobile,0,0,0,1,0,3,0,0
6899,235,18,15000,Balanced,2025-07-10,15,Fashion,Netflix,2526.36,UPI,Mobile,0,0,0,1,0,9,3,0
6900,195,42,35000,Aggressive,2025-02-19,9,Electronics,PhonePe,14742.02,Debit Card,Mobile,0,0,0,0,0,8,8,0
6901,143,20,25000,Balanced,2025-03-26,8,Rent,PhonePe,12522.53,UPI,Desktop,0,0,0,0,1,9,10,0
6902,345,36,35000,Balanced,2025-07-26,6,Entertainment,Netflix,1217.97,UPI,Mobile,0,0,0,1,1,8,0,0
6903,419,38,50000,Conservative,2025-03-30,11,Utilities,Groww,773.72,UPI,Mobile,0,0,0,1,0,3,0,0
6904,81,31,35000,Balanced,2025-11-17,2,Rent,Swiggy,19394.07,Credit Card,Desktop,0,1,0,0,0,9,10,1
6905,91,33,25000,Conservative,2025-03-28,4,Travel,Paytm,5315.92,UPI,Mobile,0,0,0,1,0,5,4,0
6906,450,25,25000,Balanced,2025-04-03,4,Health,Zomato,1536.66,UPI,Mobile,1,0,0,0,0,7,1,0
6907,48,42,35000,Conservative,2025-01-01,9,Travel,Swiggy,485.6,Debit Card,Mobile,1,0,1,1,0,4,0,0
6908,155,39,25000,Conservative,2025-07-08,19,Travel,Uber,6140.5,Cash,Mobile,0,0,0,0,0,6,4,0
6909,223,32,15000,Conservative,2025-12-03,18,Education,Flipkart,2369.96,UPI,Mobile,1,0,0,1,1,2,5,1
6910,479,20,25000,Balanced,2025-08-15,15,Investment,Amazon,5736.49,BNPL,Desktop,0,0,1,1,0,9,9,1
6911,438,19,35000,Aggressive,2025-01-30,17,EMI,Swiggy,4129.49,UPI,Desktop,0,0,0,1,1,3,2,0
6912,118,27,25000,Balanced,2025-11-22,20,Travel,Swiggy,4328.06,UPI,Mobile,0,0,0,0,1,8,3,0
6913,39,24,35000,Balanced,2025-08-30,10,Rent,Uber,8421.88,Credit Card,Mobile,0,0,0,0,0,8,4,0
6914,252,44,100000,Balanced,2025-06-15,0,Groceries,Uber,1647.1,Credit Card,Mobile,0,1,0,0,0,10,0,0
6915,298,21,50000,Balanced,2025-08-28,7,Entertainment,Flipkart,779.58,Credit Card,Mobile,0,0,0,1,0,2,2,1
6916,76,33,50000,Aggressive,2025-05-31,4,Health,Netflix,2141.39,Debit Card,Desktop,0,0,0,1,1,10,0,0
6917,411,42,25000,Aggressive,2025-07-11,4,Health,Flipkart,1578.76,UPI,Tablet,0,0,0,0,0,5,1,0
6918,244,24,25000,Conservative,2025-05-21,6,EMI,Netflix,7255.49,UPI,Mobile,0,0,1,1,1,6,7,1
6919,460,20,35000,Conservative,2025-01-25,3,Entertainment,Uber,877.93,UPI,Desktop,0,0,0,0,0,7,0,0
6920,499,44,15000,Aggressive,2025-06-14,10,Electronics,Groww,11336.17,UPI,Mobile,0,0,0,0,0,10,10,0
6921,306,27,50000,Conservative,2025-12-01,21,Investment,Uber,2718.77,BNPL,Desktop,1,0,0,1,0,6,4,0
6922,348,40,15000,Aggressive,2025-10-14,2,Entertainment,PhonePe,714.97,Credit Card,Mobile,0,1,1,1,0,1,2,1
6923,286,23,75000,Balanced,2025-10-12,2,Investment,Croma,6386.29,Debit Card,Mobile,0,1,0,0,1,6,1,0
6924,214,23,35000,Aggressive,2025-07-22,3,Fashion,Amazon,4113.26,UPI,Mobile,0,0,0,1,0,7,2,0
6925,355,19,35000,Conservative,2025-09-12,21,Investment,Myntra,5789.71,Credit Card,Mobile,0,0,0,0,0,6,3,0
6926,279,44,35000,Aggressive,2025-11-23,23,Rent,BigBasket,18039.73,BNPL,Mobile,0,1,1,0,0,7,10,1
6927,13,38,35000,Conservative,2025-07-01,21,Education,PhonePe,2567.0,Credit Card,Mobile,1,0,0,0,0,6,1,0
6928,408,24,35000,Balanced,2025-07-14,23,Health,Paytm,2086.72,Cash,Mobile,0,1,0,1,1,2,3,1
6929,95,31,100000,Aggressive,2025-02-01,6,Investment,Zomato,4784.45,Credit Card,Mobile,1,0,0,1,1,5,0,0
6930,283,32,35000,Conservative,2025-06-01,0,Groceries,Flipkart,1410.03,UPI,Mobile,1,1,0,1,1,9,0,0
6931,358,40,50000,Aggressive,2025-08-22,17,Groceries,BigBasket,453.67,Credit Card,Mobile,0,0,0,0,0,2,0,0
6932,436,34,15000,Aggressive,2025-11-28,1,Entertainment,Zomato,1199.67,UPI,Mobile,0,1,1,0,1,10,3,1
6933,198,32,25000,Balanced,2025-11-22,15,Investment,Myntra,4417.41,UPI,Mobile,0,0,0,1,0,3,3,0
6934,490,42,35000,Conservative,2025-10-27,13,Rent,PhonePe,12971.62,Cash,Desktop,0,0,1,0,0,1,9,1
6935,113,28,15000,Balanced,2025-01-10,8,Rent,BigBasket,6410.43,UPI,Desktop,0,0,0,1,0,7,8,0
6936,111,39,35000,Conservative,2025-03-28,21,Utilities,Uber,1902.84,UPI,Mobile,0,0,1,1,0,9,1,0
6937,196,35,35000,Conservative,2025-02-22,14,Groceries,Croma,1224.92,Credit Card,Mobile,0,0,0,1,0,9,0,0
6938,87,39,25000,Aggressive,2025-09-11,8,Rent,Zomato,17159.83,Credit Card,Desktop,0,0,1,0,1,9,10,1
6939,76,33,50000,Aggressive,2025-09-04,16,Groceries,Uber,619.71,Debit Card,Mobile,1,0,1,0,0,7,0,0
6940,320,41,25000,Balanced,2025-08-20,12,Investment,Myntra,4670.21,UPI,Desktop,0,0,1,1,1,5,5,1
6941,449,31,25000,Balanced,2025-09-09,23,EMI,BigBasket,100.0,Debit Card,Mobile,0,1,0,1,0,5,0,0
6942,298,21,50000,Balanced,2025-07-20,13,Utilities,Zomato,2715.61,Debit Card,Mobile,0,0,0,0,0,3,1,0
6943,285,25,25000,Balanced,2025-01-08,5,Health,Uber,2109.49,Debit Card,Mobile,0,0,0,0,0,9,1,0
6944,258,41,15000,Conservative,2025-10-16,7,Entertainment,Croma,591.23,UPI,Mobile,0,0,0,1,0,2,0,0
6945,438,19,35000,Aggressive,2025-03-28,16,Groceries,Amazon,417.99,Debit Card,Mobile,0,0,0,0,0,2,0,0
6946,328,25,35000,Conservative,2025-09-30,11,EMI,Swiggy,5131.76,Cash,Desktop,0,0,1,0,1,8,2,0
6947,107,18,15000,Conservative,2025-03-21,21,Rent,Flipkart,12617.84,Debit Card,Mobile,0,0,0,1,0,4,10,0
6948,385,38,50000,Balanced,2025-12-06,7,Health,Groww,1255.3,UPI,Tablet,0,0,0,1,0,1,0,0
6949,213,31,50000,Conservative,2025-04-12,6,Food Delivery,Zomato,667.89,Debit Card,Mobile,0,0,0,1,1,6,0,0
6950,30,24,50000,Aggressive,2025-05-17,21,Travel,Flipkart,9882.84,BNPL,Mobile,0,0,1,0,1,9,8,1
6951,402,19,15000,Aggressive,2025-09-04,12,EMI,Swiggy,6082.4,UPI,Desktop,1,0,1,0,0,1,10,1
6952,43,39,75000,Balanced,2025-10-13,2,EMI,Swiggy,10410.93,UPI,Mobile,0,1,0,0,1,1,2,0
6953,154,34,35000,Aggressive,2025-06-25,10,Food Delivery,BigBasket,584.36,BNPL,Mobile,0,0,0,0,0,4,5,1
6954,28,28,25000,Balanced,2025-05-10,6,EMI,Paytm,6569.66,UPI,Mobile,0,0,0,0,0,8,5,0
6955,163,43,35000,Aggressive,2025-10-18,19,Rent,Swiggy,12312.16,Credit Card,Mobile,0,0,0,1,0,2,9,1
6956,450,25,25000,Balanced,2025-07-29,6,Education,Amazon,4075.76,UPI,Mobile,0,0,0,0,0,3,3,0
6957,371,39,35000,Balanced,2025-01-31,1,Investment,PhonePe,3887.62,Credit Card,Mobile,0,1,0,0,0,5,2,0
6958,371,39,35000,Balanced,2025-05-06,10,Fashion,Croma,2790.04,Credit Card,Mobile,0,0,0,0,0,8,1,0
6959,233,32,35000,Conservative,2025-11-12,2,Education,Croma,2501.15,UPI,Mobile,0,1,0,1,1,9,1,0
6960,256,41,75000,Conservative,2025-08-25,8,Entertainment,Netflix,1032.61,Debit Card,Desktop,0,0,0,0,0,10,0,0
6961,389,27,35000,Aggressive,2025-01-02,19,Fashion,Swiggy,3675.31,Debit Card,Mobile,1,0,0,0,1,3,2,0
6962,434,33,35000,Conservative,2025-06-26,0,Rent,PhonePe,17050.86,UPI,Mobile,0,1,0,0,0,8,9,0
6963,142,31,15000,Conservative,2025-06-04,21,Electronics,Flipkart,13318.47,Credit Card,Mobile,1,0,1,1,0,2,10,1
6964,126,29,35000,Conservative,2025-10-01,15,EMI,Amazon,7350.66,UPI,Mobile,1,0,0,0,1,8,4,0
6965,132,43,35000,Balanced,2025-03-29,8,Investment,Groww,107.29,Debit Card,Mobile,0,0,0,1,0,8,0,0
6966,377,25,50000,Balanced,2025-05-01,19,EMI,Uber,6970.26,UPI,Mobile,1,0,0,1,0,10,2,0
6967,450,25,25000,Balanced,2025-06-06,18,Rent,Amazon,14533.48,UPI,Desktop,0,0,0,0,1,6,10,0
6968,420,28,25000,Conservative,2025-01-05,17,Electronics,Zomato,5451.93,UPI,Mobile,1,0,0,0,0,6,4,0
6969,259,28,75000,Aggressive,2025-12-10,18,Fashion,Netflix,174.73,Cash,Mobile,0,0,0,0,0,9,0,0
6970,498,34,100000,Conservative,2025-11-04,0,EMI,BigBasket,4625.73,Debit Card,Mobile,1,1,1,1,0,7,0,0
6971,474,32,35000,Balanced,2025-04-21,17,Entertainment,Myntra,905.23,UPI,Desktop,0,0,0,0,0,6,0,0
6972,441,33,50000,Aggressive,2025-12-02,3,Utilities,Swiggy,1574.12,Credit Card,Mobile,1,0,0,0,0,3,0,0
6973,210,29,50000,Aggressive,2025-04-22,21,Rent,Netflix,14015.53,Credit Card,Mobile,0,0,0,1,0,8,5,0
6974,379,20,50000,Balanced,2025-06-05,19,Groceries,Uber,1847.84,UPI,Mobile,1,0,0,0,1,10,0,0
6975,109,19,15000,Balanced,2025-12-14,14,Rent,Uber,3628.0,Credit Card,Mobile,0,0,0,1,1,2,6,1
6976,446,38,50000,Conservative,2025-11-23,21,Electronics,Uber,16045.97,Credit Card,Mobile,0,0,0,0,0,9,8,1
6977,414,22,50000,Conservative,2025-07-23,22,Rent,Zomato,16934.41,Credit Card,Desktop,0,1,0,1,0,1,8,1
6978,440,25,25000,Conservative,2025-09-27,2,EMI,BigBasket,5839.01,UPI,Mobile,0,1,0,0,0,7,4,0
6979,9,27,15000,Aggressive,2025-06-25,11,Investment,Croma,4283.65,UPI,Mobile,0,0,0,1,0,7,5,0
6980,398,43,50000,Conservative,2025-08-29,3,Education,Groww,2858.06,Credit Card,Mobile,0,0,1,0,0,6,1,0
6981,44,42,15000,Balanced,2025-01-21,23,Travel,Flipkart,11749.04,UPI,Tablet,0,1,0,0,1,6,10,0
6982,18,21,25000,Balanced,2025-10-06,11,Entertainment,Netflix,828.63,UPI,Mobile,0,0,0,1,0,10,0,0
6983,214,23,35000,Aggressive,2025-03-26,6,EMI,BigBasket,5614.06,Credit Card,Mobile,0,0,1,1,1,5,5,1
6984,73,34,25000,Conservative,2025-02-11,20,EMI,Flipkart,7112.92,UPI,Tablet,0,0,0,0,0,6,5,0
6985,163,43,35000,Aggressive,2025-03-25,0,Utilities,Myntra,2753.42,Debit Card,Mobile,0,1,0,0,0,1,1,0
6986,456,34,50000,Balanced,2025-01-25,18,Food Delivery,Uber,308.77,Debit Card,Mobile,0,0,0,0,1,10,0,0
6987,451,41,50000,Conservative,2025-07-13,21,Food Delivery,Netflix,560.45,BNPL,Desktop,0,0,0,0,0,9,3,0
6988,348,40,15000,Aggressive,2025-09-09,8,Groceries,Netflix,1298.61,BNPL,Mobile,0,0,0,1,0,7,4,0
6989,229,38,35000,Balanced,2025-02-07,19,Health,Uber,3177.42,UPI,Desktop,0,0,0,0,0,1,1,0
6990,348,40,15000,Aggressive,2025-02-15,6,Travel,Zomato,10159.01,Debit Card,Mobile,0,0,1,0,0,7,10,0
6991,260,34,35000,Balanced,2025-05-28,1,Entertainment,Zomato,232.42,Credit Card,Desktop,0,1,0,1,1,4,2,1
6992,210,29,50000,Aggressive,2025-10-28,16,Entertainment,Groww,1158.52,UPI,Mobile,0,0,1,1,1,5,2,1
6993,244,24,25000,Conservative,2025-07-01,13,Food Delivery,Paytm,465.33,UPI,Tablet,1,0,0,1,0,10,0,0
6994,105,42,35000,Conservative,2025-01-31,9,Utilities,Netflix,1738.75,Debit Card,Desktop,0,0,0,1,0,1,0,0
6995,125,22,35000,Balanced,2025-02-26,22,Education,Paytm,2792.5,BNPL,Mobile,0,1,0,0,0,4,6,1
6996,293,18,15000,Balanced,2025-07-09,20,Entertainment,Croma,1435.75,BNPL,Mobile,0,0,1,1,0,7,6,1
6997,169,36,35000,Aggressive,2025-01-02,2,Groceries,Amazon,1875.27,Debit Card,Mobile,1,1,0,0,1,1,1,0
6998,479,20,25000,Balanced,2025-09-03,0,Entertainment,Swiggy,599.69,UPI,Desktop,1,1,0,1,1,9,2,1
6999,206,36,25000,Conservative,2025-11-24,8,Food Delivery,Myntra,506.5,Credit Card,Mobile,0,0,1,0,0,4,2,1
7000,227,43,25000,Aggressive,2025-09-28,23,Food Delivery,Flipkart,397.92,Credit Card,Desktop,0,1,0,0,0,7,2,1
7001,464,34,15000,Aggressive,2025-06-04,15,Fashion,Swiggy,2774.11,UPI,Desktop,1,0,0,1,0,2,5,1
7002,297,44,35000,Balanced,2025-07-18,15,Electronics,Paytm,17638.36,BNPL,Mobile,0,0,0,0,1,5,10,1
7003,187,29,15000,Conservative,2025-01-19,0,Investment,BigBasket,4545.27,UPI,Mobile,0,1,0,0,0,8,6,0
7004,353,40,50000,Balanced,2025-02-17,20,Health,BigBasket,1254.25,UPI,Mobile,0,0,0,0,1,4,0,0
7005,426,20,50000,Conservative,2025-07-01,4,Groceries,Groww,1543.19,Cash,Desktop,1,0,1,1,0,3,0,0
7006,413,41,15000,Aggressive,2025-04-28,11,Groceries,Groww,133.23,BNPL,Mobile,0,0,1,0,0,7,3,0
7007,137,44,50000,Balanced,2025-02-11,4,EMI,Amazon,5353.74,Credit Card,Mobile,0,0,1,1,0,2,4,1
7008,387,42,35000,Balanced,2025-02-13,17,Groceries,PhonePe,1418.63,BNPL,Desktop,0,0,1,1,0,8,3,0
7009,408,24,35000,Balanced,2025-12-08,22,Fashion,Amazon,3728.1,UPI,Mobile,0,1,1,0,0,5,4,1
7010,424,34,25000,Conservative,2025-06-01,1,Education,Netflix,2412.48,Credit Card,Mobile,1,1,1,1,0,4,3,1
7011,239,31,15000,Conservative,2025-12-17,22,Entertainment,Myntra,612.02,Credit Card,Mobile,0,1,0,0,0,2,2,1
7012,91,33,25000,Conservative,2025-02-12,0,Investment,Zomato,7749.63,BNPL,Desktop,0,1,0,0,1,3,10,1
7013,405,34,35000,Balanced,2025-06-24,3,Groceries,Netflix,1468.59,UPI,Mobile,0,0,0,1,0,1,0,0
7014,66,44,25000,Balanced,2025-09-17,7,Education,Amazon,3219.78,Debit Card,Mobile,0,0,0,0,0,8,2,0
7015,474,32,35000,Balanced,2025-05-25,9,Electronics,Flipkart,14919.97,UPI,Mobile,0,0,1,1,1,8,10,1
7016,25,30,15000,Aggressive,2025-03-28,11,EMI,Swiggy,5400.77,UPI,Desktop,0,0,0,0,0,5,7,0
7017,136,33,35000,Conservative,2025-04-08,5,EMI,Zomato,1357.05,Credit Card,Desktop,0,0,0,1,0,8,0,0
7018,186,27,100000,Aggressive,2025-09-28,12,Fashion,Netflix,3347.82,UPI,Mobile,0,0,1,0,0,2,2,1
7019,409,34,15000,Conservative,2025-09-08,9,Electronics,Paytm,14388.23,UPI,Desktop,0,0,0,0,0,2,10,1
7020,406,42,35000,Conservative,2025-06-04,10,Groceries,Croma,1354.34,UPI,Mobile,1,0,0,1,0,4,0,0
7021,172,36,50000,Balanced,2025-08-02,8,EMI,Paytm,5446.45,UPI,Mobile,1,0,0,0,0,10,2,0
7022,29,20,50000,Conservative,2025-07-24,13,Travel,BigBasket,6789.73,UPI,Mobile,0,0,1,0,1,6,2,0
7023,472,23,25000,Conservative,2025-10-14,3,Food Delivery,Myntra,370.59,Credit Card,Desktop,0,0,0,1,0,10,0,0
7024,487,28,50000,Aggressive,2025-09-29,19,EMI,Paytm,4375.19,UPI,Mobile,0,0,1,0,0,2,1,0
7025,62,23,25000,Balanced,2025-03-30,13,Entertainment,Myntra,656.12,UPI,Mobile,0,0,1,0,0,9,0,0
7026,205,38,35000,Conservative,2025-07-11,5,EMI,Uber,8147.21,Debit Card,Mobile,0,0,1,0,0,8,4,0
7027,334,40,100000,Aggressive,2025-10-30,16,Food Delivery,Croma,467.19,Credit Card,Mobile,0,0,1,0,0,8,2,1
7028,98,35,35000,Aggressive,2025-02-08,5,Education,Croma,2219.63,UPI,Mobile,0,0,0,1,0,7,1,0
7029,421,34,100000,Aggressive,2025-07-04,16,Education,Swiggy,952.47,Debit Card,Mobile,1,0,0,1,0,9,0,0
7030,470,37,25000,Conservative,2025-05-27,8,Fashion,Paytm,3316.32,UPI,Mobile,0,0,1,0,0,3,4,1
7031,262,43,25000,Balanced,2025-03-29,14,Electronics,Croma,9395.07,Debit Card,Mobile,0,0,1,1,0,7,9,1
7032,238,31,35000,Balanced,2025-11-01,2,Entertainment,Flipkart,854.59,Credit Card,Mobile,1,1,1,1,0,5,2,1
7033,434,33,35000,Conservative,2025-02-13,20,Electronics,Zomato,16052.47,Debit Card,Mobile,0,0,0,0,1,9,9,0
7034,332,24,50000,Conservative,2025-12-22,12,Health,Zomato,2779.74,UPI,Mobile,0,0,1,1,0,1,1,0
7035,438,19,35000,Aggressive,2025-03-28,4,Investment,BigBasket,4565.66,Credit Card,Desktop,0,0,1,1,1,5,4,1
7036,10,32,35000,Balanced,2025-08-27,14,Fashion,Paytm,2361.9,Credit Card,Desktop,0,0,0,1,0,8,1,0
7037,216,44,15000,Balanced,2025-07-05,3,Investment,Uber,5611.65,UPI,Desktop,1,0,0,0,0,9,7,0
7038,413,41,15000,Aggressive,2025-08-18,8,Investment,BigBasket,4809.95,Credit Card,Mobile,0,0,1,0,0,7,8,1
7039,156,21,15000,Aggressive,2025-03-02,19,Fashion,Netflix,2280.17,UPI,Mobile,1,0,0,0,0,4,5,1
7040,460,20,35000,Conservative,2025-11-24,14,Rent,Paytm,5129.9,Credit Card,Desktop,0,0,0,1,0,5,2,0
7041,129,37,25000,Conservative,2025-07-29,16,Food Delivery,Swiggy,207.76,Credit Card,Mobile,0,0,1,1,1,10,2,1
7042,22,25,35000,Balanced,2025-07-20,18,Education,Uber,3847.43,Debit Card,Mobile,0,0,0,0,0,1,2,0
7043,187,29,15000,Conservative,2025-02-15,5,Fashion,Paytm,2873.42,UPI,Mobile,0,0,0,0,1,10,3,0
7044,233,32,35000,Conservative,2025-10-06,4,Electronics,Groww,15789.48,Credit Card,Mobile,0,0,0,0,0,4,10,1
7045,91,33,25000,Conservative,2025-03-18,6,Education,PhonePe,823.26,Debit Card,Mobile,0,0,0,0,1,7,0,0
7046,30,24,50000,Aggressive,2025-04-22,12,Fashion,Myntra,3190.29,Debit Card,Tablet,0,0,0,0,0,5,1,0
7047,321,28,35000,Conservative,2025-08-06,8,Groceries,PhonePe,1126.74,UPI,Desktop,0,0,0,1,0,9,0,0
7048,84,37,25000,Balanced,2025-06-25,13,Utilities,Uber,1437.84,Credit Card,Mobile,0,0,1,0,0,5,1,0
7049,255,28,15000,Aggressive,2025-11-04,1,Utilities,Paytm,3285.72,UPI,Mobile,1,1,0,0,0,2,6,1
7050,304,29,15000,Aggressive,2025-02-13,21,Travel,Myntra,13574.73,UPI,Mobile,0,0,0,1,1,8,10,0
7051,113,28,15000,Balanced,2025-10-29,21,EMI,Netflix,6191.86,Debit Card,Mobile,0,0,0,0,0,6,8,0
7052,211,44,35000,Conservative,2025-06-09,5,Investment,Myntra,1296.24,Debit Card,Mobile,0,0,0,0,0,7,0,0
7053,404,20,15000,Conservative,2025-10-01,21,Rent,Uber,11200.69,Credit Card,Mobile,1,0,0,0,0,8,10,0
7054,485,38,15000,Conservative,2025-11-11,2,Entertainment,Flipkart,1382.01,BNPL,Mobile,0,1,0,1,0,10,6,1
7055,98,35,35000,Aggressive,2025-03-09,1,Health,Amazon,3485.89,BNPL,Mobile,0,1,1,0,0,10,6,1
7056,205,38,35000,Conservative,2025-03-13,8,Education,Uber,3200.07,Credit Card,Mobile,0,0,0,1,1,10,1,0
7057,184,18,35000,Balanced,2025-01-25,22,Fashion,Swiggy,3590.2,UPI,Tablet,0,1,0,1,1,8,4,1
7058,192,38,50000,Balanced,2025-03-25,9,Entertainment,Swiggy,875.2,Cash,Mobile,0,0,0,0,0,5,0,0
7059,148,42,35000,Balanced,2025-09-30,20,Electronics,Croma,8675.0,UPI,Mobile,0,0,0,0,0,4,6,1
7060,333,36,35000,Balanced,2025-02-20,3,Groceries,BigBasket,1416.05,Credit Card,Mobile,0,0,0,0,0,4,0,0
7061,487,28,50000,Aggressive,2025-10-16,22,Investment,Netflix,1009.21,Credit Card,Mobile,0,1,0,0,1,8,0,0
7062,406,42,35000,Conservative,2025-09-26,12,Food Delivery,PhonePe,175.84,Credit Card,Mobile,0,0,0,0,0,5,0,0
7063,135,22,50000,Balanced,2025-05-26,5,Electronics,BigBasket,12296.31,Cash,Mobile,0,0,0,0,1,1,6,1
7064,139,36,50000,Balanced,2025-08-28,12,Utilities,Netflix,2356.22,Debit Card,Mobile,0,0,0,1,0,2,0,0
7065,19,23,25000,Balanced,2025-05-28,21,Groceries,Swiggy,901.9,Debit Card,Mobile,0,0,1,1,1,7,0,0
7066,408,24,35000,Balanced,2025-06-17,17,Utilities,Paytm,1700.41,Debit Card,Mobile,0,0,0,0,0,4,0,0
7067,297,44,35000,Balanced,2025-09-07,22,Education,Swiggy,1706.57,Debit Card,Mobile,0,1,0,1,0,9,0,0
7068,73,34,25000,Conservative,2025-09-29,4,Food Delivery,Groww,429.94,Debit Card,Tablet,0,0,0,1,0,3,0,0
7069,467,37,50000,Conservative,2025-09-21,17,Travel,Flipkart,9218.43,UPI,Mobile,0,0,0,0,0,6,3,0
7070,230,29,25000,Conservative,2025-03-14,0,Entertainment,Croma,1055.02,UPI,Mobile,0,1,0,0,0,8,0,0
7071,73,34,25000,Conservative,2025-08-30,12,Investment,Paytm,3027.86,UPI,Mobile,0,0,0,0,0,3,2,0
7072,441,33,50000,Aggressive,2025-06-19,22,Fashion,Myntra,3092.52,UPI,Mobile,0,1,0,0,0,10,1,0
7073,125,22,35000,Balanced,2025-03-24,9,Fashion,Paytm,2459.8,Debit Card,Mobile,0,0,0,0,0,5,1,0
7074,289,24,35000,Aggressive,2025-11-16,1,Travel,PhonePe,6079.04,Debit Card,Mobile,0,1,1,0,0,9,5,1
7075,236,37,25000,Conservative,2025-02-27,6,EMI,PhonePe,4136.54,UPI,Mobile,0,0,0,0,0,5,3,0
7076,215,35,35000,Conservative,2025-02-28,1,Utilities,Myntra,2139.73,Credit Card,Mobile,0,1,0,0,0,4,3,1
7077,277,25,50000,Balanced,2025-07-16,22,Rent,Myntra,14761.8,Cash,Mobile,0,1,0,0,0,8,5,0
7078,42,30,15000,Conservative,2025-08-15,5,Fashion,Swiggy,1319.68,Debit Card,Desktop,0,0,1,1,0,9,1,0
7079,208,25,15000,Balanced,2025-12-26,17,Fashion,Paytm,4040.04,Debit Card,Mobile,0,0,0,0,1,5,5,0
7080,446,38,50000,Conservative,2025-07-05,2,Investment,Myntra,1965.24,Credit Card,Mobile,1,1,0,0,0,5,0,0
7081,75,40,25000,Conservative,2025-03-15,16,Rent,Swiggy,14752.82,UPI,Mobile,0,0,0,0,0,7,10,0
7082,208,25,15000,Balanced,2025-04-04,5,EMI,PhonePe,3346.26,UPI,Mobile,1,0,0,0,0,6,4,0
7083,221,19,35000,Conservative,2025-05-04,3,EMI,Croma,1479.13,UPI,Desktop,1,0,0,1,0,3,0,0
7084,362,39,15000,Aggressive,2025-11-13,9,Health,PhonePe,1983.23,BNPL,Mobile,0,0,0,0,0,8,5,0
7085,451,41,50000,Conservative,2025-11-09,9,Education,BigBasket,2901.14,BNPL,Mobile,0,0,0,0,0,2,4,0
7086,76,33,50000,Aggressive,2025-02-06,6,Groceries,Uber,1589.93,UPI,Mobile,0,0,0,1,0,7,0,0
7087,416,41,35000,Balanced,2025-06-23,1,Entertainment,Croma,718.31,UPI,Mobile,0,1,0,0,0,10,0,0
7088,31,26,35000,Conservative,2025-04-10,6,Fashion,Groww,1923.88,Debit Card,Mobile,0,0,1,1,0,10,1,0
7089,153,42,25000,Conservative,2025-07-08,1,Education,PhonePe,2745.26,Debit Card,Mobile,0,1,0,1,0,7,2,0
7090,68,26,50000,Conservative,2025-01-31,5,Travel,Myntra,10901.24,BNPL,Desktop,0,0,1,1,1,8,9,1
7091,472,23,25000,Conservative,2025-08-22,15,Utilities,Flipkart,3426.1,Credit Card,Mobile,0,0,0,1,0,6,2,0
7092,201,18,15000,Conservative,2025-02-01,20,Health,Amazon,2749.62,Credit Card,Mobile,1,0,1,0,0,7,5,1
7093,333,36,35000,Balanced,2025-10-15,19,Rent,Flipkart,17031.93,Credit Card,Mobile,0,0,0,0,1,9,9,0
7094,21,21,35000,Aggressive,2025-11-16,7,Investment,Flipkart,2509.51,Credit Card,Mobile,0,0,1,1,0,3,3,1
7095,481,37,35000,Conservative,2025-04-30,10,Utilities,Netflix,1203.61,Credit Card,Mobile,0,0,0,1,0,10,0,0
7096,43,39,75000,Balanced,2025-05-07,7,Electronics,Netflix,15066.68,BNPL,Mobile,0,0,1,0,0,3,9,1
7097,239,31,15000,Conservative,2025-03-26,23,Investment,BigBasket,3195.0,UPI,Mobile,0,1,0,0,0,2,6,1
7098,371,39,35000,Balanced,2025-04-10,6,Travel,Swiggy,10630.12,UPI,Mobile,0,0,0,0,0,9,6,0
7099,50,25,35000,Balanced,2025-02-11,12,Travel,Zomato,517.42,UPI,Desktop,0,0,1,0,0,10,0,0
7100,157,29,25000,Aggressive,2025-07-03,19,Travel,Myntra,9602.04,Credit Card,Mobile,1,0,1,1,0,8,9,1
7101,449,31,25000,Balanced,2025-05-08,13,Utilities,Flipkart,1590.27,Credit Card,Mobile,0,0,0,0,1,5,1,0
7102,267,21,25000,Balanced,2025-10-18,16,EMI,Zomato,236.58,UPI,Mobile,0,0,1,0,0,10,0,0
7103,85,20,50000,Balanced,2025-05-28,18,Fashion,PhonePe,1942.83,UPI,Mobile,0,0,0,0,0,5,0,0
7104,493,18,35000,Conservative,2025-07-21,14,Food Delivery,Croma,250.83,Debit Card,Mobile,0,0,1,0,0,9,0,0
7105,124,38,35000,Balanced,2025-12-01,20,EMI,PhonePe,6827.32,Cash,Mobile,1,0,1,0,1,10,3,0
7106,277,25,50000,Balanced,2025-09-14,11,Groceries,Netflix,1008.39,UPI,Mobile,0,0,1,0,0,6,0,0
7107,218,40,35000,Balanced,2025-11-10,7,EMI,BigBasket,7999.41,Debit Card,Mobile,0,0,0,1,1,5,4,0
7108,4,38,35000,Balanced,2025-01-11,13,Education,Croma,3936.61,BNPL,Desktop,0,0,0,1,1,3,7,1
7109,21,21,35000,Aggressive,2025-10-01,7,Travel,Flipkart,11045.11,Credit Card,Mobile,1,0,1,0,0,3,8,1
7110,30,24,50000,Aggressive,2025-10-01,1,Investment,Croma,5405.66,UPI,Desktop,1,1,1,0,0,9,2,0
7111,448,29,15000,Conservative,2025-08-05,8,Rent,Uber,16139.09,Credit Card,Mobile,1,0,0,0,1,3,10,1
7112,321,28,35000,Conservative,2025-04-06,2,Entertainment,PhonePe,987.37,UPI,Tablet,0,1,1,0,0,6,2,1
7113,393,40,50000,Balanced,2025-10-10,0,Health,Flipkart,3118.9,UPI,Mobile,0,1,0,1,0,3,1,0
7114,118,27,25000,Balanced,2025-12-02,17,Groceries,Flipkart,1088.91,UPI,Mobile,1,0,0,0,0,3,0,0
7115,73,34,25000,Conservative,2025-06-25,0,Electronics,Amazon,15251.32,Debit Card,Mobile,0,1,0,0,0,9,10,1
7116,223,32,15000,Conservative,2025-09-05,16,Groceries,PhonePe,351.74,Debit Card,Desktop,1,0,0,0,1,8,0,0
7117,214,23,35000,Aggressive,2025-05-14,6,Health,Croma,2053.56,Credit Card,Mobile,0,0,1,0,1,7,1,0
7118,391,31,15000,Balanced,2025-01-18,23,Groceries,Uber,1546.87,UPI,Mobile,0,1,0,0,0,9,2,0
7119,216,44,15000,Balanced,2025-03-16,18,Electronics,BigBasket,18174.02,Debit Card,Mobile,0,0,0,0,0,4,10,1
7120,461,28,50000,Conservative,2025-11-05,6,EMI,Myntra,8176.05,Debit Card,Mobile,1,0,0,0,1,3,3,0
7121,26,18,15000,Balanced,2025-05-26,21,Investment,Uber,3381.66,Cash,Mobile,0,0,0,0,0,10,4,0
7122,493,18,35000,Conservative,2025-02-14,3,Travel,Zomato,9527.94,UPI,Desktop,0,0,0,0,0,10,5,0
7123,412,32,35000,Conservative,2025-10-17,14,Rent,Swiggy,10034.57,Credit Card,Mobile,0,0,0,0,0,8,5,0
7124,60,23,25000,Balanced,2025-10-07,5,Electronics,Swiggy,3962.2,Credit Card,Desktop,0,0,0,0,0,3,5,1
7125,54,34,25000,Conservative,2025-03-05,20,Groceries,PhonePe,1184.73,UPI,Desktop,1,0,0,0,0,4,0,0
7126,405,34,35000,Balanced,2025-07-09,11,Groceries,Paytm,780.16,UPI,Desktop,0,0,0,1,0,4,0,0
7127,249,25,35000,Balanced,2025-10-14,15,EMI,Myntra,2920.66,UPI,Mobile,0,0,1,1,0,8,1,0
7128,478,29,15000,Aggressive,2025-02-02,18,Health,Paytm,1974.76,Credit Card,Mobile,1,0,0,0,1,1,2,0
7129,36,43,25000,Conservative,2025-07-07,21,EMI,Zomato,6136.38,UPI,Mobile,0,0,0,0,0,10,4,0
7130,419,38,50000,Conservative,2025-02-14,1,Electronics,Amazon,17879.11,Credit Card,Mobile,0,1,1,0,0,4,9,1
7131,233,32,35000,Conservative,2025-02-20,4,Entertainment,Croma,970.95,UPI,Mobile,0,0,0,0,1,8,0,0
7132,454,22,15000,Aggressive,2025-12-30,3,EMI,PhonePe,7745.2,UPI,Mobile,0,0,0,0,1,1,10,0
7133,309,18,15000,Aggressive,2025-02-04,19,Health,Amazon,1447.39,Cash,Mobile,1,0,0,0,0,2,1,0
7134,494,30,15000,Aggressive,2025-12-20,17,Health,Flipkart,2987.89,UPI,Mobile,0,0,0,1,0,7,3,0
7135,219,21,35000,Aggressive,2025-07-24,19,Fashion,Uber,2441.36,BNPL,Desktop,0,0,0,0,0,8,4,0
7136,65,23,50000,Aggressive,2025-07-10,12,Rent,Flipkart,12254.69,UPI,Mobile,0,0,0,1,0,9,4,0
7137,15,26,15000,Conservative,2025-08-23,4,Health,Groww,1658.69,UPI,Mobile,0,0,1,0,0,7,2,0
7138,70,42,15000,Aggressive,2025-03-21,23,Investment,Flipkart,4615.48,UPI,Mobile,0,1,1,0,0,8,8,1
7139,252,44,100000,Balanced,2025-09-28,16,Investment,Groww,3410.84,Debit Card,Mobile,0,0,0,1,1,4,0,0
7140,337,25,15000,Balanced,2025-03-03,2,Travel,Zomato,9535.07,UPI,Desktop,1,1,0,0,0,1,10,1
7141,401,33,35000,Aggressive,2025-04-02,19,Food Delivery,Amazon,502.59,Debit Card,Mobile,1,0,1,0,1,1,2,1
7142,459,32,100000,Balanced,2025-11-28,5,Groceries,Flipkart,902.65,UPI,Desktop,0,0,1,0,1,2,0,0
7143,114,38,25000,Aggressive,2025-02-12,1,Health,Flipkart,2517.36,Credit Card,Mobile,0,1,0,1,0,2,4,1
7144,113,28,15000,Balanced,2025-06-11,10,Travel,Amazon,7755.39,UPI,Mobile,0,0,0,1,0,6,10,0
7145,216,44,15000,Balanced,2025-10-07,8,Electronics,BigBasket,27230.44,UPI,Tablet,0,0,0,0,0,2,10,1
7146,395,27,35000,Balanced,2025-03-09,7,Food Delivery,Croma,453.26,Debit Card,Mobile,0,0,0,0,1,8,0,0
7147,74,29,35000,Aggressive,2025-10-02,6,Entertainment,Flipkart,784.27,Debit Card,Mobile,1,0,1,0,0,10,0,0
7148,419,38,50000,Conservative,2025-12-02,5,Utilities,Myntra,1798.92,Debit Card,Desktop,1,0,1,0,0,5,0,0
7149,418,25,75000,Balanced,2025-03-16,18,Rent,Zomato,8246.63,UPI,Mobile,0,0,1,1,0,4,2,0
7150,188,43,25000,Balanced,2025-02-22,7,Utilities,BigBasket,1492.54,UPI,Mobile,0,0,1,0,0,10,1,0
7151,305,22,75000,Balanced,2025-10-28,10,EMI,Amazon,8412.42,Cash,Mobile,0,0,0,0,0,1,2,0
7152,68,26,50000,Conservative,2025-12-05,19,Rent,BigBasket,15366.39,UPI,Mobile,1,0,0,1,0,5,6,0
7153,246,30,35000,Balanced,2025-11-29,11,Investment,Swiggy,4352.89,BNPL,Desktop,0,0,1,1,0,10,5,0
7154,451,41,50000,Conservative,2025-03-28,13,Entertainment,Myntra,1253.94,Credit Card,Desktop,0,0,1,0,0,3,2,1
7155,354,36,35000,Balanced,2025-06-07,1,Fashion,Uber,3903.23,UPI,Desktop,0,1,0,0,0,3,4,1
7156,291,40,15000,Conservative,2025-10-11,14,Entertainment,Swiggy,1056.96,Debit Card,Mobile,0,0,0,0,0,9,1,0
7157,226,20,35000,Aggressive,2025-02-20,10,Groceries,Amazon,1350.94,UPI,Tablet,0,0,0,1,0,5,0,0
7158,286,23,75000,Balanced,2025-07-04,13,Food Delivery,Amazon,262.83,Cash,Mobile,1,0,1,0,0,8,0,0
7159,479,20,25000,Balanced,2025-04-26,10,Utilities,Paytm,1005.97,BNPL,Desktop,0,0,0,1,0,8,3,0
7160,382,44,100000,Balanced,2025-09-04,2,Utilities,Flipkart,1991.41,Debit Card,Mobile,1,1,0,0,0,1,0,0
7161,74,29,35000,Aggressive,2025-10-30,17,Investment,BigBasket,5149.95,UPI,Mobile,0,0,0,1,1,10,2,0
7162,328,25,35000,Conservative,2025-03-09,18,Travel,Groww,9333.86,UPI,Mobile,0,0,0,1,1,3,7,1
7163,431,27,50000,Balanced,2025-05-20,6,Utilities,Flipkart,1892.38,Debit Card,Mobile,0,0,1,0,1,6,0,0
7164,319,42,35000,Balanced,2025-06-15,16,Investment,BigBasket,7600.45,UPI,Desktop,0,0,0,0,1,9,4,0
7165,303,18,15000,Aggressive,2025-05-15,7,Travel,Uber,10785.99,BNPL,Mobile,0,0,0,0,1,8,10,0
7166,47,42,25000,Conservative,2025-09-30,2,Health,PhonePe,3130.67,UPI,Mobile,0,1,0,1,0,10,2,0
7167,431,27,50000,Balanced,2025-03-28,9,Utilities,Myntra,2832.83,UPI,Mobile,0,0,0,0,1,2,1,0
7168,333,36,35000,Balanced,2025-05-05,15,Utilities,Amazon,813.48,Debit Card,Mobile,1,0,0,0,0,5,0,0
7169,107,18,15000,Conservative,2025-10-04,22,EMI,Netflix,8100.24,Credit Card,Mobile,1,1,0,0,0,9,10,1
7170,295,41,35000,Balanced,2025-10-15,14,Health,Croma,1963.83,UPI,Desktop,0,0,1,0,0,9,1,0
7171,377,25,50000,Balanced,2025-01-13,1,Rent,Myntra,14961.72,Debit Card,Mobile,0,1,0,0,1,3,7,1
7172,83,21,25000,Conservative,2025-10-17,8,Groceries,Flipkart,1536.36,UPI,Tablet,0,0,0,0,0,5,1,0
7173,417,42,50000,Conservative,2025-11-23,22,Entertainment,Groww,156.01,Credit Card,Mobile,0,1,1,1,0,6,2,1
7174,179,43,15000,Aggressive,2025-05-09,20,Entertainment,Paytm,1186.89,UPI,Desktop,0,0,0,0,0,3,1,0
7175,83,21,25000,Conservative,2025-10-13,23,Investment,Flipkart,6807.37,UPI,Mobile,0,1,1,0,0,9,7,1
7176,278,20,25000,Aggressive,2025-02-10,7,Rent,Uber,7603.59,UPI,Mobile,0,0,0,0,0,9,6,0
7177,454,22,15000,Aggressive,2025-06-26,15,Entertainment,Uber,710.84,BNPL,Tablet,0,0,0,1,0,4,5,1
7178,240,20,75000,Balanced,2025-12-04,13,Health,PhonePe,2373.65,UPI,Mobile,1,0,0,0,0,10,0,0
7179,53,41,50000,Conservative,2025-03-01,19,Rent,Zomato,8599.13,UPI,Desktop,1,0,1,1,0,9,3,0
7180,327,34,15000,Balanced,2025-01-05,6,Entertainment,Flipkart,741.99,Cash,Tablet,1,0,0,0,1,8,0,0
7181,252,44,100000,Balanced,2025-05-11,23,Education,Amazon,2311.57,UPI,Mobile,0,1,1,1,0,9,0,0
7182,500,24,35000,Conservative,2025-06-15,1,Travel,Croma,5723.24,BNPL,Mobile,0,1,1,1,0,1,8,1
7183,484,28,100000,Conservative,2025-02-13,16,Utilities,PhonePe,1346.29,UPI,Desktop,0,0,0,1,0,2,0,0
7184,480,31,35000,Balanced,2025-01-03,3,Education,Netflix,2770.93,Debit Card,Mobile,1,0,1,0,0,9,1,0
7185,485,38,15000,Conservative,2025-01-12,10,Investment,Uber,6293.52,Credit Card,Desktop,0,0,0,0,0,7,8,0
7186,294,32,50000,Conservative,2025-09-14,1,Rent,Amazon,20916.94,BNPL,Desktop,0,1,0,0,0,4,10,1
7187,266,23,35000,Conservative,2025-11-23,15,Electronics,Groww,10776.34,Cash,Mobile,0,0,0,1,0,1,8,1
7188,265,32,50000,Balanced,2025-03-15,1,Investment,PhonePe,3568.98,UPI,Mobile,0,1,0,1,0,2,1,0
7189,300,23,25000,Balanced,2025-11-03,17,Electronics,BigBasket,10864.94,UPI,Mobile,1,0,1,0,0,8,10,1
7190,482,42,25000,Balanced,2025-04-12,23,Travel,Uber,10087.93,Credit Card,Mobile,0,1,0,0,1,7,10,1
7191,1,24,50000,Conservative,2025-11-02,22,Entertainment,BigBasket,439.82,Credit Card,Mobile,1,1,0,1,1,9,2,1
7192,392,36,75000,Aggressive,2025-08-15,20,Utilities,Zomato,1264.03,UPI,Mobile,0,0,0,0,0,4,0,0
7193,117,25,50000,Aggressive,2025-05-31,22,Entertainment,Groww,713.74,Credit Card,Mobile,0,1,1,0,0,6,2,1
7194,477,37,15000,Balanced,2025-01-25,5,Fashion,Groww,1646.44,Credit Card,Mobile,0,0,1,1,1,10,4,1
7195,272,32,35000,Balanced,2025-05-07,9,Health,Groww,1794.28,Credit Card,Mobile,0,0,0,0,0,5,1,0
7196,78,28,75000,Balanced,2025-02-25,21,Food Delivery,Uber,100.0,Credit Card,Mobile,0,0,0,0,0,9,0,0
7197,40,21,75000,Conservative,2025-10-27,16,Groceries,PhonePe,1804.2,UPI,Mobile,0,0,1,1,1,7,0,0
7198,87,39,25000,Aggressive,2025-09-25,23,Electronics,Amazon,11277.03,Credit Card,Mobile,0,1,0,1,0,6,10,1
7199,319,42,35000,Balanced,2025-09-05,19,Utilities,PhonePe,2391.46,UPI,Mobile,1,0,0,0,0,9,1,0
7200,73,34,25000,Conservative,2025-11-05,7,Rent,Swiggy,17492.27,Credit Card,Desktop,1,0,0,0,0,7,10,0
7201,244,24,25000,Conservative,2025-02-10,18,Health,Amazon,2493.98,BNPL,Mobile,0,0,0,0,0,6,4,0
7202,398,43,50000,Conservative,2025-05-20,9,Utilities,Zomato,1074.98,UPI,Desktop,0,0,0,1,1,4,0,0
7203,463,19,25000,Aggressive,2025-06-02,4,Rent,Groww,10243.64,UPI,Mobile,1,0,1,0,0,1,10,1
7204,292,19,50000,Aggressive,2025-01-21,9,Education,Paytm,4153.85,BNPL,Mobile,0,0,0,0,0,4,4,0
7205,7,18,25000,Balanced,2025-06-15,6,Investment,Flipkart,8553.14,UPI,Mobile,0,0,0,0,0,6,6,0
7206,40,21,75000,Conservative,2025-07-31,11,Groceries,Uber,1265.37,UPI,Mobile,0,0,1,1,0,5,0,0
7207,485,38,15000,Conservative,2025-11-28,8,Food Delivery,Croma,405.91,UPI,Mobile,0,0,1,0,1,2,2,1
7208,348,40,15000,Aggressive,2025-04-17,10,Travel,PhonePe,6838.66,Debit Card,Mobile,0,0,1,0,0,3,10,1
7209,388,26,75000,Conservative,2025-11-15,12,Electronics,Paytm,12951.62,Credit Card,Mobile,0,0,0,1,0,5,5,1
7210,323,26,15000,Balanced,2025-12-16,20,EMI,BigBasket,6972.13,Credit Card,Mobile,0,0,0,0,0,1,10,1
7211,70,42,15000,Aggressive,2025-08-07,7,Rent,Flipkart,7370.81,Debit Card,Mobile,0,0,0,1,0,2,9,0
7212,50,25,35000,Balanced,2025-11-26,14,Electronics,Swiggy,21160.49,Debit Card,Desktop,0,0,0,0,0,3,10,1
7213,368,21,50000,Conservative,2025-10-15,9,Education,Croma,1298.82,Debit Card,Desktop,0,0,0,0,0,9,0,0
7214,161,40,50000,Conservative,2025-12-10,17,Travel,Paytm,7533.12,Credit Card,Mobile,0,0,0,0,0,8,3,0
7215,183,26,25000,Conservative,2025-08-13,5,Electronics,Croma,18378.22,UPI,Desktop,0,0,0,1,0,3,10,1
7216,370,34,50000,Balanced,2025-07-16,2,EMI,Zomato,8345.6,Cash,Desktop,0,1,1,0,1,8,5,1
7217,221,19,35000,Conservative,2025-03-10,5,Electronics,Groww,5580.26,Credit Card,Desktop,0,0,1,0,0,10,5,1
7218,406,42,35000,Conservative,2025-04-03,0,EMI,Groww,6023.56,UPI,Mobile,1,1,1,0,1,1,5,1
7219,471,20,25000,Conservative,2025-08-30,10,EMI,Zomato,5456.12,UPI,Mobile,0,0,1,1,1,2,6,1
7220,122,43,25000,Conservative,2025-09-08,12,Rent,Swiggy,9463.25,Debit Card,Desktop,0,0,0,1,0,6,7,0
7221,421,34,100000,Aggressive,2025-05-07,9,Education,Zomato,4434.72,UPI,Mobile,0,0,0,0,0,6,0,0
7222,405,34,35000,Balanced,2025-06-16,4,Electronics,Myntra,10739.45,UPI,Mobile,0,0,0,0,0,4,8,1
7223,495,43,25000,Conservative,2025-06-20,7,Entertainment,Swiggy,1048.14,Credit Card,Mobile,0,0,0,0,0,3,2,1
7224,140,18,100000,Aggressive,2025-11-26,16,Utilities,BigBasket,1410.54,Credit Card,Mobile,0,0,1,0,1,1,2,1
7225,61,28,25000,Conservative,2025-03-04,7,Health,Zomato,820.07,Cash,Mobile,1,0,0,0,0,1,0,0
7226,263,23,100000,Balanced,2025-11-23,9,Fashion,Swiggy,3194.94,UPI,Mobile,0,0,1,1,0,5,0,0
7227,421,34,100000,Aggressive,2025-04-09,16,Travel,Croma,10651.72,UPI,Mobile,0,0,0,0,0,4,2,0
7228,381,29,25000,Conservative,2025-10-14,20,Fashion,Swiggy,2396.66,Credit Card,Mobile,0,0,1,0,1,3,3,1
7229,244,24,25000,Conservative,2025-07-14,1,Groceries,Groww,428.88,BNPL,Mobile,0,1,0,0,1,7,3,0
7230,429,26,25000,Conservative,2025-06-21,8,Travel,Netflix,7885.79,UPI,Mobile,0,0,0,1,0,1,6,0
7231,401,33,35000,Aggressive,2025-04-05,15,Utilities,Swiggy,1378.75,UPI,Mobile,1,0,0,1,0,9,0,0
7232,478,29,15000,Aggressive,2025-09-09,20,Electronics,Myntra,16350.71,UPI,Mobile,0,0,0,1,0,9,10,0
7233,380,29,100000,Conservative,2025-05-03,14,Fashion,Myntra,2522.03,BNPL,Mobile,1,0,0,0,0,8,3,0
7234,101,19,25000,Conservative,2025-01-17,9,Fashion,Groww,2344.44,Credit Card,Mobile,0,0,1,0,0,6,3,1
7235,310,31,25000,Aggressive,2025-07-29,1,Fashion,Paytm,3182.76,UPI,Desktop,0,1,0,1,0,9,2,0
7236,95,31,100000,Aggressive,2025-04-05,18,Investment,Zomato,6047.81,UPI,Mobile,1,0,0,1,1,1,1,0
7237,336,40,25000,Conservative,2025-09-12,23,Entertainment,Zomato,715.0,Credit Card,Mobile,0,1,1,1,1,3,2,1
7238,84,37,25000,Balanced,2025-08-06,18,Health,Groww,1571.84,UPI,Desktop,0,0,1,0,0,9,1,0
7239,241,32,15000,Aggressive,2025-11-06,4,Health,Flipkart,497.65,UPI,Mobile,0,0,0,1,0,9,0,0
7240,108,31,75000,Conservative,2025-06-16,13,Investment,Zomato,4891.29,Credit Card,Mobile,0,0,1,1,1,3,3,1
7241,55,24,35000,Conservative,2025-09-19,6,Health,Zomato,1149.55,Credit Card,Mobile,0,0,0,0,0,10,0,0
7242,401,33,35000,Aggressive,2025-05-15,19,Food Delivery,Myntra,319.08,Credit Card,Mobile,0,0,0,1,0,1,2,1
7243,113,28,15000,Balanced,2025-01-27,19,Electronics,Flipkart,10948.46,UPI,Mobile,0,0,0,0,0,3,10,1
7244,132,43,35000,Balanced,2025-05-25,5,Food Delivery,Uber,349.46,Credit Card,Mobile,0,0,0,0,0,4,2,1
7245,265,32,50000,Balanced,2025-01-10,21,Travel,Swiggy,11445.41,Credit Card,Mobile,0,0,0,0,0,4,6,1
7246,485,38,15000,Conservative,2025-01-14,2,Entertainment,PhonePe,860.17,Credit Card,Mobile,0,1,1,0,0,5,3,1
7247,392,36,75000,Aggressive,2025-07-15,9,Education,Croma,2062.73,UPI,Mobile,0,0,1,0,0,8,0,0
7248,356,39,35000,Balanced,2025-01-17,13,Rent,BigBasket,14369.95,UPI,Mobile,0,0,1,0,0,9,8,0
7249,469,38,75000,Aggressive,2025-07-16,13,Travel,Myntra,9967.85,BNPL,Mobile,0,0,0,1,0,10,5,0
7250,24,32,50000,Conservative,2025-07-29,10,Fashion,Groww,4900.0,Debit Card,Tablet,0,0,0,0,0,8,1,0
7251,243,42,50000,Conservative,2025-03-16,7,Entertainment,Amazon,986.34,UPI,Mobile,0,0,0,0,0,5,0,0
7252,117,25,50000,Aggressive,2025-03-31,14,Health,Zomato,1575.13,UPI,Mobile,0,0,0,1,0,3,0,0
7253,441,33,50000,Aggressive,2025-05-10,23,Food Delivery,Swiggy,355.69,UPI,Mobile,0,1,0,0,0,10,0,0
7254,233,32,35000,Conservative,2025-02-16,23,EMI,PhonePe,2212.04,Credit Card,Desktop,0,1,0,0,0,5,1,0
7255,362,39,15000,Aggressive,2025-06-30,15,Health,Flipkart,2098.03,BNPL,Desktop,0,0,1,0,0,8,5,0
7256,156,21,15000,Aggressive,2025-06-11,13,Education,Croma,2680.12,Credit Card,Mobile,0,0,0,1,0,5,3,0
7257,97,40,25000,Balanced,2025-11-18,23,Health,Uber,1561.54,Debit Card,Mobile,0,1,0,0,0,10,1,0
7258,407,42,50000,Balanced,2025-08-26,0,Food Delivery,BigBasket,327.96,BNPL,Mobile,0,1,0,1,0,2,5,1
7259,30,24,50000,Aggressive,2025-02-09,4,Entertainment,Croma,1043.31,Credit Card,Mobile,0,0,0,1,0,4,2,1
7260,62,23,25000,Balanced,2025-06-30,11,Travel,Myntra,9784.64,Credit Card,Tablet,0,0,0,1,1,8,9,1
7261,222,28,35000,Conservative,2025-04-28,20,Rent,Flipkart,11019.4,Debit Card,Mobile,0,0,0,0,0,5,6,0
7262,52,32,25000,Conservative,2025-08-24,7,Health,BigBasket,2156.93,Debit Card,Desktop,0,0,1,0,0,2,1,0
7263,134,36,35000,Aggressive,2025-12-29,20,Education,Flipkart,4499.34,UPI,Mobile,0,0,1,0,0,8,2,0
7264,131,18,35000,Balanced,2025-03-25,15,Health,Uber,2202.74,UPI,Mobile,0,0,1,0,0,2,1,0
7265,278,20,25000,Aggressive,2025-10-14,5,Investment,Uber,5293.64,UPI,Mobile,0,0,1,0,0,4,6,1
7266,175,43,50000,Balanced,2025-02-16,4,Fashion,BigBasket,1299.2,UPI,Mobile,0,0,0,0,0,9,0,0
7267,389,27,35000,Aggressive,2025-06-27,3,Investment,Groww,6783.59,UPI,Mobile,0,0,0,1,0,10,3,0
7268,19,23,25000,Balanced,2025-11-14,3,Rent,PhonePe,14588.19,UPI,Mobile,0,0,0,0,0,3,10,0
7269,131,18,35000,Balanced,2025-06-03,14,Food Delivery,Zomato,623.46,BNPL,Mobile,1,0,0,0,0,3,5,1
7270,464,34,15000,Aggressive,2025-05-10,17,Groceries,Flipkart,1218.01,BNPL,Mobile,0,0,0,0,0,7,4,0
7271,420,28,25000,Conservative,2025-03-14,20,Groceries,Netflix,1055.98,UPI,Mobile,0,0,0,1,0,3,0,0
7272,313,38,25000,Aggressive,2025-09-02,1,Travel,Uber,12149.43,Credit Card,Mobile,1,1,1,1,1,8,10,1
7273,5,39,15000,Balanced,2025-08-24,23,Groceries,Flipkart,1247.84,UPI,Mobile,0,1,1,1,0,4,3,1
7274,458,44,75000,Aggressive,2025-05-03,7,Food Delivery,Swiggy,221.4,UPI,Mobile,1,0,1,0,0,1,2,1
7275,491,39,35000,Balanced,2025-09-30,17,Investment,Uber,3559.71,UPI,Mobile,0,0,0,1,0,10,2,0
7276,374,20,50000,Aggressive,2025-07-30,18,Education,Amazon,3246.14,UPI,Mobile,0,0,0,0,0,10,1,0
7277,219,21,35000,Aggressive,2025-03-21,2,Education,BigBasket,2287.19,UPI,Mobile,0,1,1,0,0,8,1,0
7278,455,21,15000,Conservative,2025-01-28,0,Rent,Zomato,11172.28,Credit Card,Mobile,0,1,0,0,0,2,10,1
7279,377,25,50000,Balanced,2025-01-20,11,Investment,Paytm,6803.83,Debit Card,Mobile,0,0,1,0,1,9,2,0
7280,455,21,15000,Conservative,2025-02-23,21,Food Delivery,Amazon,411.5,UPI,Mobile,0,0,0,0,1,10,0,0
7281,296,32,35000,Balanced,2025-02-01,5,Health,Myntra,2880.47,UPI,Tablet,1,0,1,0,0,2,1,0
7282,83,21,25000,Conservative,2025-04-10,19,Fashion,Groww,3072.66,Debit Card,Mobile,0,0,0,0,1,4,2,0
7283,302,30,15000,Conservative,2025-07-27,19,Utilities,Swiggy,1503.41,UPI,Desktop,0,0,0,1,1,2,2,0
7284,398,43,50000,Conservative,2025-04-03,19,Utilities,Zomato,1445.77,UPI,Desktop,1,0,0,0,0,4,0,0
7285,124,38,35000,Balanced,2025-12-08,11,Investment,Amazon,2738.66,Credit Card,Mobile,0,0,0,0,1,9,1,0
7286,294,32,50000,Conservative,2025-05-05,16,Education,Netflix,3590.06,Cash,Desktop,1,0,0,0,1,1,1,0
7287,424,34,25000,Conservative,2025-02-20,16,Fashion,BigBasket,961.2,Credit Card,Mobile,0,0,0,0,0,10,0,0
7288,75,40,25000,Conservative,2025-11-30,18,Fashion,Zomato,1671.44,UPI,Mobile,0,0,0,0,0,9,1,0
7289,243,42,50000,Conservative,2025-12-16,21,Fashion,Croma,3410.27,UPI,Desktop,0,0,0,1,0,4,1,0
7290,92,34,15000,Aggressive,2025-01-24,21,Fashion,Flipkart,2331.45,UPI,Desktop,0,0,0,1,0,8,3,0
7291,234,33,15000,Conservative,2025-06-14,18,Electronics,Paytm,8791.83,UPI,Tablet,0,0,0,0,0,10,10,0
7292,186,27,100000,Aggressive,2025-06-04,6,Groceries,Myntra,1060.02,Debit Card,Mobile,1,0,0,0,1,4,0,0
7293,476,25,50000,Aggressive,2025-11-06,4,Rent,Myntra,17042.72,Credit Card,Mobile,0,0,0,1,0,2,8,1
7294,400,39,25000,Balanced,2025-04-27,18,Electronics,Zomato,15473.68,UPI,Mobile,0,0,0,1,1,3,10,1
7295,51,18,15000,Conservative,2025-08-18,1,Health,Myntra,3173.05,Credit Card,Mobile,0,1,1,1,1,2,6,1
7296,236,37,25000,Conservative,2025-03-31,22,Education,Croma,3537.85,BNPL,Mobile,0,1,0,0,1,5,5,0
7297,231,31,25000,Conservative,2025-04-18,15,Groceries,PhonePe,1996.32,UPI,Mobile,0,0,0,0,0,3,1,0
7298,472,23,25000,Conservative,2025-07-19,13,Rent,Uber,15261.65,UPI,Desktop,0,0,0,0,0,6,10,0
7299,197,41,25000,Aggressive,2025-07-15,5,Utilities,Amazon,1935.59,Credit Card,Desktop,0,0,0,1,0,7,1,0
7300,326,41,75000,Conservative,2025-12-26,9,Entertainment,BigBasket,740.56,UPI,Mobile,0,0,0,0,0,9,0,0
7301,421,34,100000,Aggressive,2025-06-26,9,Health,Swiggy,2042.12,Debit Card,Mobile,0,0,0,0,0,9,0,0
7302,397,19,75000,Balanced,2025-10-12,10,Fashion,Groww,1138.75,UPI,Desktop,0,0,0,0,0,8,0,0
7303,146,38,25000,Aggressive,2025-11-22,13,Education,Amazon,4834.55,UPI,Mobile,0,0,1,1,0,10,3,0
7304,230,29,25000,Conservative,2025-02-16,4,Education,Groww,3813.78,Debit Card,Mobile,0,0,1,0,0,10,3,0
7305,308,25,50000,Aggressive,2025-03-19,1,Rent,Myntra,15128.97,UPI,Mobile,0,1,0,1,0,5,6,0
7306,465,32,50000,Balanced,2025-04-15,2,Health,Croma,1984.32,Credit Card,Mobile,0,1,0,0,0,8,0,0
7307,435,33,50000,Conservative,2025-11-08,17,Utilities,Zomato,1416.1,Debit Card,Mobile,0,0,0,0,0,5,0,0
7308,339,25,15000,Conservative,2025-06-26,10,Health,Groww,3622.15,BNPL,Desktop,0,0,0,1,0,9,7,0
7309,406,42,35000,Conservative,2025-06-25,15,Education,BigBasket,4423.23,UPI,Tablet,0,0,0,0,0,10,2,0
7310,356,39,35000,Balanced,2025-09-05,20,Rent,BigBasket,11899.32,Credit Card,Mobile,1,0,0,1,0,10,6,0
7311,171,42,35000,Conservative,2025-03-21,7,Fashion,BigBasket,5167.72,Cash,Desktop,0,0,1,0,0,8,2,0
7312,212,32,35000,Balanced,2025-09-29,13,Groceries,PhonePe,121.25,UPI,Mobile,0,0,0,0,0,6,0,0
7313,237,39,25000,Balanced,2025-12-02,3,Fashion,Netflix,4707.48,BNPL,Mobile,1,0,0,1,0,6,8,1
7314,170,39,50000,Aggressive,2025-01-28,13,Utilities,Swiggy,2732.88,UPI,Mobile,0,0,1,0,1,5,1,0
7315,354,36,35000,Balanced,2025-06-26,0,Entertainment,Croma,1009.17,UPI,Mobile,0,1,0,1,0,7,0,0
7316,246,30,35000,Balanced,2025-06-22,19,Fashion,BigBasket,2737.39,UPI,Mobile,0,0,0,0,0,9,1,0
7317,193,30,75000,Aggressive,2025-12-02,9,Education,Swiggy,1269.99,UPI,Mobile,1,0,1,1,0,6,0,0
7318,447,21,35000,Balanced,2025-06-13,16,Fashion,Paytm,3064.42,UPI,Desktop,0,0,0,0,0,4,1,0
7319,165,26,50000,Balanced,2025-09-04,22,Rent,PhonePe,11313.32,Credit Card,Desktop,1,1,0,0,0,6,6,1
7320,315,37,35000,Aggressive,2025-08-31,7,Groceries,Myntra,654.63,UPI,Mobile,0,0,1,1,0,6,0,0
7321,81,31,35000,Balanced,2025-04-06,3,Utilities,Uber,2083.43,Debit Card,Mobile,0,0,0,0,0,10,1,0
7322,27,18,25000,Conservative,2025-12-17,15,Travel,Flipkart,11864.18,Debit Card,Tablet,0,0,1,0,0,10,9,0
7323,364,30,50000,Conservative,2025-02-22,11,Groceries,Zomato,1714.33,UPI,Mobile,0,0,0,1,1,7,0,0
7324,410,35,25000,Conservative,2025-07-11,1,Groceries,PhonePe,1453.62,UPI,Desktop,0,1,1,0,1,2,3,1
7325,258,41,15000,Conservative,2025-10-10,4,Food Delivery,PhonePe,199.71,Credit Card,Mobile,0,0,1,0,0,3,2,1
7326,91,33,25000,Conservative,2025-10-10,9,Education,Uber,5339.41,UPI,Mobile,0,0,0,0,1,6,4,0
7327,487,28,50000,Aggressive,2025-05-05,5,Groceries,Netflix,1547.05,UPI,Mobile,1,0,0,1,1,2,0,0
7328,128,22,15000,Conservative,2025-10-06,1,Health,Zomato,2056.79,Credit Card,Mobile,0,1,0,1,1,1,4,1
7329,61,28,25000,Conservative,2025-02-03,16,Fashion,Zomato,3018.85,UPI,Mobile,1,0,0,1,0,7,2,0
7330,289,24,35000,Aggressive,2025-03-18,14,Electronics,Groww,24087.63,UPI,Mobile,0,0,1,0,0,6,10,1
7331,52,32,25000,Conservative,2025-07-28,19,Groceries,Zomato,566.24,UPI,Mobile,0,0,0,0,1,3,0,0
7332,200,30,15000,Conservative,2025-06-10,23,Electronics,Netflix,25299.31,Debit Card,Mobile,0,1,1,0,0,7,10,1
7333,96,18,15000,Conservative,2025-07-29,12,Groceries,Flipkart,1039.8,UPI,Mobile,0,0,1,1,0,5,1,0
7334,172,36,50000,Balanced,2025-05-28,1,Fashion,Croma,3137.36,Credit Card,Mobile,0,1,1,0,0,5,3,1
7335,194,35,35000,Balanced,2025-01-23,5,Entertainment,Uber,236.3,UPI,Tablet,0,0,1,0,0,1,2,1
7336,165,26,50000,Balanced,2025-11-25,15,Travel,Flipkart,7388.54,UPI,Mobile,0,0,1,0,0,7,2,0
7337,405,34,35000,Balanced,2025-07-23,23,Investment,Groww,937.44,Debit Card,Mobile,0,1,0,0,0,5,0,0
7338,409,34,15000,Conservative,2025-11-19,4,Groceries,Amazon,1573.83,BNPL,Mobile,0,0,0,0,0,7,5,0
7339,214,23,35000,Aggressive,2025-02-16,4,Rent,Myntra,10125.05,UPI,Mobile,0,0,0,0,0,1,5,0
7340,412,32,35000,Conservative,2025-10-26,17,Utilities,Zomato,2116.39,UPI,Desktop,0,0,0,1,0,8,1,0
7341,25,30,15000,Aggressive,2025-04-30,3,Utilities,Groww,238.51,Debit Card,Mobile,0,0,0,1,0,7,0,0
7342,24,32,50000,Conservative,2025-09-20,0,EMI,Groww,7157.27,UPI,Desktop,0,1,0,0,1,4,2,0
7343,84,37,25000,Balanced,2025-11-29,13,Investment,Netflix,8040.83,UPI,Desktop,0,0,1,1,0,7,6,0
7344,169,36,35000,Aggressive,2025-06-25,7,Electronics,Amazon,9725.51,UPI,Mobile,0,0,0,0,0,1,7,1
7345,81,31,35000,Balanced,2025-08-06,11,EMI,Groww,7297.27,UPI,Mobile,0,0,1,1,0,5,4,0
7346,455,21,15000,Conservative,2025-07-31,14,Groceries,Zomato,1131.22,Debit Card,Mobile,0,0,1,1,1,10,1,0
7347,390,43,35000,Aggressive,2025-09-29,16,Investment,Groww,4526.39,Debit Card,Mobile,0,0,0,1,0,6,2,0
7348,371,39,35000,Balanced,2025-07-10,5,Education,Myntra,2451.42,UPI,Mobile,0,0,0,0,0,4,1,0
7349,115,24,15000,Conservative,2025-10-13,9,Travel,Myntra,2583.54,Debit Card,Mobile,0,0,0,0,0,10,3,0
7350,189,43,25000,Conservative,2025-04-07,4,Education,Groww,2662.31,Debit Card,Desktop,0,0,0,1,1,6,2,0
7351,8,29,15000,Balanced,2025-12-07,11,Groceries,Zomato,880.8,Credit Card,Desktop,0,0,1,0,0,10,1,0
7352,183,26,25000,Conservative,2025-09-15,10,Fashion,Groww,1409.94,Cash,Mobile,0,0,0,0,1,7,1,0
7353,228,35,25000,Conservative,2025-12-25,15,Health,Uber,2923.09,Credit Card,Mobile,0,0,0,0,0,1,2,0
7354,24,32,50000,Conservative,2025-10-10,5,Groceries,PhonePe,707.33,UPI,Mobile,0,0,0,1,1,8,0,0
7355,386,33,50000,Conservative,2025-03-12,0,Food Delivery,Amazon,296.67,UPI,Mobile,0,1,0,1,0,10,0,0
7356,377,25,50000,Balanced,2025-01-05,6,EMI,Amazon,6394.97,UPI,Mobile,1,0,1,0,0,9,2,0
7357,216,44,15000,Balanced,2025-01-18,3,Health,Groww,1632.08,UPI,Mobile,0,0,0,0,0,1,2,0
7358,36,43,25000,Conservative,2025-01-23,17,Fashion,Paytm,1957.44,BNPL,Mobile,0,0,1,0,0,10,6,1
7359,387,42,35000,Balanced,2025-08-30,13,Food Delivery,PhonePe,237.54,Credit Card,Mobile,0,0,0,1,0,2,2,1
7360,497,32,25000,Conservative,2025-06-15,21,Entertainment,Netflix,272.14,UPI,Desktop,0,0,0,1,0,8,0,0
7361,191,39,15000,Conservative,2025-06-22,19,Groceries,Uber,2107.47,Debit Card,Mobile,0,0,1,1,0,2,2,0
7362,267,21,25000,Balanced,2025-07-11,15,Investment,PhonePe,5890.24,Credit Card,Mobile,0,0,0,1,0,8,4,0
7363,367,39,50000,Conservative,2025-07-05,12,Travel,Flipkart,3230.44,UPI,Mobile,1,0,0,0,1,3,1,0
7364,294,32,50000,Conservative,2025-05-25,5,Electronics,Myntra,8793.77,Credit Card,Mobile,0,0,1,0,0,1,5,1
7365,193,30,75000,Aggressive,2025-12-04,1,Utilities,Swiggy,1395.91,Credit Card,Mobile,1,1,0,0,0,2,2,1
7366,68,26,50000,Conservative,2025-06-28,5,Investment,Swiggy,4034.8,Debit Card,Mobile,0,0,1,0,0,2,1,0
7367,473,34,50000,Conservative,2025-03-31,3,Investment,Swiggy,5702.52,BNPL,Mobile,0,0,1,0,0,4,7,1
7368,79,25,35000,Conservative,2025-04-05,17,Fashion,Groww,156.26,Credit Card,Mobile,1,0,0,0,0,2,2,1
7369,341,33,25000,Balanced,2025-10-13,20,Rent,Uber,7661.63,BNPL,Mobile,0,0,0,0,0,7,9,0
7370,328,25,35000,Conservative,2025-02-04,5,Electronics,Flipkart,11904.59,Debit Card,Mobile,1,0,1,0,0,5,8,1
7371,53,41,50000,Conservative,2025-01-01,4,Fashion,Zomato,3684.21,UPI,Mobile,1,0,0,0,1,2,1,0
7372,181,28,75000,Conservative,2025-04-18,1,Entertainment,Groww,492.33,UPI,Mobile,0,1,1,0,0,6,2,1
7373,245,43,35000,Conservative,2025-03-09,7,Utilities,Uber,2094.93,UPI,Mobile,0,0,0,1,0,8,1,0
7374,143,20,25000,Balanced,2025-03-15,21,Fashion,Amazon,4375.67,Credit Card,Mobile,0,0,1,0,0,8,5,1
7375,56,34,100000,Conservative,2025-09-07,0,Utilities,Swiggy,2219.65,Debit Card,Mobile,0,1,0,1,0,7,0,0
7376,357,43,35000,Conservative,2025-04-03,21,Entertainment,Groww,956.08,Credit Card,Mobile,1,0,0,1,0,8,0,0
7377,53,41,50000,Conservative,2025-12-06,14,Fashion,Flipkart,2781.82,Debit Card,Mobile,0,0,1,1,1,3,3,1
7378,476,25,50000,Aggressive,2025-08-17,19,Entertainment,Amazon,373.75,Debit Card,Mobile,0,0,0,0,0,8,0,0
7379,495,43,25000,Conservative,2025-05-25,8,EMI,Uber,7031.06,UPI,Desktop,0,0,0,0,0,2,5,0
7380,163,43,35000,Aggressive,2025-02-11,10,Utilities,BigBasket,2386.07,Credit Card,Mobile,0,0,0,0,1,7,1,0
7381,134,36,35000,Aggressive,2025-11-10,14,Utilities,BigBasket,1034.92,UPI,Mobile,0,0,0,0,1,1,0,0
7382,131,18,35000,Balanced,2025-01-12,5,Rent,BigBasket,8689.01,UPI,Desktop,0,0,0,1,0,2,4,0
7383,317,44,35000,Conservative,2025-01-11,8,Education,Croma,3437.07,Debit Card,Desktop,0,0,0,0,0,8,1,0
7384,99,43,75000,Conservative,2025-09-24,1,EMI,Myntra,3683.51,UPI,Mobile,0,1,0,1,1,4,2,1
7385,4,38,35000,Balanced,2025-09-14,0,Health,Uber,1485.77,Credit Card,Mobile,0,1,1,0,0,7,2,1
7386,321,28,35000,Conservative,2025-11-22,13,Utilities,Flipkart,2767.93,Credit Card,Desktop,0,0,0,0,1,4,1,0
7387,4,38,35000,Balanced,2025-07-09,12,Travel,Croma,5749.83,Credit Card,Mobile,0,0,0,0,1,10,3,0
7388,17,25,15000,Aggressive,2025-10-03,1,EMI,Uber,8148.81,UPI,Mobile,1,1,0,0,0,8,10,0
7389,86,29,35000,Balanced,2025-12-03,6,Fashion,BigBasket,2034.61,UPI,Mobile,1,0,0,0,0,6,1,0
7390,168,19,15000,Conservative,2025-07-17,10,Electronics,BigBasket,5696.95,UPI,Mobile,0,0,0,0,0,10,7,0
7391,230,29,25000,Conservative,2025-03-15,1,Education,Netflix,2403.01,Debit Card,Mobile,0,1,0,1,0,7,1,0
7392,137,44,50000,Balanced,2025-07-24,3,Investment,Croma,5827.79,UPI,Desktop,0,0,0,0,0,7,2,0
7393,56,34,100000,Conservative,2025-09-10,4,Rent,Groww,13967.81,UPI,Mobile,0,0,0,0,0,7,2,0
7394,89,44,50000,Balanced,2025-08-28,22,Travel,Swiggy,16659.67,Credit Card,Mobile,0,1,0,1,0,4,8,1
7395,311,18,75000,Balanced,2025-05-31,19,Utilities,Amazon,1876.93,BNPL,Mobile,0,0,0,1,1,8,3,0
7396,267,21,25000,Balanced,2025-11-05,9,Investment,BigBasket,5347.34,UPI,Mobile,1,0,0,0,1,8,4,0
7397,485,38,15000,Conservative,2025-02-16,17,Groceries,Groww,1797.93,Cash,Mobile,0,0,0,0,0,2,2,0
7398,487,28,50000,Aggressive,2025-01-31,7,Health,Uber,1419.6,Credit Card,Mobile,0,0,1,0,0,2,2,1
7399,313,38,25000,Aggressive,2025-04-15,10,Rent,Swiggy,6512.86,UPI,Mobile,0,0,1,1,0,4,7,1
7400,322,38,35000,Aggressive,2025-02-25,7,Entertainment,Myntra,817.03,UPI,Mobile,0,0,0,1,0,7,0,0
7401,385,38,50000,Balanced,2025-01-26,13,Groceries,Croma,1559.71,BNPL,Mobile,0,0,0,1,0,7,3,0
7402,464,34,15000,Aggressive,2025-02-22,20,Investment,Uber,3073.11,UPI,Mobile,0,0,0,0,0,7,4,0
7403,361,43,50000,Conservative,2025-08-31,12,Rent,Croma,16761.76,UPI,Mobile,0,0,0,0,0,8,6,0
7404,311,18,75000,Balanced,2025-10-12,13,EMI,Paytm,1331.28,Credit Card,Tablet,0,0,0,0,0,6,0,0
7405,302,30,15000,Conservative,2025-12-10,22,EMI,Myntra,5621.2,Debit Card,Mobile,0,1,1,0,0,10,9,1
7406,246,30,35000,Balanced,2025-06-09,2,Travel,Myntra,8268.76,BNPL,Desktop,0,1,0,1,0,1,9,1
7407,484,28,100000,Conservative,2025-12-15,22,Food Delivery,Swiggy,488.42,UPI,Mobile,0,1,0,1,0,2,2,1
7408,83,21,25000,Conservative,2025-01-12,5,Fashion,Myntra,3109.88,Credit Card,Mobile,0,0,0,0,0,9,2,0
7409,311,18,75000,Balanced,2025-10-17,5,Fashion,Groww,2428.59,UPI,Mobile,0,0,0,1,0,5,0,0
7410,365,30,50000,Balanced,2025-03-17,6,EMI,PhonePe,4018.16,UPI,Mobile,0,0,0,0,0,8,1,0
7411,77,39,50000,Balanced,2025-06-01,21,Groceries,Netflix,1562.61,UPI,Mobile,1,0,0,0,0,2,0,0
7412,85,20,50000,Balanced,2025-12-04,8,EMI,Flipkart,5495.6,Debit Card,Mobile,1,0,1,0,0,3,2,0
7413,383,42,35000,Conservative,2025-06-28,7,Health,Swiggy,3280.41,Cash,Tablet,0,0,0,0,0,4,1,0
7414,366,43,35000,Conservative,2025-08-25,12,Travel,Swiggy,8653.61,Credit Card,Mobile,0,0,0,0,0,8,4,0
7415,347,28,25000,Conservative,2025-04-18,14,Groceries,Croma,1019.55,UPI,Mobile,0,0,0,1,0,3,0,0
7416,296,32,35000,Balanced,2025-12-29,6,Food Delivery,Myntra,244.63,BNPL,Mobile,0,0,0,0,0,7,3,0
7417,61,28,25000,Conservative,2025-09-05,8,Travel,Paytm,7336.64,UPI,Mobile,1,0,0,0,0,1,5,0
7418,120,22,25000,Conservative,2025-08-25,12,EMI,Swiggy,10290.85,Debit Card,Desktop,0,0,0,1,0,3,8,0
7419,38,27,35000,Conservative,2025-01-05,7,EMI,Paytm,3326.03,UPI,Mobile,1,0,0,0,0,6,1,0
7420,235,18,15000,Balanced,2025-10-14,23,Health,Paytm,1918.42,UPI,Mobile,0,1,0,0,0,4,2,0
7421,285,25,25000,Balanced,2025-08-16,11,EMI,Netflix,4547.13,BNPL,Mobile,0,0,0,1,0,4,8,1
7422,64,33,50000,Conservative,2025-09-15,6,Groceries,BigBasket,1279.54,Credit Card,Mobile,0,0,1,0,0,10,0,0
7423,384,33,75000,Balanced,2025-03-08,20,Utilities,BigBasket,2637.76,UPI,Mobile,0,0,0,1,0,9,0,0
7424,476,25,50000,Aggressive,2025-12-29,4,Groceries,Paytm,1430.54,BNPL,Desktop,0,0,1,0,1,8,3,0
7425,193,30,75000,Aggressive,2025-07-28,2,Rent,Croma,5599.64,Credit Card,Desktop,0,1,0,0,0,10,1,0
7426,403,44,75000,Balanced,2025-08-07,17,Travel,PhonePe,9929.6,UPI,Mobile,0,0,0,0,0,10,2,0
7427,305,22,75000,Balanced,2025-03-24,0,Travel,Netflix,13312.01,Credit Card,Desktop,0,1,1,0,0,5,5,1
7428,324,25,35000,Balanced,2025-04-26,13,Travel,Amazon,5512.8,UPI,Desktop,0,0,0,0,1,2,3,0
7429,145,36,25000,Conservative,2025-01-25,10,Utilities,Zomato,1708.69,Debit Card,Mobile,0,0,0,0,1,6,1,0
7430,60,23,25000,Balanced,2025-01-13,1,Rent,Swiggy,8488.62,BNPL,Mobile,0,1,0,1,0,7,10,1
7431,226,20,35000,Aggressive,2025-02-12,19,Electronics,Flipkart,8836.26,UPI,Tablet,0,0,1,1,0,5,7,1
7432,389,27,35000,Aggressive,2025-01-15,17,EMI,Paytm,5134.93,UPI,Mobile,0,0,1,1,0,7,2,0
7433,246,30,35000,Balanced,2025-10-25,5,Education,Netflix,847.43,Credit Card,Mobile,0,0,0,1,0,1,0,0
7434,389,27,35000,Aggressive,2025-05-25,2,Education,Croma,1133.37,UPI,Mobile,0,1,0,1,0,1,0,0
7435,479,20,25000,Balanced,2025-09-14,13,Electronics,PhonePe,3727.89,UPI,Mobile,0,0,0,0,1,6,2,0
7436,12,42,15000,Balanced,2025-03-19,1,Groceries,BigBasket,151.11,UPI,Tablet,0,1,1,1,0,6,0,0
7437,251,43,35000,Conservative,2025-06-22,19,Food Delivery,Groww,140.1,UPI,Mobile,0,0,1,0,0,6,0,0
7438,308,25,50000,Aggressive,2025-02-19,23,Rent,Netflix,19229.47,UPI,Mobile,0,1,1,0,0,5,9,1
7439,99,43,75000,Conservative,2025-07-06,17,Electronics,BigBasket,11340.62,Debit Card,Tablet,0,0,1,0,0,5,5,1
7440,282,36,35000,Balanced,2025-04-26,22,Electronics,Amazon,7033.61,UPI,Desktop,0,1,0,0,0,5,6,1
7441,317,44,35000,Conservative,2025-09-21,5,Investment,Swiggy,7538.74,Debit Card,Mobile,0,0,0,0,0,7,4,0
7442,357,43,35000,Conservative,2025-02-28,19,Health,Amazon,1829.6,UPI,Mobile,0,0,1,1,1,5,1,0
7443,26,18,15000,Balanced,2025-11-07,17,Investment,Netflix,6016.28,Credit Card,Mobile,0,0,0,1,0,10,8,0
7444,365,30,50000,Balanced,2025-01-16,19,Travel,Croma,4940.12,Credit Card,Mobile,0,0,1,1,0,6,1,0
7445,235,18,15000,Balanced,2025-11-17,18,Utilities,Myntra,1276.09,UPI,Mobile,0,0,0,1,0,6,1,0
7446,289,24,35000,Aggressive,2025-08-20,21,Groceries,Myntra,248.58,Credit Card,Mobile,0,0,0,0,0,2,0,0
7447,406,42,35000,Conservative,2025-03-04,0,Education,Netflix,3260.1,Credit Card,Mobile,1,1,0,0,0,10,1,0
7448,269,40,35000,Conservative,2025-07-03,15,Rent,PhonePe,11317.1,UPI,Mobile,1,0,0,0,0,8,6,0
7449,13,38,35000,Conservative,2025-02-28,3,Utilities,BigBasket,1764.2,Credit Card,Tablet,0,0,0,0,1,1,1,0
7450,231,31,25000,Conservative,2025-08-18,14,EMI,PhonePe,2087.85,UPI,Mobile,0,0,1,0,1,8,1,0
7451,153,42,25000,Conservative,2025-03-07,7,Investment,Uber,4186.22,Credit Card,Mobile,0,0,0,1,0,3,5,1
7452,286,23,75000,Balanced,2025-12-14,6,Travel,Zomato,7027.62,Debit Card,Mobile,0,0,0,0,0,8,1,0
7453,59,19,35000,Balanced,2025-04-04,16,Utilities,PhonePe,1575.89,Cash,Desktop,1,0,1,0,1,9,0,0
7454,46,28,25000,Conservative,2025-08-06,0,Rent,Amazon,7988.87,UPI,Mobile,0,1,0,1,0,1,8,1
7455,60,23,25000,Balanced,2025-01-27,6,Entertainment,Amazon,960.31,UPI,Mobile,0,0,1,0,0,3,2,1
7456,87,39,25000,Aggressive,2025-06-02,3,Fashion,Zomato,2398.1,UPI,Mobile,1,0,0,1,0,3,1,0
7457,146,38,25000,Aggressive,2025-05-22,15,Rent,Groww,3269.68,UPI,Desktop,0,0,0,0,0,1,2,0
7458,178,41,35000,Balanced,2025-06-06,18,EMI,Zomato,6134.56,UPI,Mobile,0,0,0,0,1,3,3,0
7459,171,42,35000,Conservative,2025-08-27,18,Groceries,Myntra,1877.18,UPI,Mobile,0,0,0,1,0,6,1,0
7460,79,25,35000,Conservative,2025-02-04,8,Fashion,Myntra,3453.24,Credit Card,Mobile,1,0,0,1,0,1,3,1
7461,130,43,35000,Balanced,2025-12-10,1,Entertainment,Groww,548.59,Credit Card,Mobile,0,1,1,0,0,5,2,1
7462,67,36,25000,Conservative,2025-12-30,16,EMI,Paytm,5916.68,UPI,Mobile,0,0,0,1,0,9,4,0
7463,310,31,25000,Aggressive,2025-04-29,9,Utilities,Paytm,2067.69,UPI,Mobile,0,0,0,1,0,10,1,0
7464,353,40,50000,Balanced,2025-04-26,16,EMI,Groww,8141.68,BNPL,Desktop,0,0,0,1,0,7,6,0
7465,388,26,75000,Conservative,2025-08-09,13,Rent,Amazon,9555.09,UPI,Mobile,0,0,0,1,0,7,2,0
7466,397,19,75000,Balanced,2025-08-21,20,Education,Myntra,3328.93,UPI,Desktop,0,0,1,0,0,7,0,0
7467,146,38,25000,Aggressive,2025-10-24,8,Utilities,BigBasket,1778.47,UPI,Mobile,0,0,1,0,0,2,1,0
7468,133,19,25000,Conservative,2025-10-07,15,Education,Groww,2615.73,Credit Card,Tablet,0,0,0,0,0,7,2,0
7469,472,23,25000,Conservative,2025-06-26,2,EMI,Swiggy,9676.28,UPI,Desktop,0,1,1,0,0,3,9,1
7470,315,37,35000,Aggressive,2025-05-17,22,Fashion,Swiggy,2627.23,Debit Card,Mobile,0,1,0,0,0,9,1,0
7471,272,32,35000,Balanced,2025-01-27,10,Education,Netflix,1945.06,UPI,Mobile,0,0,1,1,0,8,1,0
7472,257,36,15000,Balanced,2025-05-10,19,Entertainment,Myntra,975.11,BNPL,Desktop,0,0,0,1,1,3,6,1
7473,55,24,35000,Conservative,2025-05-13,13,Fashion,PhonePe,2818.55,UPI,Mobile,0,0,1,1,0,10,1,0
7474,89,44,50000,Balanced,2025-01-28,7,Investment,Flipkart,4210.93,Credit Card,Mobile,0,0,0,1,0,8,1,0
7475,118,27,25000,Balanced,2025-09-15,1,Groceries,Paytm,1487.3,UPI,Mobile,0,1,1,0,0,10,1,0
7476,118,27,25000,Balanced,2025-05-19,13,Entertainment,Swiggy,1043.09,Debit Card,Desktop,0,0,1,0,0,6,0,0
7477,88,30,35000,Aggressive,2025-02-21,19,EMI,BigBasket,8078.55,UPI,Mobile,0,0,0,1,0,2,4,0
7478,115,24,15000,Conservative,2025-08-17,17,Fashion,PhonePe,2202.67,UPI,Mobile,0,0,1,0,1,3,4,1
7479,177,42,25000,Conservative,2025-10-22,0,Investment,Netflix,4430.53,Credit Card,Mobile,0,1,0,1,0,1,5,1
7480,372,39,15000,Balanced,2025-10-25,3,Entertainment,BigBasket,566.39,UPI,Mobile,0,0,0,1,1,2,2,1
7481,61,28,25000,Conservative,2025-08-24,12,Electronics,Myntra,9459.64,BNPL,Mobile,0,0,0,0,0,9,10,1
7482,265,32,50000,Balanced,2025-04-23,20,Travel,Amazon,9045.65,Debit Card,Mobile,0,0,1,0,0,7,3,0
7483,279,44,35000,Aggressive,2025-01-04,14,Education,Myntra,4339.79,UPI,Mobile,1,0,0,0,0,3,2,0
7484,479,20,25000,Balanced,2025-05-25,10,EMI,Flipkart,8065.94,UPI,Tablet,0,0,0,0,1,8,6,0
7485,109,19,15000,Balanced,2025-04-30,17,Electronics,Flipkart,13608.69,UPI,Mobile,0,0,0,1,0,7,10,0
7486,278,20,25000,Aggressive,2025-03-01,5,Utilities,Netflix,668.76,UPI,Mobile,1,0,1,1,0,9,0,0
7487,185,33,50000,Aggressive,2025-02-20,5,Education,Myntra,2585.07,UPI,Desktop,0,0,1,1,1,7,1,0
7488,101,19,25000,Conservative,2025-10-10,19,Fashion,Myntra,2988.62,UPI,Desktop,0,0,0,0,1,8,2,0
7489,158,37,35000,Balanced,2025-03-11,0,Rent,Uber,15661.23,Credit Card,Tablet,0,1,0,0,1,2,10,1
7490,193,30,75000,Aggressive,2025-06-18,23,Entertainment,Uber,196.71,Cash,Mobile,0,1,1,0,0,1,2,1
7491,429,26,25000,Conservative,2025-05-17,9,Education,Paytm,2417.88,Cash,Mobile,0,0,0,0,0,8,1,0
7492,307,26,35000,Balanced,2025-03-16,4,Electronics,BigBasket,11175.06,UPI,Mobile,0,0,1,0,0,10,8,1
7493,283,32,35000,Conservative,2025-12-11,7,Electronics,PhonePe,13906.87,Credit Card,Desktop,0,0,1,1,0,1,9,1
7494,369,28,25000,Conservative,2025-06-22,15,EMI,Swiggy,3922.01,Credit Card,Mobile,0,0,0,0,1,7,3,0
7495,20,35,50000,Aggressive,2025-05-19,17,Fashion,Flipkart,3071.96,Debit Card,Mobile,0,0,1,0,0,8,1,0
7496,276,18,50000,Balanced,2025-02-23,4,Utilities,Croma,1624.66,UPI,Desktop,0,0,0,1,0,10,0,0
7497,16,32,50000,Balanced,2025-04-28,21,Fashion,BigBasket,2366.96,UPI,Desktop,0,0,1,1,0,1,2,1
7498,277,25,50000,Balanced,2025-11-06,11,Fashion,Swiggy,3244.27,UPI,Mobile,0,0,0,1,0,5,1,0
7499,382,44,100000,Balanced,2025-02-26,22,Health,Amazon,2971.0,Cash,Mobile,0,1,0,1,0,3,0,0
7500,93,31,75000,Conservative,2025-06-11,18,Investment,Paytm,2732.16,UPI,Mobile,0,0,0,0,0,7,0,0
7501,451,41,50000,Conservative,2025-12-06,14,Groceries,Swiggy,1364.41,UPI,Mobile,0,0,0,0,1,5,0,0
7502,156,21,15000,Aggressive,2025-07-06,0,Education,Zomato,2624.37,Cash,Mobile,0,1,1,0,1,8,5,1
7503,87,39,25000,Aggressive,2025-09-28,4,Rent,Paytm,4180.59,UPI,Mobile,0,0,0,1,0,9,3,0
7504,50,25,35000,Balanced,2025-02-24,0,Health,BigBasket,2672.1,UPI,Mobile,0,1,0,0,0,10,1,0
7505,286,23,75000,Balanced,2025-07-05,7,Health,Amazon,588.97,Credit Card,Mobile,1,0,0,1,0,8,0,0
7506,151,41,75000,Balanced,2025-05-15,0,Travel,Netflix,9379.74,Credit Card,Tablet,0,1,0,0,0,9,2,0
7507,88,30,35000,Aggressive,2025-11-20,17,Investment,Croma,6486.09,UPI,Mobile,0,0,0,0,0,7,3,0
7508,453,19,25000,Balanced,2025-06-06,8,Travel,Swiggy,13313.52,Credit Card,Mobile,0,0,0,0,0,3,10,1
7509,347,28,25000,Conservative,2025-05-10,17,Investment,Myntra,3337.04,UPI,Mobile,0,0,1,0,0,1,2,0
7510,224,28,15000,Balanced,2025-03-19,7,Groceries,Myntra,2525.63,UPI,Mobile,0,0,0,1,1,4,5,1
7511,224,28,15000,Balanced,2025-11-16,6,Groceries,Paytm,999.99,Credit Card,Mobile,0,0,0,0,0,6,1,0
7512,393,40,50000,Balanced,2025-08-10,5,EMI,BigBasket,7536.98,UPI,Mobile,0,0,0,1,1,6,3,0
7513,477,37,15000,Balanced,2025-11-27,1,EMI,Netflix,4420.45,Credit Card,Mobile,0,1,0,0,1,5,7,1
7514,208,25,15000,Balanced,2025-03-03,1,Food Delivery,Netflix,507.68,BNPL,Mobile,1,1,1,0,1,6,5,1
7515,460,20,35000,Conservative,2025-07-20,8,Electronics,Paytm,16286.72,BNPL,Mobile,0,0,0,0,1,3,10,1
7516,388,26,75000,Conservative,2025-08-18,4,Travel,BigBasket,11686.31,Debit Card,Tablet,0,0,0,1,0,1,3,0
7517,271,22,15000,Conservative,2025-08-31,3,Education,Amazon,2605.1,UPI,Mobile,0,0,0,1,0,6,3,0
7518,270,25,50000,Conservative,2025-01-25,5,Utilities,Swiggy,1908.74,Credit Card,Mobile,0,0,0,0,0,1,0,0
7519,437,36,50000,Conservative,2025-09-17,16,Electronics,Croma,14177.6,UPI,Mobile,0,0,0,0,0,4,7,1
7520,79,25,35000,Conservative,2025-01-19,9,Electronics,Croma,18612.1,UPI,Mobile,0,0,0,1,0,9,10,0
7521,252,44,100000,Balanced,2025-11-30,15,Education,Swiggy,1041.65,Cash,Mobile,0,0,0,0,0,4,0,0
7522,388,26,75000,Conservative,2025-09-14,14,Investment,Amazon,9957.04,Credit Card,Mobile,0,0,1,0,1,9,2,0
7523,452,36,50000,Balanced,2025-07-01,7,Rent,Swiggy,11128.68,UPI,Mobile,1,0,1,0,0,4,6,1
7524,349,22,35000,Balanced,2025-08-01,22,Health,BigBasket,1759.62,Credit Card,Mobile,1,1,0,0,0,4,3,1
7525,140,18,100000,Aggressive,2025-08-13,4,Groceries,Croma,1564.4,UPI,Mobile,0,0,1,0,0,5,0,0
7526,307,26,35000,Balanced,2025-01-22,11,Food Delivery,Myntra,592.45,Debit Card,Mobile,0,0,1,0,0,8,0,0
7527,402,19,15000,Aggressive,2025-02-19,8,Investment,PhonePe,5914.79,UPI,Mobile,0,0,0,0,1,8,7,0
7528,136,33,35000,Conservative,2025-04-03,21,Electronics,Netflix,11073.09,UPI,Desktop,1,0,0,0,0,2,8,1
7529,182,36,100000,Balanced,2025-02-15,3,Groceries,Paytm,977.54,Debit Card,Mobile,0,0,0,0,0,8,0,0
7530,24,32,50000,Conservative,2025-12-16,2,Electronics,Croma,14498.81,UPI,Mobile,0,1,0,0,1,9,7,1
7531,139,36,50000,Balanced,2025-09-01,19,Food Delivery,Myntra,214.37,Debit Card,Desktop,1,0,0,0,0,6,0,0
7532,46,28,25000,Conservative,2025-04-18,10,Electronics,Croma,6796.29,UPI,Mobile,0,0,0,1,0,3,7,1
7533,163,43,35000,Aggressive,2025-03-17,17,Education,Flipkart,3406.18,Debit Card,Mobile,0,0,0,1,0,6,1,0
7534,476,25,50000,Aggressive,2025-01-17,6,Rent,Swiggy,8990.33,UPI,Mobile,0,0,1,0,0,10,3,0
7535,124,38,35000,Balanced,2025-12-22,0,Groceries,PhonePe,2014.08,UPI,Desktop,0,1,0,0,0,2,1,0
7536,387,42,35000,Balanced,2025-11-19,19,Groceries,Croma,1230.89,UPI,Mobile,0,0,1,0,0,4,0,0
7537,476,25,50000,Aggressive,2025-01-17,15,Investment,Zomato,100.0,UPI,Mobile,0,0,0,0,0,7,0,0
7538,115,24,15000,Conservative,2025-03-01,9,Fashion,PhonePe,2596.98,Credit Card,Desktop,1,0,1,0,1,7,5,1
7539,158,37,35000,Balanced,2025-10-14,22,Electronics,Myntra,2482.67,UPI,Mobile,0,1,0,0,1,5,1,0
7540,88,30,35000,Aggressive,2025-01-09,22,Fashion,PhonePe,4046.61,UPI,Desktop,0,1,0,0,0,1,4,1
7541,212,32,35000,Balanced,2025-08-11,3,Electronics,Paytm,13375.35,UPI,Mobile,0,0,0,0,0,2,9,1
7542,110,39,25000,Conservative,2025-02-11,8,Groceries,Swiggy,1858.87,Credit Card,Mobile,0,0,0,0,0,8,1,0
7543,121,26,50000,Conservative,2025-12-04,5,Utilities,PhonePe,679.06,UPI,Mobile,1,0,0,1,0,9,0,0
7544,48,42,35000,Conservative,2025-09-29,16,Food Delivery,Groww,720.36,Cash,Mobile,0,0,1,0,0,6,0,0
7545,145,36,25000,Conservative,2025-09-12,5,Groceries,Uber,1704.0,UPI,Mobile,0,0,0,0,0,5,1,0
7546,324,25,35000,Balanced,2025-11-09,9,EMI,Groww,7304.08,UPI,Mobile,0,0,1,0,0,2,6,1
7547,134,36,35000,Aggressive,2025-10-05,16,Entertainment,PhonePe,1098.32,UPI,Mobile,1,0,0,0,1,9,0,0
7548,51,18,15000,Conservative,2025-10-09,22,Education,Uber,4618.99,Debit Card,Mobile,0,1,1,0,0,9,8,1
7549,258,41,15000,Conservative,2025-11-13,5,Electronics,Groww,15595.72,UPI,Mobile,0,0,1,0,0,6,10,1
7550,62,23,25000,Balanced,2025-07-05,1,Health,Paytm,1239.54,Credit Card,Mobile,1,1,0,0,0,6,0,0
7551,224,28,15000,Balanced,2025-11-11,19,Travel,Croma,3428.76,Credit Card,Mobile,0,0,0,1,0,3,6,1
7552,256,41,75000,Conservative,2025-04-16,20,Electronics,Zomato,12563.7,UPI,Mobile,0,0,0,0,1,8,3,0
7553,4,38,35000,Balanced,2025-05-23,23,Groceries,Zomato,1142.85,Credit Card,Tablet,0,1,0,1,1,4,2,1
7554,387,42,35000,Balanced,2025-02-27,16,Health,Zomato,2319.76,Debit Card,Mobile,0,0,0,0,1,10,1,0
7555,380,29,100000,Conservative,2025-04-07,17,Entertainment,Croma,1270.49,UPI,Desktop,0,0,1,1,0,2,2,1
7556,156,21,15000,Aggressive,2025-10-10,21,Food Delivery,BigBasket,389.56,Credit Card,Mobile,0,0,0,0,0,2,2,1
7557,220,34,25000,Balanced,2025-07-03,14,Electronics,Paytm,13257.35,UPI,Mobile,1,0,1,1,0,10,10,1
7558,491,39,35000,Balanced,2025-04-20,14,Entertainment,PhonePe,988.58,Credit Card,Desktop,0,0,0,1,0,1,2,1
7559,325,30,25000,Balanced,2025-07-29,9,Entertainment,PhonePe,706.18,Cash,Mobile,0,0,0,0,0,8,0,0
7560,141,29,25000,Conservative,2025-03-01,3,Electronics,Zomato,7234.97,Debit Card,Desktop,1,0,0,0,1,1,7,1
7561,274,35,15000,Balanced,2025-09-19,5,Food Delivery,Swiggy,100.0,UPI,Mobile,0,0,0,0,0,10,0,0
7562,307,26,35000,Balanced,2025-07-09,11,Health,Paytm,440.1,Cash,Mobile,0,0,0,0,0,3,0,0
7563,113,28,15000,Balanced,2025-09-29,21,Fashion,Amazon,1350.2,UPI,Mobile,0,0,0,0,0,8,1,0
7564,217,42,35000,Balanced,2025-07-11,1,Entertainment,Groww,852.53,UPI,Mobile,0,1,0,1,0,7,0,0
7565,410,35,25000,Conservative,2025-09-20,9,Fashion,Netflix,656.15,UPI,Mobile,0,0,0,0,0,5,0,0
7566,305,22,75000,Balanced,2025-07-16,3,Rent,Netflix,9225.51,UPI,Mobile,0,0,0,1,0,2,2,0
7567,294,32,50000,Conservative,2025-01-07,11,Fashion,Myntra,1554.83,UPI,Mobile,0,0,1,0,0,4,2,1
7568,57,19,35000,Conservative,2025-01-28,5,Groceries,Swiggy,602.06,Debit Card,Mobile,0,0,1,0,1,1,0,0
7569,292,19,50000,Aggressive,2025-11-23,21,Travel,Croma,9630.37,Credit Card,Mobile,0,0,0,1,0,1,5,1
7570,158,37,35000,Balanced,2025-05-14,14,Travel,Swiggy,9453.32,Cash,Mobile,0,0,0,1,0,2,5,0
7571,366,43,35000,Conservative,2025-03-10,0,Entertainment,Amazon,513.65,UPI,Desktop,0,1,1,0,1,10,2,1
7572,42,30,15000,Conservative,2025-02-23,1,Rent,Myntra,3877.26,UPI,Mobile,0,1,0,1,0,2,7,1
7573,343,35,15000,Conservative,2025-10-19,20,Electronics,Croma,9550.57,Debit Card,Desktop,0,0,1,0,0,10,10,1
7574,327,34,15000,Balanced,2025-12-27,17,Health,Uber,2840.61,UPI,Desktop,0,0,1,1,0,3,5,1
7575,113,28,15000,Balanced,2025-09-23,15,Electronics,Paytm,13056.04,Credit Card,Tablet,0,0,0,0,1,1,10,1
7576,232,43,50000,Balanced,2025-12-15,3,Fashion,Flipkart,3197.06,Credit Card,Desktop,0,0,0,0,0,3,3,1
7577,248,21,35000,Balanced,2025-10-07,15,Investment,Uber,5182.93,UPI,Desktop,0,0,0,0,0,2,2,0
7578,112,37,15000,Conservative,2025-09-15,0,Groceries,Netflix,1755.7,Credit Card,Mobile,0,1,0,1,0,10,2,0
7579,43,39,75000,Balanced,2025-01-17,13,Electronics,Flipkart,11892.13,UPI,Mobile,0,0,1,0,0,4,5,1
7580,172,36,50000,Balanced,2025-02-02,20,Health,Swiggy,1463.76,Debit Card,Desktop,1,0,1,1,0,4,0,0
7581,448,29,15000,Conservative,2025-02-25,13,EMI,Paytm,5541.81,UPI,Desktop,0,0,1,0,1,7,7,0
7582,457,39,25000,Balanced,2025-10-24,0,Rent,Paytm,17238.83,UPI,Desktop,0,1,0,0,0,6,10,0
7583,190,22,100000,Aggressive,2025-02-05,5,Investment,Swiggy,5482.66,BNPL,Desktop,1,0,0,1,0,8,4,0
7584,328,25,35000,Conservative,2025-05-04,19,Rent,Paytm,12306.03,Credit Card,Mobile,1,0,1,1,0,5,9,1
7585,418,25,75000,Balanced,2025-10-20,14,Rent,Paytm,5475.95,UPI,Mobile,0,0,0,0,1,7,1,0
7586,32,33,25000,Balanced,2025-09-19,15,EMI,Myntra,8407.03,UPI,Mobile,0,0,0,0,1,4,6,0
7587,429,26,25000,Conservative,2025-04-21,9,Groceries,Zomato,1018.67,UPI,Mobile,0,0,1,0,1,8,0,0
7588,227,43,25000,Aggressive,2025-12-02,14,Electronics,Swiggy,6539.42,UPI,Mobile,1,0,0,0,0,8,5,0
7589,8,29,15000,Balanced,2025-05-23,1,Groceries,Groww,1088.1,Credit Card,Mobile,0,1,0,0,0,7,1,0
7590,344,40,50000,Conservative,2025-06-06,0,Entertainment,Croma,1112.49,Debit Card,Mobile,0,1,1,0,0,2,2,1
7591,232,43,50000,Balanced,2025-06-14,13,Education,Zomato,814.9,Credit Card,Mobile,0,0,0,0,0,10,0,0
7592,13,38,35000,Conservative,2025-04-23,6,Groceries,Swiggy,981.15,Debit Card,Mobile,0,0,0,1,1,4,0,0
7593,345,36,35000,Balanced,2025-02-28,9,Fashion,BigBasket,2912.5,UPI,Mobile,0,0,0,0,1,3,1,0
7594,222,28,35000,Conservative,2025-09-22,10,Health,Paytm,1105.13,UPI,Mobile,0,0,1,0,0,1,0,0
7595,268,23,25000,Conservative,2025-02-13,12,Travel,Amazon,8579.93,Credit Card,Desktop,0,0,0,0,1,8,6,0
7596,335,24,50000,Conservative,2025-06-15,1,Travel,Netflix,8212.92,BNPL,Mobile,0,1,0,0,0,4,8,1
7597,149,41,50000,Aggressive,2025-04-18,9,Utilities,Swiggy,1725.52,Debit Card,Mobile,0,0,0,0,0,4,0,0
7598,187,29,15000,Conservative,2025-05-05,5,Education,Flipkart,4323.58,Credit Card,Mobile,1,0,0,0,0,8,5,0
7599,282,36,35000,Balanced,2025-12-12,23,Entertainment,Netflix,592.91,Debit Card,Mobile,0,1,1,1,0,2,2,1
7600,190,22,100000,Aggressive,2025-08-25,18,Fashion,Flipkart,2325.99,Debit Card,Tablet,0,0,0,0,0,8,0,0
7601,71,27,25000,Balanced,2025-11-17,6,Fashion,Zomato,100.0,UPI,Mobile,0,0,0,0,1,8,0,0
7602,239,31,15000,Conservative,2025-09-05,6,EMI,PhonePe,7622.06,Cash,Mobile,1,0,1,0,0,6,10,0
7603,319,42,35000,Balanced,2025-11-12,4,Food Delivery,Groww,672.37,Cash,Desktop,0,0,1,0,0,8,0,0
7604,14,42,100000,Aggressive,2025-04-25,19,Health,BigBasket,2152.87,UPI,Desktop,0,0,0,1,0,9,0,0
7605,42,30,15000,Conservative,2025-04-11,21,Investment,Paytm,5372.24,Debit Card,Mobile,0,0,0,1,0,9,7,0
7606,53,41,50000,Conservative,2025-04-13,4,Rent,PhonePe,10053.52,BNPL,Mobile,0,0,0,0,0,4,9,1
7607,230,29,25000,Conservative,2025-12-05,1,Food Delivery,Croma,420.79,Credit Card,Mobile,1,1,0,1,1,3,2,1
7608,254,23,25000,Conservative,2025-06-03,16,Groceries,Netflix,1618.53,BNPL,Mobile,1,0,0,1,0,1,4,0
7609,1,24,50000,Conservative,2025-10-02,8,Travel,Croma,9299.72,UPI,Mobile,1,0,1,0,0,7,3,0
7610,119,36,35000,Conservative,2025-02-09,14,Groceries,Flipkart,1959.29,Credit Card,Mobile,0,0,0,0,1,2,1,0
7611,237,39,25000,Balanced,2025-11-20,18,Electronics,Croma,14531.25,UPI,Mobile,0,0,1,0,1,3,10,1
7612,193,30,75000,Aggressive,2025-06-16,22,Fashion,Croma,2088.93,Debit Card,Mobile,0,1,1,0,0,7,2,1
7613,480,31,35000,Balanced,2025-03-11,5,Utilities,Zomato,100.0,UPI,Tablet,0,0,1,0,0,8,0,0
7614,234,33,15000,Conservative,2025-03-30,21,Rent,Flipkart,11335.02,Credit Card,Desktop,0,0,0,0,1,2,10,1
7615,131,18,35000,Balanced,2025-08-05,13,Rent,Croma,3057.27,UPI,Mobile,1,0,0,0,1,7,1,0
7616,208,25,15000,Balanced,2025-07-02,18,Investment,Paytm,1996.67,UPI,Desktop,1,0,0,1,0,2,2,0
7617,486,31,100000,Balanced,2025-05-20,13,Rent,Croma,2126.5,UPI,Mobile,0,0,0,1,1,5,0,0
7618,437,36,50000,Conservative,2025-03-29,13,EMI,Zomato,4293.16,UPI,Mobile,0,0,0,1,0,1,1,0
7619,227,43,25000,Aggressive,2025-11-02,7,Entertainment,PhonePe,717.79,UPI,Mobile,1,0,0,0,1,9,0,0
7620,473,34,50000,Conservative,2025-01-04,4,Health,BigBasket,1999.13,Credit Card,Mobile,1,0,0,1,1,7,0,0
7621,386,33,50000,Conservative,2025-04-21,11,Education,PhonePe,2204.05,UPI,Mobile,0,0,0,0,1,8,0,0
7622,156,21,15000,Aggressive,2025-05-29,4,Groceries,Netflix,1941.13,Debit Card,Mobile,0,0,0,0,1,8,2,0
7623,1,24,50000,Conservative,2025-03-08,11,Electronics,Flipkart,13596.99,UPI,Mobile,0,0,1,1,1,8,7,1
7624,59,19,35000,Balanced,2025-05-22,18,Fashion,PhonePe,2742.6,UPI,Desktop,0,0,0,0,1,9,1,0
7625,434,33,35000,Conservative,2025-08-17,2,Electronics,Myntra,7745.29,Credit Card,Mobile,0,1,0,0,0,6,6,1
7626,24,32,50000,Conservative,2025-11-06,1,Groceries,Myntra,691.7,UPI,Mobile,0,1,0,0,0,8,0,0
7627,203,20,35000,Balanced,2025-07-27,17,EMI,Paytm,6090.24,UPI,Mobile,0,0,0,0,0,3,3,0
7628,31,26,35000,Conservative,2025-08-26,4,Electronics,Flipkart,3953.42,Debit Card,Desktop,0,0,0,0,1,8,2,0
7629,164,28,50000,Aggressive,2025-09-24,18,Food Delivery,Uber,245.41,Debit Card,Mobile,0,0,0,0,0,8,0,0
7630,14,42,100000,Aggressive,2025-06-07,19,Electronics,Paytm,12013.4,UPI,Mobile,0,0,0,0,0,10,2,0
7631,391,31,15000,Balanced,2025-06-24,16,Education,Groww,4634.34,UPI,Mobile,0,0,0,1,0,6,6,0
7632,32,33,25000,Balanced,2025-01-30,16,Health,Zomato,2490.27,BNPL,Tablet,0,0,0,0,0,4,4,0
7633,301,43,75000,Conservative,2025-07-18,21,Investment,Myntra,5909.69,BNPL,Desktop,0,0,1,1,0,2,6,1
7634,149,41,50000,Aggressive,2025-01-04,7,Rent,Uber,9538.29,UPI,Mobile,1,0,0,1,1,2,5,1
7635,118,27,25000,Balanced,2025-03-21,3,Fashion,Myntra,2224.46,Debit Card,Mobile,0,0,1,1,0,1,3,1
7636,457,39,25000,Balanced,2025-01-30,17,Electronics,Netflix,8595.34,UPI,Mobile,0,0,0,0,0,10,6,0
7637,149,41,50000,Aggressive,2025-10-13,11,Education,Swiggy,2572.83,UPI,Mobile,0,0,1,0,0,6,1,0
7638,455,21,15000,Conservative,2025-03-03,15,Electronics,Croma,10873.69,BNPL,Mobile,1,0,0,0,1,3,10,1
7639,43,39,75000,Balanced,2025-04-11,12,Food Delivery,Netflix,394.36,UPI,Desktop,0,0,0,1,0,7,0,0
7640,5,39,15000,Balanced,2025-07-08,23,Groceries,Myntra,986.92,Debit Card,Desktop,0,1,1,0,0,3,3,1
7641,203,20,35000,Balanced,2025-03-24,12,Health,Myntra,3597.17,BNPL,Desktop,0,0,1,1,0,3,7,1
7642,167,27,25000,Aggressive,2025-07-24,20,Utilities,Groww,1042.7,Credit Card,Mobile,0,0,0,0,0,2,0,0
7643,200,30,15000,Conservative,2025-08-27,1,Health,Groww,2013.1,Credit Card,Desktop,0,1,0,0,0,3,4,1
7644,209,39,50000,Balanced,2025-05-21,19,Entertainment,Uber,799.75,Credit Card,Desktop,0,0,0,0,0,6,0,0
7645,270,25,50000,Conservative,2025-06-11,0,Food Delivery,Netflix,425.53,BNPL,Mobile,0,1,0,1,1,7,5,1
7646,203,20,35000,Balanced,2025-07-09,9,Electronics,Netflix,12023.75,UPI,Mobile,0,0,1,0,0,4,8,1
7647,261,42,50000,Balanced,2025-06-09,12,EMI,Flipkart,11926.24,UPI,Desktop,0,0,0,0,1,8,4,0
7648,155,39,25000,Conservative,2025-06-03,19,Rent,Croma,10759.26,UPI,Mobile,1,0,0,1,0,10,8,0
7649,137,44,50000,Balanced,2025-10-14,21,Travel,Zomato,9039.65,UPI,Desktop,0,0,0,1,1,7,3,0
7650,291,40,15000,Conservative,2025-01-26,7,EMI,Paytm,7264.68,UPI,Mobile,0,0,1,1,0,1,10,1
7651,244,24,25000,Conservative,2025-12-04,0,Investment,Amazon,3927.77,Cash,Mobile,1,1,1,1,0,8,5,1
7652,403,44,75000,Balanced,2025-04-03,8,Rent,Paytm,14297.43,UPI,Mobile,1,0,0,0,0,4,3,0
7653,142,31,15000,Conservative,2025-05-12,17,Electronics,Flipkart,7396.57,Credit Card,Mobile,0,0,0,0,0,1,10,1
7654,177,42,25000,Conservative,2025-03-17,12,Travel,Netflix,7578.12,Credit Card,Desktop,0,0,0,0,1,1,8,1
7655,199,42,100000,Aggressive,2025-07-05,4,Health,Netflix,2386.78,UPI,Mobile,1,0,0,0,0,8,0,0
7656,72,43,100000,Balanced,2025-05-21,18,Rent,Groww,10486.01,BNPL,Mobile,0,0,0,1,0,2,5,0
7657,142,31,15000,Conservative,2025-07-30,23,Fashion,Swiggy,3622.76,UPI,Mobile,0,1,1,0,0,6,6,1
7658,342,38,35000,Conservative,2025-03-19,14,Travel,Netflix,13566.2,Credit Card,Mobile,0,0,0,0,0,7,7,0
7659,294,32,50000,Conservative,2025-08-23,15,Fashion,Zomato,2544.93,Credit Card,Mobile,0,0,0,0,1,5,1,0
7660,198,32,25000,Balanced,2025-05-04,16,Food Delivery,Flipkart,397.11,UPI,Mobile,1,0,0,1,1,5,0,0
7661,360,19,35000,Balanced,2025-07-04,15,Fashion,Groww,1150.25,BNPL,Mobile,1,0,0,0,0,5,3,0
7662,26,18,15000,Balanced,2025-03-30,10,Entertainment,Netflix,942.35,UPI,Mobile,0,0,0,1,0,4,1,0
7663,194,35,35000,Balanced,2025-04-29,9,Investment,Uber,6411.12,Debit Card,Desktop,0,0,1,0,1,1,5,1
7664,79,25,35000,Conservative,2025-03-08,3,Electronics,Zomato,14478.15,Credit Card,Desktop,0,0,0,0,0,7,10,1
7665,164,28,50000,Aggressive,2025-07-09,1,Electronics,Myntra,17048.01,UPI,Mobile,0,1,1,1,1,9,8,1
7666,321,28,35000,Conservative,2025-04-16,1,Entertainment,PhonePe,988.7,Debit Card,Mobile,0,1,0,0,0,2,2,1
7667,273,34,75000,Balanced,2025-03-09,19,Utilities,BigBasket,1949.36,UPI,Mobile,0,0,0,0,0,2,0,0
7668,431,27,50000,Balanced,2025-04-10,4,Education,Swiggy,4147.11,UPI,Mobile,0,0,0,1,1,8,1,0
7669,76,33,50000,Aggressive,2025-07-19,4,Investment,Uber,2972.69,Debit Card,Mobile,0,0,0,1,1,3,1,0
7670,328,25,35000,Conservative,2025-05-13,21,Entertainment,Paytm,606.74,UPI,Mobile,0,0,0,1,0,10,0,0
7671,214,23,35000,Aggressive,2025-05-27,23,Utilities,BigBasket,2047.89,Credit Card,Mobile,0,1,0,0,1,8,1,0
7672,48,42,35000,Conservative,2025-06-07,2,Utilities,Swiggy,1643.25,Credit Card,Mobile,0,1,0,0,0,10,0,0
7673,256,41,75000,Conservative,2025-09-08,9,Fashion,Groww,1380.96,UPI,Mobile,0,0,0,0,1,3,0,0
7674,491,39,35000,Balanced,2025-06-26,23,Rent,Paytm,7771.01,UPI,Desktop,0,1,0,0,1,6,4,0
7675,74,29,35000,Aggressive,2025-12-04,17,Utilities,Paytm,1820.59,BNPL,Mobile,1,0,0,0,0,6,4,0
7676,135,22,50000,Balanced,2025-06-24,10,Education,Zomato,2131.19,Credit Card,Mobile,0,0,0,0,1,4,0,0
7677,100,35,35000,Aggressive,2025-01-26,8,Rent,Flipkart,11778.13,UPI,Mobile,0,0,0,1,0,9,6,0
7678,479,20,25000,Balanced,2025-06-26,22,Investment,Myntra,2054.79,BNPL,Mobile,0,1,0,1,0,4,6,1
7679,34,44,35000,Conservative,2025-01-01,13,Rent,Groww,14615.11,Credit Card,Tablet,1,0,0,0,0,1,10,1
7680,275,26,25000,Conservative,2025-07-26,3,Travel,Zomato,7537.02,BNPL,Mobile,0,0,1,1,1,8,10,1
7681,182,36,100000,Balanced,2025-10-07,2,Electronics,Zomato,20990.83,Credit Card,Mobile,0,1,0,0,0,1,6,1
7682,135,22,50000,Balanced,2025-06-24,13,Investment,Paytm,8198.87,UPI,Mobile,0,0,0,0,0,3,3,0
7683,217,42,35000,Balanced,2025-04-03,16,Utilities,Paytm,2287.56,UPI,Tablet,1,0,1,0,0,10,1,0
7684,380,29,100000,Conservative,2025-04-20,21,Rent,Zomato,11519.69,BNPL,Mobile,0,0,0,1,0,1,5,0
7685,323,26,15000,Balanced,2025-12-07,13,Rent,Amazon,12168.38,Debit Card,Desktop,0,0,0,0,0,9,10,0
7686,308,25,50000,Aggressive,2025-08-24,7,Fashion,PhonePe,4240.32,UPI,Mobile,0,0,0,0,1,1,1,0
7687,418,25,75000,Balanced,2025-04-10,7,Utilities,Amazon,2018.78,Credit Card,Mobile,0,0,1,0,0,9,0,0
7688,353,40,50000,Balanced,2025-09-24,9,Rent,Croma,10245.51,Cash,Mobile,0,0,0,0,0,9,4,0
7689,49,30,75000,Conservative,2025-07-03,18,Fashion,Uber,1948.42,BNPL,Mobile,1,0,0,1,0,10,3,0
7690,345,36,35000,Balanced,2025-10-16,2,Electronics,Uber,7095.54,UPI,Desktop,0,1,1,1,0,6,6,1
7691,487,28,50000,Aggressive,2025-03-31,19,Groceries,Netflix,1387.48,BNPL,Mobile,0,0,0,0,1,9,3,0
7692,19,23,25000,Balanced,2025-10-04,10,Groceries,BigBasket,1161.81,UPI,Mobile,1,0,0,1,0,1,0,0
7693,106,24,35000,Balanced,2025-11-30,17,Utilities,Groww,1757.23,UPI,Mobile,0,0,0,1,0,3,1,0
7694,2,25,35000,Conservative,2025-11-10,22,Entertainment,Zomato,1272.27,UPI,Mobile,0,1,0,1,0,2,2,1
7695,448,29,15000,Conservative,2025-12-13,2,Groceries,Swiggy,853.41,Credit Card,Mobile,0,1,1,1,0,6,3,1
7696,236,37,25000,Conservative,2025-05-24,14,Travel,Groww,7433.3,Credit Card,Mobile,0,0,0,0,0,6,5,0
7697,400,39,25000,Balanced,2025-01-08,21,EMI,PhonePe,7008.59,Credit Card,Mobile,0,0,0,1,0,5,5,0
7698,285,25,25000,Balanced,2025-01-29,18,Food Delivery,Amazon,205.3,UPI,Desktop,0,0,1,0,0,4,2,1
7699,229,38,35000,Balanced,2025-10-28,20,Education,Myntra,100.0,UPI,Desktop,0,0,1,1,0,3,0,0
7700,365,30,50000,Balanced,2025-11-16,17,Investment,Uber,3254.82,UPI,Mobile,0,0,0,1,0,1,1,0
7701,249,25,35000,Balanced,2025-10-22,8,Education,Flipkart,3380.6,UPI,Mobile,0,0,0,1,0,6,1,0
7702,370,34,50000,Balanced,2025-02-15,6,Fashion,Myntra,625.22,UPI,Mobile,0,0,0,0,0,1,0,0
7703,32,33,25000,Balanced,2025-07-01,0,Fashion,Croma,2648.63,Debit Card,Desktop,1,1,0,1,1,4,4,1
7704,213,31,50000,Conservative,2025-01-17,19,Education,Myntra,4581.03,Credit Card,Mobile,0,0,0,0,0,3,1,0
7705,483,38,25000,Balanced,2025-04-11,19,Health,Groww,2807.91,Credit Card,Desktop,0,0,0,1,1,3,4,1
7706,338,20,75000,Balanced,2025-06-12,7,Food Delivery,Zomato,569.18,Debit Card,Mobile,0,0,1,0,0,5,0,0
7707,47,42,25000,Conservative,2025-02-19,23,Fashion,Myntra,1684.08,BNPL,Mobile,0,1,0,0,0,6,6,1
7708,154,34,35000,Aggressive,2025-02-23,7,Rent,Swiggy,8649.4,BNPL,Mobile,0,0,0,0,0,9,7,0
7709,248,21,35000,Balanced,2025-06-22,14,Education,BigBasket,3127.66,Credit Card,Mobile,0,0,0,0,0,10,1,0
7710,7,18,25000,Balanced,2025-11-07,23,Utilities,Netflix,2521.12,Credit Card,Mobile,0,1,0,1,0,10,2,0
7711,352,27,35000,Aggressive,2025-06-16,11,EMI,Amazon,4111.31,UPI,Desktop,0,0,1,0,0,3,2,0
7712,92,34,15000,Aggressive,2025-10-29,20,Food Delivery,Flipkart,206.1,Debit Card,Mobile,0,0,0,0,1,3,0,0
7713,317,44,35000,Conservative,2025-11-17,5,Fashion,Netflix,1309.54,Credit Card,Mobile,0,0,0,1,0,7,0,0
7714,281,25,35000,Balanced,2025-02-03,6,Education,Flipkart,3136.39,UPI,Mobile,1,0,0,1,0,8,1,0
7715,262,43,25000,Balanced,2025-12-02,20,Investment,Swiggy,6144.88,BNPL,Mobile,1,0,0,0,0,1,9,1
7716,317,44,35000,Conservative,2025-03-02,23,Health,PhonePe,2307.91,UPI,Mobile,1,1,0,1,0,4,1,0
7717,147,41,50000,Aggressive,2025-06-25,20,Travel,Myntra,8787.64,UPI,Mobile,0,0,0,0,0,4,3,0
7718,235,18,15000,Balanced,2025-07-25,7,Investment,PhonePe,2009.05,Credit Card,Mobile,0,0,0,0,0,2,2,0
7719,22,25,35000,Balanced,2025-01-23,23,EMI,Zomato,2584.21,BNPL,Mobile,0,1,0,0,0,8,4,0
7720,5,39,15000,Balanced,2025-10-13,6,Health,Uber,1176.31,Credit Card,Mobile,0,0,0,0,1,5,1,0
7721,330,34,35000,Balanced,2025-01-22,11,Groceries,BigBasket,1606.6,Credit Card,Mobile,0,0,0,1,0,9,0,0
7722,106,24,35000,Balanced,2025-02-21,16,Investment,PhonePe,3054.65,UPI,Desktop,0,0,1,1,1,9,1,0
7723,426,20,50000,Conservative,2025-08-10,14,EMI,Uber,9401.6,UPI,Mobile,0,0,0,0,0,8,3,0
7724,402,19,15000,Aggressive,2025-08-02,1,Food Delivery,PhonePe,471.67,Credit Card,Mobile,1,1,0,0,1,7,2,1
7725,364,30,50000,Conservative,2025-02-01,21,Education,Flipkart,1371.42,UPI,Mobile,1,0,0,1,1,4,0,0
7726,30,24,50000,Aggressive,2025-10-07,5,Rent,Groww,13584.85,BNPL,Mobile,0,0,0,1,0,2,10,1
7727,22,25,35000,Balanced,2025-04-21,18,Groceries,Amazon,833.93,UPI,Mobile,0,0,0,0,0,3,0,0
7728,156,21,15000,Aggressive,2025-04-22,6,Electronics,Paytm,15120.53,Credit Card,Mobile,0,0,0,0,0,10,10,1
7729,76,33,50000,Aggressive,2025-09-24,16,Travel,Flipkart,5483.45,Credit Card,Desktop,0,0,0,1,0,8,2,0
7730,386,33,50000,Conservative,2025-05-08,9,Food Delivery,Flipkart,262.94,UPI,Mobile,0,0,0,1,0,7,0,0
7731,6,23,15000,Aggressive,2025-03-27,17,Travel,Croma,3135.93,Debit Card,Tablet,0,0,1,0,0,5,4,0
7732,276,18,50000,Balanced,2025-11-27,21,Utilities,Swiggy,3020.13,UPI,Mobile,0,0,0,0,0,9,1,0
7733,135,22,50000,Balanced,2025-09-16,16,Utilities,Swiggy,1227.35,Credit Card,Mobile,0,0,0,1,1,3,2,1
7734,430,26,15000,Aggressive,2025-05-01,18,Fashion,Uber,2152.72,Credit Card,Mobile,1,0,1,0,0,7,4,1
7735,407,42,50000,Balanced,2025-08-07,2,Investment,Flipkart,5332.09,BNPL,Mobile,0,1,0,0,0,4,7,1
7736,27,18,25000,Conservative,2025-12-08,10,Utilities,Flipkart,859.77,Credit Card,Mobile,0,0,0,0,0,6,0,0
7737,283,32,35000,Conservative,2025-10-20,13,EMI,Paytm,7890.33,UPI,Mobile,0,0,0,0,0,5,4,0
7738,196,35,35000,Conservative,2025-05-31,0,Rent,Groww,5886.37,Credit Card,Desktop,0,1,0,0,0,10,5,1
7739,8,29,15000,Balanced,2025-05-30,17,Food Delivery,Swiggy,388.25,Credit Card,Mobile,0,0,0,0,1,2,2,1
7740,466,37,50000,Balanced,2025-11-29,6,Entertainment,PhonePe,643.67,UPI,Desktop,0,0,1,0,0,10,0,0
7741,337,25,15000,Balanced,2025-05-14,12,Travel,Croma,7502.16,UPI,Desktop,0,0,0,0,0,7,10,0
7742,113,28,15000,Balanced,2025-05-12,20,Fashion,Myntra,2208.56,UPI,Mobile,0,0,0,0,0,9,2,0
7743,357,43,35000,Conservative,2025-04-23,0,Rent,Netflix,23082.2,UPI,Mobile,0,1,0,0,0,5,10,0
7744,411,42,25000,Aggressive,2025-04-09,17,Food Delivery,Paytm,604.09,Cash,Mobile,0,0,0,1,0,3,0,0
7745,447,21,35000,Balanced,2025-01-22,22,Food Delivery,Amazon,525.13,UPI,Mobile,0,1,1,0,0,4,2,1
7746,209,39,50000,Balanced,2025-11-27,20,Travel,Netflix,6032.11,UPI,Mobile,0,0,0,0,1,7,2,0
7747,42,30,15000,Conservative,2025-10-27,8,Electronics,Flipkart,6509.27,Credit Card,Mobile,0,0,0,0,1,4,10,1
7748,26,18,15000,Balanced,2025-10-02,9,Entertainment,Uber,904.5,Debit Card,Desktop,1,0,0,1,0,2,1,0
7749,273,34,75000,Balanced,2025-02-18,9,Entertainment,BigBasket,400.92,BNPL,Desktop,0,0,0,1,0,5,3,0
7750,82,33,100000,Conservative,2025-01-14,19,Utilities,Amazon,1874.71,UPI,Mobile,0,0,0,0,0,6,0,0
7751,306,27,50000,Conservative,2025-08-08,19,EMI,Amazon,11769.32,UPI,Mobile,0,0,0,0,1,5,4,0
7752,425,35,35000,Aggressive,2025-03-28,17,Fashion,Myntra,2199.87,Credit Card,Desktop,0,0,1,0,0,6,3,1
7753,309,18,15000,Aggressive,2025-01-14,14,Utilities,BigBasket,1461.38,Cash,Desktop,0,0,0,1,0,3,1,0
7754,452,36,50000,Balanced,2025-12-16,20,Electronics,PhonePe,100.0,UPI,Mobile,0,0,0,0,0,3,0,0
7755,153,42,25000,Conservative,2025-05-17,11,Food Delivery,PhonePe,332.49,UPI,Desktop,0,0,1,1,0,10,0,0
7756,402,19,15000,Aggressive,2025-09-10,17,Food Delivery,Paytm,629.53,UPI,Desktop,0,0,0,0,1,8,0,0
7757,16,32,50000,Balanced,2025-08-31,15,Rent,Flipkart,17616.75,Credit Card,Mobile,0,0,0,1,0,3,9,1
7758,493,18,35000,Conservative,2025-05-09,2,Electronics,BigBasket,12358.08,Credit Card,Mobile,0,1,0,0,0,4,9,1
7759,287,25,50000,Conservative,2025-04-02,13,Entertainment,Netflix,796.74,Credit Card,Tablet,1,0,0,1,0,7,0,0
7760,28,28,25000,Balanced,2025-07-26,12,Fashion,PhonePe,2086.59,Credit Card,Mobile,0,0,0,1,0,7,1,0
7761,485,38,15000,Conservative,2025-03-21,0,Investment,Uber,3711.76,UPI,Mobile,0,1,1,0,0,4,6,1
7762,252,44,100000,Balanced,2025-11-18,12,Entertainment,Uber,625.17,UPI,Desktop,0,0,1,1,0,5,0,0
7763,399,32,50000,Balanced,2025-10-13,22,Investment,Zomato,3228.86,UPI,Desktop,0,1,0,1,0,1,1,0
7764,316,19,35000,Balanced,2025-03-15,13,Travel,Zomato,3643.23,UPI,Mobile,0,0,0,1,0,5,2,0
7765,220,34,25000,Balanced,2025-05-03,7,Utilities,Flipkart,1577.92,UPI,Desktop,1,0,0,1,0,6,1,0
7766,230,29,25000,Conservative,2025-01-29,9,Utilities,BigBasket,3376.59,Credit Card,Mobile,0,0,0,0,0,2,2,0
7767,500,24,35000,Conservative,2025-03-09,1,Health,PhonePe,2281.98,Credit Card,Mobile,0,1,0,1,0,8,1,0
7768,73,34,25000,Conservative,2025-05-31,11,Utilities,PhonePe,2083.25,UPI,Tablet,0,0,0,1,0,8,1,0
7769,474,32,35000,Balanced,2025-01-21,22,Food Delivery,Amazon,350.5,BNPL,Mobile,0,1,0,0,0,2,5,1
7770,15,26,15000,Conservative,2025-02-08,8,Education,BigBasket,1825.73,Debit Card,Mobile,0,0,1,0,0,2,2,0
7771,211,44,35000,Conservative,2025-08-20,15,EMI,Myntra,3302.91,UPI,Mobile,0,0,0,0,0,9,1,0
7772,118,27,25000,Balanced,2025-03-26,10,Rent,Uber,14220.82,Credit Card,Mobile,0,0,1,0,0,7,10,1
7773,98,35,35000,Aggressive,2025-08-01,12,Entertainment,Myntra,1066.84,Cash,Mobile,1,0,0,0,0,2,0,0
7774,270,25,50000,Conservative,2025-11-04,9,Food Delivery,Amazon,344.65,BNPL,Mobile,1,0,0,0,1,3,5,1
7775,104,27,50000,Aggressive,2025-04-10,9,Health,Groww,1551.53,BNPL,Desktop,0,0,1,1,0,4,5,1
7776,437,36,50000,Conservative,2025-07-11,13,EMI,Uber,7844.94,UPI,Mobile,0,0,0,0,0,4,3,0
7777,347,28,25000,Conservative,2025-03-29,19,Electronics,Croma,8240.81,UPI,Mobile,0,0,0,0,0,1,8,1
7778,151,41,75000,Balanced,2025-12-26,7,Groceries,Myntra,1375.67,Debit Card,Mobile,0,0,0,0,0,3,0,0
7779,226,20,35000,Aggressive,2025-03-03,9,EMI,Amazon,5864.01,UPI,Desktop,1,0,0,0,0,7,3,0
7780,387,42,35000,Balanced,2025-10-25,3,Rent,Amazon,13353.56,BNPL,Mobile,0,0,1,0,0,8,10,1
7781,289,24,35000,Aggressive,2025-04-27,0,Education,Myntra,1836.83,UPI,Mobile,0,1,0,0,1,8,1,0
7782,38,27,35000,Conservative,2025-08-22,9,Education,Zomato,2595.17,UPI,Mobile,0,0,1,0,0,7,1,0
7783,282,36,35000,Balanced,2025-12-15,20,Groceries,Paytm,1635.63,Debit Card,Mobile,0,0,0,0,0,10,0,0
7784,307,26,35000,Balanced,2025-03-23,15,EMI,Groww,5445.72,Cash,Mobile,0,0,0,0,1,10,3,0
7785,246,30,35000,Balanced,2025-01-07,23,Fashion,Flipkart,2868.72,UPI,Mobile,0,1,0,0,1,4,3,1
7786,483,38,25000,Balanced,2025-10-01,13,Rent,Flipkart,13285.51,UPI,Desktop,1,0,0,1,1,4,10,1
7787,90,32,35000,Conservative,2025-08-20,14,Health,Amazon,2723.04,Debit Card,Desktop,0,0,1,1,1,9,1,0
7788,242,23,35000,Conservative,2025-04-21,20,Electronics,Zomato,8988.98,BNPL,Mobile,0,0,0,1,1,7,10,1
7789,393,40,50000,Balanced,2025-02-01,23,EMI,Netflix,5513.12,Credit Card,Mobile,1,1,0,0,0,5,2,0
7790,233,32,35000,Conservative,2025-02-17,6,Education,Groww,1400.77,Debit Card,Mobile,0,0,0,0,1,4,0,0
7791,30,24,50000,Aggressive,2025-05-03,19,Utilities,Groww,2760.59,Debit Card,Mobile,1,0,0,0,1,5,1,0
7792,313,38,25000,Aggressive,2025-12-03,15,Health,Groww,1443.06,Credit Card,Mobile,1,0,1,0,1,6,1,0
7793,32,33,25000,Balanced,2025-07-14,12,Groceries,Flipkart,574.37,UPI,Mobile,0,0,0,0,1,4,0,0
7794,107,18,15000,Conservative,2025-07-30,23,Education,Netflix,4954.83,Debit Card,Mobile,0,1,0,1,1,10,8,1
7795,404,20,15000,Conservative,2025-03-31,1,Rent,Paytm,16759.96,Credit Card,Desktop,0,1,0,0,0,8,10,1
7796,11,36,25000,Aggressive,2025-11-11,23,Electronics,PhonePe,6135.7,UPI,Desktop,0,1,1,1,0,9,6,1
7797,201,18,15000,Conservative,2025-04-26,7,Fashion,Paytm,2132.11,Cash,Desktop,0,0,0,0,0,3,2,0
7798,1,24,50000,Conservative,2025-08-02,5,EMI,Zomato,4764.73,UPI,Mobile,1,0,1,0,0,7,1,0
7799,453,19,25000,Balanced,2025-11-14,23,Groceries,Croma,1117.02,UPI,Mobile,0,1,1,0,1,9,0,0
7800,84,37,25000,Balanced,2025-04-25,2,Investment,Swiggy,7681.89,Credit Card,Desktop,0,1,1,1,0,2,8,1
7801,42,30,15000,Conservative,2025-09-15,10,Groceries,Myntra,462.56,Credit Card,Mobile,0,0,0,0,0,1,0,0
7802,22,25,35000,Balanced,2025-07-25,14,Electronics,BigBasket,19113.84,UPI,Mobile,0,0,1,1,0,2,10,1
7803,284,32,25000,Balanced,2025-04-27,8,EMI,Croma,8672.82,Credit Card,Mobile,0,0,0,1,0,6,6,0
7804,174,20,25000,Balanced,2025-05-26,13,Entertainment,Swiggy,912.85,UPI,Mobile,0,0,0,1,1,8,0,0
7805,304,29,15000,Aggressive,2025-11-14,7,Travel,Croma,8205.19,BNPL,Mobile,0,0,0,1,0,6,10,0
7806,78,28,75000,Balanced,2025-03-28,0,Electronics,Uber,14627.52,UPI,Mobile,0,1,0,0,0,1,5,1
7807,269,40,35000,Conservative,2025-05-08,18,Entertainment,Myntra,809.3,Debit Card,Mobile,0,0,0,1,0,2,0,0
7808,206,36,25000,Conservative,2025-11-09,22,Travel,Uber,5250.71,UPI,Desktop,0,1,0,1,0,7,4,0
7809,425,35,35000,Aggressive,2025-06-24,4,Utilities,PhonePe,2287.12,Debit Card,Mobile,0,0,0,1,1,3,1,0
7810,144,43,50000,Conservative,2025-07-05,0,Utilities,PhonePe,1536.16,UPI,Desktop,1,1,1,0,0,1,2,1
7811,201,18,15000,Conservative,2025-12-09,11,Entertainment,Swiggy,462.49,UPI,Desktop,0,0,0,0,0,2,0,0
7812,305,22,75000,Balanced,2025-11-24,5,Electronics,Netflix,12509.37,UPI,Mobile,0,0,1,0,0,10,5,1
7813,72,43,100000,Balanced,2025-06-25,13,Utilities,Myntra,1529.29,UPI,Mobile,0,0,1,0,0,7,0,0
7814,293,18,15000,Balanced,2025-10-29,17,EMI,Zomato,8420.84,UPI,Desktop,0,0,0,0,0,4,10,0
7815,255,28,15000,Aggressive,2025-11-04,15,Rent,PhonePe,16863.55,UPI,Mobile,1,0,0,0,0,8,10,0
7816,469,38,75000,Aggressive,2025-12-02,18,Entertainment,Amazon,957.44,BNPL,Mobile,1,0,0,0,0,8,3,0
7817,40,21,75000,Conservative,2025-05-20,10,EMI,Netflix,2424.58,UPI,Mobile,0,0,0,1,0,9,0,0
7818,467,37,50000,Conservative,2025-06-25,8,Rent,Groww,16327.33,Credit Card,Desktop,0,0,0,0,1,2,8,1
7819,398,43,50000,Conservative,2025-08-09,11,EMI,BigBasket,2057.96,Debit Card,Desktop,0,0,1,1,0,5,0,0
7820,160,37,50000,Balanced,2025-06-25,22,Utilities,PhonePe,960.37,UPI,Desktop,0,1,1,1,0,8,0,0
7821,180,32,75000,Balanced,2025-12-27,8,Electronics,Amazon,12894.94,UPI,Desktop,0,0,0,0,0,4,5,1
7822,162,38,35000,Conservative,2025-12-21,20,Fashion,Croma,1199.9,UPI,Desktop,0,0,1,1,0,3,2,1
7823,91,33,25000,Conservative,2025-02-18,20,Travel,Netflix,8085.17,UPI,Desktop,0,0,0,1,1,10,6,0
7824,368,21,50000,Conservative,2025-02-14,13,Groceries,PhonePe,1881.82,UPI,Mobile,0,0,1,0,1,8,0,0
7825,214,23,35000,Aggressive,2025-05-04,16,Electronics,Netflix,15667.97,Credit Card,Desktop,1,0,1,0,0,7,10,1
7826,352,27,35000,Aggressive,2025-06-12,11,Groceries,PhonePe,240.64,UPI,Mobile,0,0,1,0,1,3,0,0
7827,211,44,35000,Conservative,2025-01-03,1,Utilities,PhonePe,2001.5,UPI,Mobile,1,1,1,1,0,8,1,0
7828,357,43,35000,Conservative,2025-05-13,10,EMI,BigBasket,4304.18,Credit Card,Mobile,0,0,0,0,1,6,2,0
7829,309,18,15000,Aggressive,2025-09-14,17,Utilities,Uber,2944.87,Debit Card,Desktop,0,0,1,0,0,8,3,0
7830,308,25,50000,Aggressive,2025-02-19,13,Electronics,Groww,14337.71,Credit Card,Mobile,0,0,0,1,0,2,7,1
7831,403,44,75000,Balanced,2025-12-15,21,Rent,PhonePe,10597.48,Cash,Mobile,0,0,1,0,0,10,2,0
7832,162,38,35000,Conservative,2025-09-16,5,Food Delivery,BigBasket,322.42,UPI,Mobile,0,0,0,0,0,6,0,0
7833,173,44,25000,Conservative,2025-06-18,7,Rent,Uber,895.26,Credit Card,Mobile,0,0,0,0,0,4,0,0
7834,369,28,25000,Conservative,2025-05-11,14,Food Delivery,Swiggy,268.16,UPI,Mobile,0,0,0,0,0,10,0,0
7835,103,28,50000,Balanced,2025-06-03,17,Education,Netflix,1142.2,Credit Card,Desktop,1,0,0,1,0,1,0,0
7836,289,24,35000,Aggressive,2025-01-05,8,Utilities,Paytm,1331.59,UPI,Mobile,1,0,0,0,0,3,0,0
7837,477,37,15000,Balanced,2025-12-12,21,Utilities,Croma,2175.53,UPI,Desktop,0,0,0,0,0,8,2,0
7838,18,21,25000,Balanced,2025-06-24,5,Entertainment,Groww,883.7,Credit Card,Desktop,0,0,0,0,1,9,0,0
7839,306,27,50000,Conservative,2025-01-20,5,Utilities,Zomato,1871.8,UPI,Mobile,0,0,1,0,0,1,0,0
7840,397,19,75000,Balanced,2025-04-08,20,Investment,Amazon,6071.69,UPI,Desktop,0,0,1,1,0,6,1,0
7841,351,43,50000,Conservative,2025-03-08,20,Food Delivery,Myntra,307.89,Credit Card,Mobile,0,0,0,0,0,7,0,0
7842,18,21,25000,Balanced,2025-03-21,17,Fashion,PhonePe,2699.15,Credit Card,Desktop,0,0,0,0,0,5,2,0
7843,71,27,25000,Balanced,2025-05-02,13,Utilities,BigBasket,1984.26,Credit Card,Mobile,1,0,0,0,0,3,1,0
7844,400,39,25000,Balanced,2025-10-21,1,EMI,Zomato,8642.53,Credit Card,Desktop,0,1,0,0,0,8,8,1
7845,247,20,35000,Balanced,2025-01-28,4,Fashion,Paytm,3560.52,Credit Card,Mobile,0,0,1,1,0,7,4,1
7846,215,35,35000,Conservative,2025-11-17,12,Education,Croma,2881.58,BNPL,Mobile,0,0,0,0,0,3,4,0
7847,424,34,25000,Conservative,2025-12-04,19,Utilities,Flipkart,2111.56,UPI,Mobile,1,0,0,0,0,4,1,0
7848,339,25,15000,Conservative,2025-04-08,8,Groceries,Paytm,736.46,Credit Card,Mobile,0,0,0,1,0,4,0,0
7849,59,19,35000,Balanced,2025-05-02,6,Fashion,Flipkart,3320.43,UPI,Mobile,1,0,0,1,0,2,1,0
7850,272,32,35000,Balanced,2025-07-23,7,Food Delivery,Myntra,382.2,UPI,Desktop,0,0,1,0,0,3,2,1
7851,385,38,50000,Balanced,2025-09-14,12,Food Delivery,Uber,279.43,Credit Card,Mobile,0,0,0,1,0,5,0,0
7852,377,25,50000,Balanced,2025-10-01,17,Travel,Uber,10820.76,BNPL,Mobile,1,0,0,0,0,7,7,0
7853,135,22,50000,Balanced,2025-06-08,2,EMI,Flipkart,9483.53,Credit Card,Mobile,0,1,0,1,1,2,5,1
7854,258,41,15000,Conservative,2025-01-17,14,EMI,PhonePe,6697.83,UPI,Mobile,0,0,0,1,0,5,8,0
7855,57,19,35000,Conservative,2025-11-25,6,Rent,BigBasket,6196.61,UPI,Mobile,0,0,0,0,0,8,3,0
7856,356,39,35000,Balanced,2025-12-21,16,Education,Swiggy,3284.16,Credit Card,Mobile,0,0,1,0,0,6,1,0
7857,99,43,75000,Conservative,2025-04-13,17,Rent,Flipkart,20181.46,Cash,Desktop,0,0,1,1,1,4,7,1
7858,70,42,15000,Aggressive,2025-09-06,13,Investment,Myntra,3051.52,UPI,Mobile,0,0,0,0,0,8,4,0
7859,121,26,50000,Conservative,2025-07-15,22,Rent,Flipkart,6603.95,UPI,Desktop,0,1,0,0,1,9,2,0
7860,448,29,15000,Conservative,2025-12-20,19,Entertainment,Myntra,769.83,UPI,Mobile,0,0,1,0,1,2,3,1
7861,147,41,50000,Aggressive,2025-06-06,5,EMI,Myntra,5772.69,BNPL,Desktop,0,0,0,1,0,10,5,0
7862,147,41,50000,Aggressive,2025-04-17,22,Fashion,Uber,2109.82,Credit Card,Desktop,0,1,0,1,0,5,2,1
7863,276,18,50000,Balanced,2025-08-04,0,EMI,Flipkart,4385.25,UPI,Mobile,1,1,1,0,1,1,3,1
7864,180,32,75000,Balanced,2025-04-25,4,Fashion,Netflix,2844.58,BNPL,Mobile,0,0,1,0,0,6,5,1
7865,357,43,35000,Conservative,2025-11-02,11,Entertainment,PhonePe,472.03,UPI,Mobile,1,0,1,0,0,2,2,1
7866,451,41,50000,Conservative,2025-04-01,9,Electronics,Netflix,19324.35,UPI,Desktop,1,0,0,0,0,4,9,1
7867,162,38,35000,Conservative,2025-05-13,20,Education,Netflix,4719.73,Credit Card,Mobile,0,0,1,1,0,7,2,0
7868,13,38,35000,Conservative,2025-09-03,3,Health,PhonePe,2257.62,Credit Card,Desktop,1,0,0,0,0,6,1,0
7869,257,36,15000,Balanced,2025-03-18,3,Entertainment,Amazon,1067.95,UPI,Mobile,0,0,0,0,0,10,1,0
7870,101,19,25000,Conservative,2025-10-10,13,Investment,BigBasket,4237.4,UPI,Desktop,0,0,0,1,0,8,3,0
7871,482,42,25000,Balanced,2025-08-27,22,Education,Croma,3695.76,BNPL,Mobile,0,1,0,1,1,10,7,1
7872,248,21,35000,Balanced,2025-08-30,6,Food Delivery,Croma,267.93,Credit Card,Mobile,0,0,0,1,0,8,0,0
7873,245,43,35000,Conservative,2025-02-12,16,Travel,Zomato,10218.2,Debit Card,Desktop,0,0,1,1,0,5,5,0
7874,21,21,35000,Aggressive,2025-08-23,5,Entertainment,Flipkart,575.56,UPI,Mobile,0,0,0,0,0,8,0,0
7875,158,37,35000,Balanced,2025-06-25,15,Utilities,Groww,1635.58,UPI,Mobile,0,0,0,0,0,6,0,0
7876,44,42,15000,Balanced,2025-03-29,14,Rent,Swiggy,6346.04,Credit Card,Mobile,0,0,0,0,0,9,8,0
7877,187,29,15000,Conservative,2025-11-09,20,Utilities,Flipkart,2496.51,UPI,Mobile,0,0,1,1,0,7,3,0
7878,17,25,15000,Aggressive,2025-08-23,23,Food Delivery,Amazon,336.69,Cash,Mobile,0,1,0,0,0,2,2,1
7879,457,39,25000,Balanced,2025-10-10,18,Investment,PhonePe,8576.57,UPI,Tablet,0,0,0,0,0,8,6,0
7880,74,29,35000,Aggressive,2025-12-22,17,Education,PhonePe,3312.19,Credit Card,Desktop,0,0,0,0,0,3,1,0
7881,341,33,25000,Balanced,2025-06-05,3,Investment,Paytm,1234.78,UPI,Mobile,1,0,1,1,1,10,0,0
7882,240,20,75000,Balanced,2025-06-06,19,Education,Groww,2846.25,BNPL,Mobile,0,0,0,0,0,4,3,0
7883,100,35,35000,Aggressive,2025-01-26,21,Health,PhonePe,1890.53,UPI,Mobile,0,0,0,0,0,7,1,0
7884,336,40,25000,Conservative,2025-01-04,1,Health,Amazon,1962.84,Debit Card,Mobile,1,1,0,0,1,2,1,0
7885,138,20,35000,Balanced,2025-10-02,2,Groceries,PhonePe,1342.83,UPI,Mobile,1,1,0,1,0,5,0,0
7886,192,38,50000,Balanced,2025-05-25,20,Entertainment,Paytm,573.94,Credit Card,Mobile,0,0,0,0,0,10,0,0
7887,190,22,100000,Aggressive,2025-08-15,7,Education,BigBasket,2844.53,UPI,Mobile,0,0,1,1,0,2,0,0
7888,352,27,35000,Aggressive,2025-11-21,4,Entertainment,BigBasket,536.32,Debit Card,Mobile,0,0,1,0,1,1,2,1
7889,259,28,75000,Aggressive,2025-02-11,0,Education,Amazon,1797.1,UPI,Mobile,0,1,1,0,0,3,2,1
7890,119,36,35000,Conservative,2025-05-22,11,Electronics,BigBasket,10960.17,Credit Card,Mobile,0,0,0,0,0,4,8,1
7891,373,43,15000,Conservative,2025-07-26,20,Food Delivery,PhonePe,299.95,Cash,Mobile,0,0,0,0,0,10,0,0
7892,365,30,50000,Balanced,2025-02-13,9,Travel,PhonePe,6463.64,UPI,Desktop,0,0,0,0,1,10,2,0
7893,386,33,50000,Conservative,2025-10-03,7,Electronics,BigBasket,9201.38,Debit Card,Mobile,1,0,1,0,0,6,5,1
7894,495,43,25000,Conservative,2025-02-03,8,Fashion,Uber,2087.7,UPI,Mobile,1,0,0,1,0,5,1,0
7895,253,18,15000,Conservative,2025-07-15,16,EMI,Zomato,8036.68,BNPL,Mobile,0,0,0,0,1,8,10,0
7896,297,44,35000,Balanced,2025-09-26,14,EMI,Groww,6826.04,Credit Card,Mobile,0,0,0,0,1,5,3,0
7897,388,26,75000,Conservative,2025-10-02,17,Travel,Paytm,3961.19,Credit Card,Mobile,1,0,0,0,0,5,1,0
7898,218,40,35000,Balanced,2025-06-17,12,Utilities,Swiggy,1563.05,BNPL,Mobile,0,0,0,1,0,4,3,0
7899,32,33,25000,Balanced,2025-12-22,2,Travel,PhonePe,4510.74,Credit Card,Mobile,0,1,0,0,0,4,5,1
7900,163,43,35000,Aggressive,2025-02-01,13,Health,BigBasket,1790.37,UPI,Desktop,1,0,0,1,1,3,1,0
7901,331,21,25000,Aggressive,2025-12-23,22,Groceries,Myntra,1004.22,Credit Card,Mobile,0,1,0,0,0,4,2,1
7902,476,25,50000,Aggressive,2025-01-09,23,Education,Zomato,1877.12,Credit Card,Desktop,0,1,0,0,0,2,2,1
7903,277,25,50000,Balanced,2025-02-06,14,Travel,Croma,6968.68,UPI,Desktop,0,0,0,1,1,9,2,0
7904,98,35,35000,Aggressive,2025-03-16,20,Health,Paytm,2592.3,Credit Card,Desktop,0,0,0,0,0,4,1,0
7905,455,21,15000,Conservative,2025-11-27,10,Education,Flipkart,3136.61,Cash,Tablet,0,0,1,1,0,9,4,0
7906,397,19,75000,Balanced,2025-11-30,8,Food Delivery,Swiggy,462.01,BNPL,Mobile,0,0,0,0,0,4,5,1
7907,180,32,75000,Balanced,2025-01-26,11,Utilities,Croma,1360.08,Cash,Mobile,0,0,0,0,0,10,0,0
7908,398,43,50000,Conservative,2025-09-20,15,Food Delivery,Netflix,451.03,UPI,Mobile,0,0,0,0,0,9,0,0
7909,110,39,25000,Conservative,2025-11-20,1,Investment,Croma,7088.28,Cash,Mobile,0,1,0,0,1,8,5,0
7910,296,32,35000,Balanced,2025-07-16,6,Education,Groww,3779.71,UPI,Mobile,0,0,0,0,0,8,2,0
7911,375,44,35000,Conservative,2025-05-09,3,Entertainment,PhonePe,806.67,BNPL,Mobile,0,0,1,1,0,4,5,1
7912,124,38,35000,Balanced,2025-07-05,21,Food Delivery,Myntra,592.51,Cash,Desktop,1,0,0,0,1,7,0,0
7913,379,20,50000,Balanced,2025-02-14,14,Utilities,Croma,1670.17,UPI,Mobile,0,0,0,0,0,6,0,0
7914,295,41,35000,Balanced,2025-08-02,19,Rent,Groww,9857.79,UPI,Mobile,1,0,1,0,1,1,7,1
7915,347,28,25000,Conservative,2025-12-16,2,Groceries,PhonePe,1654.9,UPI,Mobile,0,1,0,0,0,2,1,0
7916,53,41,50000,Conservative,2025-11-21,6,EMI,Paytm,8658.34,UPI,Desktop,0,0,1,0,1,5,3,0
7917,89,44,50000,Balanced,2025-02-04,19,Investment,Uber,5762.35,UPI,Mobile,1,0,1,0,0,10,2,0
7918,260,34,35000,Balanced,2025-03-16,9,Fashion,Paytm,3934.03,Credit Card,Mobile,0,0,1,0,0,6,4,1
7919,135,22,50000,Balanced,2025-08-26,15,Health,Netflix,2105.86,Credit Card,Mobile,0,0,0,1,0,5,0,0
7920,26,18,15000,Balanced,2025-11-15,4,Health,Swiggy,410.71,Debit Card,Mobile,0,0,0,0,0,10,0,0
7921,174,20,25000,Balanced,2025-08-04,12,Fashion,Croma,1370.76,UPI,Mobile,1,0,1,0,0,7,1,0
7922,405,34,35000,Balanced,2025-06-13,22,Fashion,Amazon,2572.55,UPI,Mobile,0,1,0,0,0,9,1,0
7923,429,26,25000,Conservative,2025-04-23,13,Investment,Croma,9267.77,BNPL,Desktop,0,0,0,1,0,8,10,0
7924,486,31,100000,Balanced,2025-07-26,8,Investment,BigBasket,3419.02,Credit Card,Mobile,0,0,1,1,0,7,0,0
7925,451,41,50000,Conservative,2025-12-05,17,Electronics,Uber,11536.31,Cash,Mobile,1,0,1,0,0,7,6,1
7926,392,36,75000,Aggressive,2025-12-23,18,Utilities,Groww,1846.5,UPI,Desktop,0,0,0,1,0,1,0,0
7927,493,18,35000,Conservative,2025-07-04,15,Rent,Uber,6848.69,BNPL,Mobile,1,0,0,0,0,3,8,1
7928,430,26,15000,Aggressive,2025-09-19,23,Investment,Paytm,6506.44,UPI,Desktop,0,1,1,0,1,5,10,1
7929,155,39,25000,Conservative,2025-06-06,0,Utilities,BigBasket,3292.32,Credit Card,Mobile,0,1,1,0,0,2,4,1
7930,18,21,25000,Balanced,2025-05-27,9,Education,Myntra,4179.16,Debit Card,Mobile,0,0,1,0,0,8,3,0
7931,218,40,35000,Balanced,2025-05-08,23,Food Delivery,Flipkart,321.13,Cash,Mobile,0,1,0,0,0,8,0,0
7932,381,29,25000,Conservative,2025-05-09,23,Fashion,Paytm,1809.23,Credit Card,Mobile,0,1,1,0,0,3,3,1
7933,266,23,35000,Conservative,2025-02-28,14,Health,Zomato,3324.19,UPI,Tablet,0,0,0,0,0,6,1,0
7934,186,27,100000,Aggressive,2025-08-10,12,Food Delivery,Swiggy,426.38,Credit Card,Mobile,0,0,0,1,1,6,2,1
7935,288,32,35000,Balanced,2025-10-21,0,Utilities,Paytm,2364.76,Credit Card,Mobile,0,1,0,0,0,4,3,1
7936,440,25,25000,Conservative,2025-07-12,5,Investment,Croma,5693.09,UPI,Desktop,0,0,1,0,0,2,6,1
7937,324,25,35000,Balanced,2025-02-11,18,Health,Flipkart,2571.87,Credit Card,Mobile,0,0,0,1,1,8,1,0
7938,279,44,35000,Aggressive,2025-02-16,4,Travel,BigBasket,9871.52,Debit Card,Mobile,0,0,0,1,1,1,7,1
7939,216,44,15000,Balanced,2025-06-29,20,Utilities,Croma,1893.98,UPI,Desktop,0,0,1,0,0,7,2,0
7940,135,22,50000,Balanced,2025-12-26,15,Travel,Myntra,6994.7,UPI,Mobile,0,0,0,1,0,10,2,0
7941,279,44,35000,Aggressive,2025-11-07,4,Utilities,Flipkart,377.98,UPI,Mobile,0,0,1,0,1,2,0,0
7942,176,26,50000,Balanced,2025-09-19,18,Travel,BigBasket,5931.49,UPI,Tablet,0,0,0,0,1,9,2,0
7943,379,20,50000,Balanced,2025-09-30,23,Groceries,Flipkart,1055.64,UPI,Mobile,0,1,1,0,1,2,2,1
7944,150,33,15000,Conservative,2025-06-14,0,Investment,PhonePe,2289.16,Credit Card,Mobile,0,1,0,0,0,9,5,1
7945,495,43,25000,Conservative,2025-04-10,21,Fashion,BigBasket,2653.15,UPI,Mobile,0,0,0,0,0,2,2,0
7946,360,19,35000,Balanced,2025-07-31,8,Travel,Myntra,10100.64,Debit Card,Mobile,0,0,0,1,0,3,5,0
7947,91,33,25000,Conservative,2025-04-03,17,Education,Zomato,1678.32,Credit Card,Mobile,1,0,1,0,1,4,3,1
7948,396,41,25000,Conservative,2025-11-19,2,Fashion,BigBasket,1280.76,UPI,Mobile,0,1,0,1,0,7,1,0
7949,130,43,35000,Balanced,2025-04-25,11,Entertainment,Myntra,1038.52,Credit Card,Mobile,0,0,0,1,1,2,2,1
7950,430,26,15000,Aggressive,2025-05-17,8,Rent,Flipkart,11463.74,UPI,Mobile,0,0,1,1,0,8,10,0
7951,491,39,35000,Balanced,2025-01-26,14,Entertainment,Croma,775.18,Credit Card,Desktop,0,0,0,1,1,4,2,1
7952,298,21,50000,Balanced,2025-10-22,5,Fashion,Croma,4194.51,UPI,Mobile,0,0,0,1,0,6,1,0
7953,115,24,15000,Conservative,2025-02-18,20,Investment,Netflix,4856.8,Credit Card,Mobile,0,0,1,0,0,9,8,1
7954,47,42,25000,Conservative,2025-01-24,8,Investment,Paytm,7427.74,Debit Card,Mobile,0,0,1,0,0,5,5,0
7955,487,28,50000,Aggressive,2025-09-07,19,EMI,Croma,7770.69,Credit Card,Mobile,0,0,1,0,0,5,5,1
7956,186,27,100000,Aggressive,2025-12-23,4,Fashion,Groww,2527.56,Credit Card,Mobile,0,0,1,0,0,7,2,1
7957,251,43,35000,Conservative,2025-12-05,7,Groceries,Amazon,1137.99,UPI,Mobile,1,0,0,0,1,4,0,0
7958,332,24,50000,Conservative,2025-04-06,12,Electronics,Paytm,9234.16,UPI,Mobile,0,0,1,1,0,3,5,1
7959,160,37,50000,Balanced,2025-01-04,9,EMI,BigBasket,7249.72,UPI,Mobile,1,0,0,0,1,5,2,0
7960,338,20,75000,Balanced,2025-11-18,1,Education,Uber,4125.8,Credit Card,Mobile,0,1,0,1,0,3,3,1
7961,423,34,35000,Balanced,2025-02-28,12,EMI,Netflix,7311.6,Debit Card,Desktop,0,0,0,1,0,3,4,0
7962,181,28,75000,Conservative,2025-07-09,2,Investment,Croma,5887.93,Credit Card,Mobile,0,1,1,0,0,3,3,1
7963,361,43,50000,Conservative,2025-05-05,2,Utilities,Swiggy,2442.26,Credit Card,Mobile,1,1,0,0,0,4,2,1
7964,287,25,50000,Conservative,2025-01-11,5,Education,PhonePe,3161.36,Credit Card,Mobile,0,0,1,0,0,6,1,0
7965,388,26,75000,Conservative,2025-07-02,8,Utilities,Zomato,2513.63,Debit Card,Tablet,1,0,0,1,0,4,0,0
7966,8,29,15000,Balanced,2025-08-05,4,Education,Netflix,2251.47,Credit Card,Desktop,1,0,0,1,0,4,5,1
7967,393,40,50000,Balanced,2025-12-15,11,Investment,Uber,1302.84,Credit Card,Desktop,0,0,0,0,0,3,0,0
7968,163,43,35000,Aggressive,2025-11-11,21,Education,Netflix,4439.03,Cash,Mobile,0,0,1,0,0,7,2,0
7969,89,44,50000,Balanced,2025-10-28,7,Education,Netflix,3868.1,Cash,Desktop,0,0,0,1,0,7,1,0
7970,346,19,75000,Balanced,2025-03-02,10,Entertainment,PhonePe,100.0,BNPL,Mobile,1,0,0,0,0,7,3,0
7971,135,22,50000,Balanced,2025-01-25,17,Entertainment,Groww,1282.56,Credit Card,Mobile,0,0,1,0,0,1,2,1
7972,32,33,25000,Balanced,2025-08-16,3,Education,Myntra,3567.73,Credit Card,Mobile,0,0,1,0,0,1,4,1
7973,11,36,25000,Aggressive,2025-09-29,12,Entertainment,Netflix,870.86,UPI,Mobile,0,0,0,1,0,2,0,0
7974,22,25,35000,Balanced,2025-01-11,11,Investment,Paytm,3091.47,Debit Card,Tablet,0,0,0,0,1,2,1,0
7975,396,41,25000,Conservative,2025-10-11,5,Utilities,Croma,982.74,UPI,Tablet,0,0,1,1,0,3,0,0
7976,147,41,50000,Aggressive,2025-02-18,3,Food Delivery,Netflix,100.0,UPI,Mobile,0,0,0,0,0,7,0,0
7977,155,39,25000,Conservative,2025-03-21,12,Entertainment,Netflix,812.97,Cash,Mobile,0,0,0,1,0,9,0,0
7978,70,42,15000,Aggressive,2025-06-25,19,Rent,Flipkart,7382.94,Credit Card,Desktop,0,0,0,0,0,1,10,1
7979,429,26,25000,Conservative,2025-05-18,14,Entertainment,Uber,1382.59,UPI,Tablet,0,0,1,0,0,4,3,1
7980,418,25,75000,Balanced,2025-10-03,14,Entertainment,Groww,1171.66,Credit Card,Mobile,1,0,0,0,0,4,2,1
7981,370,34,50000,Balanced,2025-11-11,21,Electronics,Myntra,14442.59,UPI,Mobile,0,0,0,0,0,6,5,0
7982,211,44,35000,Conservative,2025-02-14,3,Rent,Myntra,9591.56,Credit Card,Mobile,0,0,0,1,0,7,5,0
7983,116,37,35000,Balanced,2025-11-05,15,Electronics,Paytm,18721.43,UPI,Mobile,1,0,0,0,0,6,10,0
7984,123,39,50000,Balanced,2025-09-24,2,Groceries,PhonePe,362.97,UPI,Desktop,0,1,0,1,1,1,2,1
7985,336,40,25000,Conservative,2025-11-11,1,Fashion,Groww,770.13,Credit Card,Mobile,0,1,0,1,0,8,2,1
7986,456,34,50000,Balanced,2025-03-27,10,Groceries,Uber,1401.52,BNPL,Mobile,0,0,0,0,0,1,3,0
7987,3,36,15000,Balanced,2025-04-06,22,Entertainment,Netflix,1013.88,UPI,Desktop,0,1,0,0,0,9,1,0
7988,219,21,35000,Aggressive,2025-08-22,17,Entertainment,Amazon,458.25,Credit Card,Mobile,0,0,0,0,0,7,0,0
7989,500,24,35000,Conservative,2025-07-23,12,Entertainment,Myntra,168.21,UPI,Mobile,0,0,1,1,0,1,2,1
7990,46,28,25000,Conservative,2025-02-20,3,Utilities,PhonePe,2310.15,UPI,Mobile,0,0,0,0,0,1,1,0
7991,120,22,25000,Conservative,2025-10-23,3,Groceries,Amazon,1575.01,Credit Card,Mobile,0,0,0,0,1,10,1,0
7992,79,25,35000,Conservative,2025-09-05,6,Electronics,Zomato,11593.04,UPI,Mobile,1,0,0,1,0,5,6,0
7993,3,36,15000,Balanced,2025-11-14,5,Electronics,Myntra,14298.53,UPI,Mobile,0,0,0,1,0,6,10,0
7994,141,29,25000,Conservative,2025-11-27,14,Utilities,Swiggy,1137.05,UPI,Mobile,0,0,1,0,0,10,0,0
7995,296,32,35000,Balanced,2025-12-26,1,Education,BigBasket,4140.88,UPI,Mobile,0,1,1,1,1,4,4,1
7996,297,44,35000,Balanced,2025-10-08,3,Investment,Myntra,3364.63,UPI,Desktop,0,0,1,1,0,5,1,0
7997,402,19,15000,Aggressive,2025-09-23,23,Health,PhonePe,1924.59,UPI,Mobile,0,1,0,1,0,8,2,0
7998,53,41,50000,Conservative,2025-12-23,13,Travel,Amazon,8723.37,UPI,Desktop,0,0,0,0,1,2,3,0
7999,312,25,35000,Conservative,2025-01-04,12,Investment,Netflix,4975.54,UPI,Mobile,1,0,0,0,0,6,2,0
8000,258,41,15000,Conservative,2025-04-17,11,Groceries,Zomato,907.2,Debit Card,Mobile,0,0,0,0,1,5,1,0
8001,74,29,35000,Aggressive,2025-01-28,3,Food Delivery,Groww,329.9,UPI,Mobile,0,0,0,0,0,1,0,0
8002,104,27,50000,Aggressive,2025-09-22,11,Travel,Myntra,11046.4,UPI,Mobile,0,0,1,0,1,4,6,1
8003,488,23,75000,Balanced,2025-08-24,17,Food Delivery,Netflix,392.08,BNPL,Mobile,0,0,0,0,0,6,3,0
8004,452,36,50000,Balanced,2025-01-20,12,Travel,Netflix,11752.45,Credit Card,Mobile,0,0,0,0,1,9,4,0
8005,352,27,35000,Aggressive,2025-02-23,9,Health,Amazon,2735.55,UPI,Mobile,0,0,1,1,0,7,1,0
8006,388,26,75000,Conservative,2025-09-06,6,Entertainment,Groww,1161.46,Debit Card,Mobile,0,0,0,1,0,9,0,0
8007,348,40,15000,Aggressive,2025-10-13,2,Food Delivery,Swiggy,411.6,Cash,Mobile,0,1,0,1,0,6,0,0
8008,277,25,50000,Balanced,2025-01-01,22,Entertainment,BigBasket,830.65,UPI,Mobile,1,1,1,0,1,10,2,1
8009,460,20,35000,Conservative,2025-09-08,14,Electronics,Netflix,4449.24,Credit Card,Mobile,0,0,0,0,0,7,2,0
8010,384,33,75000,Balanced,2025-10-02,0,Rent,Zomato,10881.75,UPI,Mobile,1,1,0,1,0,1,2,0
8011,464,34,15000,Aggressive,2025-02-20,19,Groceries,Flipkart,892.41,Debit Card,Mobile,0,0,1,0,1,2,1,0
8012,309,18,15000,Aggressive,2025-06-17,14,Fashion,Netflix,2419.15,Cash,Mobile,0,0,0,1,1,7,5,1
8013,267,21,25000,Balanced,2025-06-07,15,Health,Netflix,1349.72,UPI,Mobile,0,0,1,0,1,3,1,0
8014,489,36,15000,Conservative,2025-07-05,20,Electronics,BigBasket,9300.09,UPI,Desktop,1,0,0,0,0,6,10,0
8015,184,18,35000,Balanced,2025-12-20,15,Investment,Netflix,2652.83,Credit Card,Desktop,0,0,0,0,0,6,1,0
8016,86,29,35000,Balanced,2025-10-14,11,Utilities,Croma,2489.23,Cash,Mobile,0,0,0,1,0,4,1,0
8017,406,42,35000,Conservative,2025-02-05,18,Utilities,Myntra,827.89,Debit Card,Desktop,1,0,0,0,0,7,0,0
8018,130,43,35000,Balanced,2025-10-28,8,Food Delivery,Uber,637.16,Credit Card,Mobile,0,0,0,1,0,1,2,1
8019,278,20,25000,Aggressive,2025-04-23,6,Groceries,Flipkart,712.36,UPI,Mobile,0,0,0,0,0,3,0,0
8020,131,18,35000,Balanced,2025-06-21,20,Utilities,Swiggy,498.85,Credit Card,Mobile,0,0,1,0,0,5,0,0
8021,56,34,100000,Conservative,2025-04-19,15,Health,Paytm,1893.39,UPI,Mobile,0,0,1,0,0,8,0,0
8022,265,32,50000,Balanced,2025-12-25,18,Rent,Swiggy,7547.17,UPI,Mobile,0,0,0,0,0,2,3,0
8023,329,36,35000,Balanced,2025-10-17,14,Food Delivery,Myntra,265.46,UPI,Mobile,0,0,0,1,0,7,0,0
8024,344,40,50000,Conservative,2025-07-11,2,EMI,Uber,7805.61,UPI,Mobile,0,1,1,0,0,8,5,1
8025,451,41,50000,Conservative,2025-02-28,21,Education,Zomato,1843.85,UPI,Mobile,0,0,1,1,0,3,0,0
8026,413,41,15000,Aggressive,2025-07-08,22,Rent,Uber,10558.84,Credit Card,Mobile,0,1,0,0,0,2,10,1
8027,173,44,25000,Conservative,2025-08-02,14,Travel,Amazon,6609.65,BNPL,Mobile,1,0,1,0,0,10,10,1
8028,330,34,35000,Balanced,2025-08-19,4,EMI,BigBasket,6868.35,Debit Card,Mobile,0,0,0,0,0,7,3,0
8029,432,22,50000,Conservative,2025-01-07,1,Education,Netflix,3762.15,UPI,Desktop,0,1,0,0,1,5,1,0
8030,192,38,50000,Balanced,2025-09-07,21,Electronics,Myntra,14348.23,UPI,Mobile,0,0,0,1,1,6,7,1
8031,369,28,25000,Conservative,2025-12-01,8,EMI,PhonePe,6057.79,UPI,Desktop,1,0,1,1,0,5,4,0
8032,278,20,25000,Aggressive,2025-03-10,7,Travel,BigBasket,3171.73,UPI,Mobile,0,0,1,1,1,1,4,1
8033,442,42,75000,Conservative,2025-05-06,12,Investment,Groww,7014.11,Cash,Mobile,0,0,0,1,0,2,1,0
8034,289,24,35000,Aggressive,2025-12-07,23,Fashion,Flipkart,1336.35,UPI,Desktop,0,1,0,0,0,10,0,0
8035,115,24,15000,Conservative,2025-01-21,7,Food Delivery,Croma,522.37,BNPL,Mobile,0,0,1,0,0,3,5,1
8036,407,42,50000,Balanced,2025-06-14,7,Travel,Swiggy,11909.62,Debit Card,Desktop,0,0,0,1,0,2,4,0
8037,497,32,25000,Conservative,2025-11-14,19,Food Delivery,Zomato,281.41,UPI,Mobile,0,0,0,0,0,2,0,0
8038,262,43,25000,Balanced,2025-08-29,17,Travel,Zomato,5758.74,UPI,Mobile,0,0,0,0,0,4,4,0
8039,182,36,100000,Balanced,2025-06-05,21,Travel,Amazon,13259.31,Credit Card,Mobile,1,0,0,0,0,7,2,0
8040,409,34,15000,Conservative,2025-05-17,2,Travel,Swiggy,7911.32,UPI,Tablet,0,1,0,0,1,2,10,1
8041,97,40,25000,Balanced,2025-05-05,1,EMI,BigBasket,5929.11,Credit Card,Mobile,1,1,1,1,1,5,6,1
8042,109,19,15000,Balanced,2025-07-21,7,Utilities,Flipkart,2716.1,UPI,Mobile,0,0,0,1,0,6,3,0
8043,155,39,25000,Conservative,2025-02-01,11,Electronics,Amazon,13824.96,UPI,Desktop,1,0,0,1,0,2,10,1
8044,409,34,15000,Conservative,2025-03-11,16,Investment,Uber,3773.91,UPI,Desktop,0,0,1,0,0,8,5,0
8045,386,33,50000,Conservative,2025-03-30,9,Travel,Uber,4466.51,UPI,Desktop,0,0,1,0,0,10,1,0
8046,299,37,25000,Aggressive,2025-01-21,2,Travel,Uber,10668.64,UPI,Mobile,0,1,0,0,0,9,8,0
8047,425,35,35000,Aggressive,2025-12-26,10,Rent,Swiggy,10236.72,UPI,Mobile,0,0,1,0,1,2,7,1
8048,319,42,35000,Balanced,2025-11-21,8,Education,Flipkart,1404.07,UPI,Tablet,0,0,1,0,0,10,0,0
8049,306,27,50000,Conservative,2025-02-01,8,Utilities,Flipkart,574.3,BNPL,Mobile,1,0,1,1,1,3,5,1
8050,384,33,75000,Balanced,2025-06-15,16,Electronics,PhonePe,16474.53,Credit Card,Desktop,0,0,0,0,1,6,6,1
8051,359,38,50000,Balanced,2025-07-25,5,Health,BigBasket,2775.28,UPI,Mobile,0,0,0,1,0,8,1,0
8052,300,23,25000,Balanced,2025-11-21,11,Travel,Flipkart,6529.56,UPI,Mobile,0,0,1,1,0,9,5,0
8053,263,23,100000,Balanced,2025-07-24,17,Health,BigBasket,2262.6,UPI,Mobile,0,0,1,0,0,3,0,0
8054,201,18,15000,Conservative,2025-01-29,15,Entertainment,Paytm,110.45,Credit Card,Mobile,0,0,0,0,0,3,2,1
8055,226,20,35000,Aggressive,2025-07-11,5,Education,Paytm,3776.25,Credit Card,Mobile,0,0,0,0,0,7,2,0
8056,426,20,50000,Conservative,2025-03-31,16,Travel,Paytm,5897.51,Credit Card,Mobile,0,0,0,1,1,1,4,1
8057,92,34,15000,Aggressive,2025-07-07,19,Fashion,BigBasket,2176.25,UPI,Desktop,0,0,0,1,0,8,2,0
8058,496,24,25000,Balanced,2025-03-06,5,Food Delivery,Swiggy,254.61,Debit Card,Mobile,0,0,1,1,0,8,0,0
8059,375,44,35000,Conservative,2025-09-15,19,Investment,Croma,9422.7,Debit Card,Tablet,0,0,1,1,0,2,7,1
8060,427,41,50000,Conservative,2025-10-28,3,EMI,Zomato,7294.44,Credit Card,Mobile,0,0,1,0,1,7,2,0
8061,16,32,50000,Balanced,2025-01-11,21,Electronics,Paytm,13857.94,UPI,Mobile,0,0,0,0,0,9,5,0
8062,140,18,100000,Aggressive,2025-11-27,16,Health,Myntra,100.0,UPI,Mobile,0,0,0,0,0,3,0,0
8063,345,36,35000,Balanced,2025-04-24,10,Rent,Swiggy,6930.51,Credit Card,Mobile,0,0,1,1,0,8,5,1
8064,125,22,35000,Balanced,2025-01-21,2,Entertainment,Flipkart,529.21,Credit Card,Mobile,0,1,0,0,0,5,2,1
8065,225,25,50000,Balanced,2025-05-20,9,Food Delivery,BigBasket,479.68,Credit Card,Desktop,0,0,0,1,1,9,2,1
8066,329,36,35000,Balanced,2025-06-14,23,Electronics,Groww,20038.48,UPI,Mobile,0,1,0,1,0,4,10,1
8067,399,32,50000,Balanced,2025-08-11,8,Food Delivery,Swiggy,493.23,UPI,Tablet,0,0,1,1,0,4,2,1
8068,328,25,35000,Conservative,2025-07-13,18,Travel,Uber,9801.84,Debit Card,Mobile,0,0,0,0,1,1,5,0
8069,64,33,50000,Conservative,2025-11-21,2,Fashion,Swiggy,1937.14,UPI,Mobile,0,1,1,1,1,4,2,1
8070,199,42,100000,Aggressive,2025-12-10,16,Groceries,BigBasket,1149.25,Credit Card,Mobile,0,0,1,0,0,7,0,0
8071,313,38,25000,Aggressive,2025-06-19,17,Fashion,Paytm,1730.96,UPI,Tablet,0,0,0,0,0,2,1,0
8072,471,20,25000,Conservative,2025-03-15,7,Health,Netflix,457.91,UPI,Mobile,0,0,1,0,1,5,0,0
8073,499,44,15000,Aggressive,2025-01-06,4,Rent,Netflix,8464.51,Debit Card,Tablet,0,0,1,1,0,1,10,1
8074,95,31,100000,Aggressive,2025-07-02,15,Education,Flipkart,2615.53,UPI,Mobile,1,0,0,1,1,5,0,0
8075,180,32,75000,Balanced,2025-06-01,22,Health,Paytm,100.0,Credit Card,Mobile,1,1,0,1,1,6,2,1
8076,198,32,25000,Balanced,2025-12-23,3,Education,BigBasket,3154.23,UPI,Mobile,0,0,0,1,0,8,2,0
8077,313,38,25000,Aggressive,2025-10-19,17,Education,Netflix,2489.16,Credit Card,Mobile,0,0,0,0,1,8,1,0
8078,239,31,15000,Conservative,2025-04-30,5,Utilities,Amazon,2442.03,UPI,Mobile,0,0,0,0,0,8,3,0
8079,17,25,15000,Aggressive,2025-06-21,16,Travel,Flipkart,8408.12,Debit Card,Desktop,0,0,1,0,0,5,10,0
8080,270,25,50000,Conservative,2025-07-27,0,EMI,Groww,3625.64,Debit Card,Mobile,0,1,0,0,0,10,1,0
8081,428,21,35000,Conservative,2025-04-19,0,Health,PhonePe,710.35,UPI,Mobile,0,1,0,1,0,6,0,0
8082,412,32,35000,Conservative,2025-07-15,13,Rent,Myntra,14525.73,UPI,Desktop,0,0,0,1,0,8,8,0
8083,319,42,35000,Balanced,2025-03-23,6,Food Delivery,PhonePe,413.5,UPI,Mobile,0,0,0,0,1,9,0,0
8084,367,39,50000,Conservative,2025-02-08,4,Food Delivery,Zomato,329.02,Debit Card,Mobile,0,0,0,0,0,8,0,0
8085,437,36,50000,Conservative,2025-06-26,12,Investment,BigBasket,7499.72,BNPL,Mobile,0,0,1,0,0,5,5,0
8086,444,28,100000,Balanced,2025-07-29,0,EMI,Paytm,5896.91,Credit Card,Desktop,0,1,1,0,0,2,3,1
8087,160,37,50000,Balanced,2025-02-15,6,Groceries,Groww,1589.41,Cash,Mobile,0,0,0,0,0,7,0,0
8088,265,32,50000,Balanced,2025-05-16,1,Rent,Myntra,9603.04,Debit Card,Mobile,0,1,0,0,0,4,5,1
8089,491,39,35000,Balanced,2025-03-29,5,Travel,Flipkart,8954.06,Credit Card,Mobile,0,0,1,0,0,2,7,1
8090,440,25,25000,Conservative,2025-05-07,9,Electronics,Groww,11087.87,UPI,Desktop,0,0,1,0,0,2,10,1
8091,190,22,100000,Aggressive,2025-04-20,19,EMI,Myntra,8914.94,Credit Card,Mobile,0,0,0,0,0,4,1,0
8092,185,33,50000,Aggressive,2025-09-02,17,Utilities,Flipkart,1321.35,Credit Card,Mobile,1,0,0,0,0,7,0,0
8093,323,26,15000,Balanced,2025-06-28,19,Rent,Myntra,17470.14,Credit Card,Mobile,0,0,0,0,1,10,10,0
8094,438,19,35000,Aggressive,2025-01-05,6,Health,Netflix,2880.51,Credit Card,Mobile,1,0,1,1,0,4,3,1
8095,101,19,25000,Conservative,2025-12-17,10,Education,Paytm,3033.48,Debit Card,Mobile,0,0,0,0,0,10,2,0
8096,419,38,50000,Conservative,2025-10-22,16,Rent,Uber,20920.55,UPI,Mobile,0,0,1,0,1,4,10,1
8097,367,39,50000,Conservative,2025-08-15,13,Rent,Amazon,15741.28,UPI,Mobile,0,0,0,0,0,8,6,0
8098,359,38,50000,Balanced,2025-09-29,14,Travel,Flipkart,16953.49,UPI,Tablet,0,0,0,0,0,2,6,0
8099,175,43,50000,Balanced,2025-07-06,10,Utilities,BigBasket,1834.69,Credit Card,Mobile,0,0,0,1,0,1,0,0
8100,373,43,15000,Conservative,2025-06-09,15,Groceries,Zomato,987.13,UPI,Desktop,0,0,0,1,0,2,1,0
8101,291,40,15000,Conservative,2025-05-18,4,Rent,Uber,13191.55,Cash,Mobile,0,0,0,0,0,6,10,0
8102,188,43,25000,Balanced,2025-04-13,16,Food Delivery,Zomato,458.83,Credit Card,Mobile,0,0,0,0,0,1,2,1
8103,365,30,50000,Balanced,2025-07-17,11,Investment,PhonePe,3859.05,UPI,Mobile,0,0,0,1,0,6,1,0
8104,283,32,35000,Conservative,2025-03-01,0,Education,Netflix,2615.73,UPI,Mobile,1,1,0,0,0,2,1,0
8105,225,25,50000,Balanced,2025-12-14,22,Entertainment,Netflix,665.7,UPI,Mobile,0,1,0,0,0,4,2,1
8106,476,25,50000,Aggressive,2025-11-13,13,Rent,Croma,14798.79,Credit Card,Desktop,0,0,1,1,0,8,7,1
8107,162,38,35000,Conservative,2025-10-13,11,Investment,Uber,6144.58,Credit Card,Mobile,0,0,0,0,0,7,3,0
8108,457,39,25000,Balanced,2025-09-19,3,Fashion,Groww,2000.04,Credit Card,Mobile,0,0,0,1,0,8,1,0
8109,200,30,15000,Conservative,2025-09-11,5,Electronics,Amazon,18404.11,Cash,Mobile,0,0,0,0,0,6,10,0
8110,12,42,15000,Balanced,2025-04-02,0,Entertainment,Paytm,808.61,Credit Card,Tablet,1,1,1,0,1,4,3,1
8111,85,20,50000,Balanced,2025-09-24,7,Rent,Myntra,14291.22,Credit Card,Mobile,0,0,0,0,0,6,5,0
8112,269,40,35000,Conservative,2025-11-25,5,Travel,Flipkart,10120.29,UPI,Desktop,0,0,0,0,0,7,5,0
8113,225,25,50000,Balanced,2025-02-17,14,Travel,Swiggy,8410.36,UPI,Mobile,0,0,0,0,0,8,3,0
8114,139,36,50000,Balanced,2025-04-10,19,Education,Myntra,3079.18,UPI,Desktop,0,0,0,0,0,7,1,0
8115,320,41,25000,Balanced,2025-07-12,18,Entertainment,Zomato,885.86,Credit Card,Tablet,0,0,1,1,1,2,2,1
8116,34,44,35000,Conservative,2025-09-19,21,Education,BigBasket,3802.22,Debit Card,Tablet,0,0,0,1,0,5,2,0
8117,209,39,50000,Balanced,2025-05-19,7,Groceries,Croma,1441.66,UPI,Mobile,0,0,0,0,1,2,0,0
8118,475,31,25000,Conservative,2025-11-30,10,Education,Flipkart,2724.41,Credit Card,Mobile,0,0,0,0,0,6,2,0
8119,197,41,25000,Aggressive,2025-06-06,23,Investment,PhonePe,5787.83,UPI,Mobile,0,1,0,1,0,8,4,0
8120,391,31,15000,Balanced,2025-07-11,9,Travel,Paytm,10038.61,UPI,Mobile,0,0,0,1,0,1,10,0
8121,304,29,15000,Aggressive,2025-08-09,1,Food Delivery,Amazon,305.98,BNPL,Mobile,0,1,0,0,1,8,5,1
8122,295,41,35000,Balanced,2025-01-09,22,Food Delivery,Groww,327.67,UPI,Mobile,0,1,1,1,0,4,2,1
8123,311,18,75000,Balanced,2025-12-10,13,Groceries,Swiggy,353.21,Credit Card,Mobile,0,0,1,1,1,9,2,1
8124,284,32,25000,Balanced,2025-06-08,15,Food Delivery,Zomato,577.49,Credit Card,Desktop,0,0,0,1,0,2,2,1
8125,366,43,35000,Conservative,2025-01-16,17,Fashion,Zomato,3861.0,Debit Card,Tablet,0,0,0,0,0,9,2,0
8126,228,35,25000,Conservative,2025-08-07,6,Investment,Zomato,2767.26,Credit Card,Desktop,0,0,1,1,0,7,2,0
8127,337,25,15000,Balanced,2025-08-08,16,Fashion,Amazon,1630.49,Cash,Mobile,0,0,0,0,0,7,2,0
8128,9,27,15000,Aggressive,2025-02-25,13,Groceries,Groww,1320.18,UPI,Mobile,0,0,0,0,1,4,1,0
8129,229,38,35000,Balanced,2025-10-12,22,Investment,BigBasket,5503.07,Debit Card,Mobile,0,1,0,1,1,4,5,1
8130,372,39,15000,Balanced,2025-07-02,13,Rent,Swiggy,15681.0,Credit Card,Mobile,1,0,0,0,0,3,10,1
8131,472,23,25000,Conservative,2025-09-03,15,Travel,Myntra,7932.7,UPI,Mobile,1,0,0,0,0,6,6,0
8132,158,37,35000,Balanced,2025-09-22,14,Entertainment,Flipkart,567.31,Credit Card,Mobile,0,0,0,0,0,6,0,0
8133,11,36,25000,Aggressive,2025-02-07,0,Investment,Flipkart,3076.64,UPI,Mobile,0,1,0,0,1,7,2,0
8134,78,28,75000,Balanced,2025-12-11,17,Travel,Swiggy,11776.54,Credit Card,Mobile,0,0,0,0,1,9,3,0
8135,342,38,35000,Conservative,2025-10-28,7,Travel,BigBasket,8019.85,Credit Card,Desktop,0,0,1,0,1,9,6,1
8136,285,25,25000,Balanced,2025-12-08,15,Health,Groww,2308.07,Credit Card,Mobile,0,0,0,0,0,10,1,0
8137,226,20,35000,Aggressive,2025-02-05,4,Electronics,Amazon,20289.93,BNPL,Desktop,1,0,0,0,1,10,10,1
8138,230,29,25000,Conservative,2025-10-28,11,Food Delivery,PhonePe,418.42,Debit Card,Mobile,0,0,0,0,0,7,0,0
8139,437,36,50000,Conservative,2025-02-25,13,Food Delivery,PhonePe,436.65,Cash,Mobile,0,0,1,1,0,9,0,0
8140,10,32,35000,Balanced,2025-03-21,0,Utilities,Swiggy,2643.24,Credit Card,Mobile,0,1,0,0,0,3,3,1
8141,404,20,15000,Conservative,2025-05-18,0,EMI,Paytm,7672.5,UPI,Mobile,0,1,0,1,0,7,10,0
8142,17,25,15000,Aggressive,2025-04-06,17,Education,Netflix,2068.86,UPI,Mobile,0,0,1,0,0,6,2,0
8143,355,19,35000,Conservative,2025-02-24,7,Education,Groww,1044.53,UPI,Mobile,0,0,0,0,0,4,0,0
8144,412,32,35000,Conservative,2025-01-23,18,Health,Amazon,656.91,Credit Card,Mobile,0,0,0,0,0,2,0,0
8145,333,36,35000,Balanced,2025-06-04,0,Travel,Swiggy,7237.85,Credit Card,Mobile,1,1,0,1,0,4,6,1
8146,20,35,50000,Aggressive,2025-04-19,14,Investment,Paytm,6226.21,UPI,Desktop,0,0,0,1,0,1,2,0
8147,453,19,25000,Balanced,2025-12-20,13,Food Delivery,Amazon,457.15,UPI,Tablet,0,0,1,0,1,1,2,1
8148,422,22,15000,Aggressive,2025-11-16,11,Food Delivery,PhonePe,316.26,UPI,Desktop,0,0,0,0,1,10,0,0
8149,214,23,35000,Aggressive,2025-04-23,10,Fashion,BigBasket,1262.14,UPI,Mobile,0,0,0,0,1,4,0,0
8150,402,19,15000,Aggressive,2025-08-02,5,Food Delivery,BigBasket,438.17,UPI,Mobile,1,0,1,0,1,1,2,1
8151,124,38,35000,Balanced,2025-08-18,17,Utilities,Uber,2396.57,Credit Card,Desktop,0,0,1,0,0,7,1,0
8152,411,42,25000,Aggressive,2025-08-26,5,Utilities,Amazon,2485.71,BNPL,Mobile,0,0,0,0,0,5,4,0
8153,422,22,15000,Aggressive,2025-09-07,9,EMI,Myntra,3876.94,BNPL,Mobile,0,0,0,0,0,1,10,1
8154,199,42,100000,Aggressive,2025-04-23,17,Food Delivery,Zomato,384.07,UPI,Mobile,0,0,1,1,1,1,2,1
8155,350,19,75000,Conservative,2025-06-12,10,Entertainment,Uber,1173.07,Debit Card,Tablet,0,0,0,1,0,10,0,0
8156,459,32,100000,Balanced,2025-11-21,5,Groceries,Swiggy,1355.43,UPI,Desktop,0,0,0,0,0,4,0,0
8157,399,32,50000,Balanced,2025-12-08,23,Travel,Uber,8447.04,Cash,Desktop,0,1,0,0,1,1,5,1
8158,132,43,35000,Balanced,2025-12-20,21,Electronics,Myntra,16206.76,Debit Card,Mobile,0,0,1,1,0,10,10,1
8159,116,37,35000,Balanced,2025-02-01,18,Groceries,Paytm,1328.32,UPI,Mobile,1,0,0,0,1,1,0,0
8160,175,43,50000,Balanced,2025-10-05,0,Travel,Netflix,6588.23,UPI,Desktop,1,1,0,0,0,2,2,0
8161,495,43,25000,Conservative,2025-11-26,15,Groceries,Amazon,1292.66,Cash,Mobile,0,0,0,0,0,10,1,0
8162,194,35,35000,Balanced,2025-12-17,21,Travel,Zomato,11137.81,Credit Card,Mobile,0,0,0,1,0,7,6,0
8163,413,41,15000,Aggressive,2025-04-08,12,Education,PhonePe,4209.42,UPI,Desktop,0,0,0,0,0,9,5,0
8164,18,21,25000,Balanced,2025-03-30,2,Electronics,Groww,15729.5,UPI,Mobile,0,1,1,1,0,9,10,1
8165,134,36,35000,Aggressive,2025-10-14,22,Investment,Paytm,4445.78,UPI,Mobile,0,1,0,0,0,5,2,0
8166,5,39,15000,Balanced,2025-12-22,13,Groceries,Croma,1426.2,UPI,Mobile,0,0,0,1,0,10,1,0
8167,267,21,25000,Balanced,2025-07-17,5,Travel,Swiggy,7533.79,UPI,Mobile,0,0,0,0,0,4,6,0
8168,258,41,15000,Conservative,2025-09-16,15,Travel,Groww,9049.18,UPI,Mobile,0,0,0,1,1,1,10,1
8169,333,36,35000,Balanced,2025-04-29,17,Utilities,Flipkart,2643.09,Debit Card,Desktop,0,0,0,1,1,8,1,0
8170,12,42,15000,Balanced,2025-09-22,1,Entertainment,Paytm,743.75,Credit Card,Mobile,0,1,0,0,1,4,2,1
8171,337,25,15000,Balanced,2025-08-11,18,Rent,Netflix,13194.19,UPI,Mobile,0,0,0,0,0,10,10,0
8172,197,41,25000,Aggressive,2025-11-29,14,Education,Myntra,5075.27,UPI,Mobile,0,0,0,1,1,4,6,1
8173,51,18,15000,Conservative,2025-01-24,22,Entertainment,Amazon,1430.2,Cash,Mobile,0,1,0,0,0,9,1,0
8174,274,35,15000,Balanced,2025-05-22,23,Entertainment,PhonePe,1002.02,UPI,Mobile,0,1,1,0,0,6,3,1
8175,141,29,25000,Conservative,2025-10-04,0,Travel,Swiggy,4215.71,UPI,Mobile,1,1,0,0,0,2,5,1
8176,89,44,50000,Balanced,2025-09-13,14,Health,Croma,2607.64,UPI,Mobile,0,0,0,0,0,5,1,0
8177,227,43,25000,Aggressive,2025-03-01,7,Education,Uber,1803.23,BNPL,Desktop,1,0,0,0,1,4,4,0
8178,177,42,25000,Conservative,2025-02-04,22,Rent,Zomato,18108.62,UPI,Mobile,1,1,1,1,0,7,10,1
8179,70,42,15000,Aggressive,2025-07-17,21,Entertainment,Croma,492.41,UPI,Mobile,0,0,1,0,1,10,0,0
8180,102,43,50000,Balanced,2025-05-21,17,Utilities,Zomato,2347.16,UPI,Mobile,0,0,0,1,0,8,0,0
8181,51,18,15000,Conservative,2025-06-04,7,Entertainment,Zomato,1003.33,UPI,Desktop,1,0,0,1,0,3,1,0
8182,61,28,25000,Conservative,2025-06-17,9,Rent,Swiggy,13340.69,Debit Card,Mobile,0,0,0,1,0,9,10,0
8183,308,25,50000,Aggressive,2025-02-17,6,Food Delivery,Uber,501.26,UPI,Desktop,0,0,0,1,0,9,0,0
8184,168,19,15000,Conservative,2025-10-11,16,Utilities,Croma,1226.87,Credit Card,Mobile,0,0,0,0,0,2,1,0
8185,252,44,100000,Balanced,2025-05-25,6,Food Delivery,Uber,644.49,UPI,Desktop,0,0,1,0,1,9,0,0
8186,361,43,50000,Conservative,2025-08-18,0,Travel,Zomato,11978.73,UPI,Mobile,0,1,0,0,0,4,6,1
8187,289,24,35000,Aggressive,2025-04-19,9,Travel,Zomato,6172.08,Debit Card,Desktop,0,0,0,1,0,9,3,0
8188,92,34,15000,Aggressive,2025-08-06,9,Rent,Myntra,11213.4,Credit Card,Mobile,0,0,0,1,0,3,10,1
8189,411,42,25000,Aggressive,2025-02-05,14,Fashion,BigBasket,2333.82,UPI,Desktop,1,0,0,1,0,7,1,0
8190,424,34,25000,Conservative,2025-05-15,6,Travel,PhonePe,7950.75,UPI,Mobile,0,0,0,1,1,9,6,0
8191,65,23,50000,Aggressive,2025-11-13,11,Rent,Swiggy,11703.58,UPI,Mobile,0,0,1,1,0,4,6,1
8192,130,43,35000,Balanced,2025-02-27,14,Health,Netflix,3315.22,Cash,Mobile,0,0,0,0,0,5,1,0
8193,308,25,50000,Aggressive,2025-06-27,7,Education,Amazon,4784.58,Debit Card,Mobile,0,0,0,1,0,9,1,0
8194,50,25,35000,Balanced,2025-07-31,5,Investment,Uber,2555.07,UPI,Mobile,0,0,0,0,0,9,1,0
8195,87,39,25000,Aggressive,2025-03-16,3,Utilities,Paytm,955.46,BNPL,Mobile,0,0,0,1,1,3,5,1
8196,71,27,25000,Balanced,2025-02-24,3,Food Delivery,Groww,473.58,UPI,Mobile,0,0,0,0,0,10,0,0
8197,159,38,15000,Balanced,2025-11-26,2,EMI,Groww,7780.32,UPI,Mobile,0,1,1,0,0,7,10,1
8198,95,31,100000,Aggressive,2025-09-11,8,Entertainment,Flipkart,167.47,Credit Card,Mobile,0,0,0,0,0,6,0,0
8199,293,18,15000,Balanced,2025-11-02,17,Utilities,Flipkart,1661.28,UPI,Mobile,1,0,0,1,1,8,2,0
8200,62,23,25000,Balanced,2025-11-11,19,Groceries,Myntra,636.5,Credit Card,Mobile,0,0,0,0,0,4,0,0
8201,262,43,25000,Balanced,2025-12-02,11,Groceries,PhonePe,1766.85,UPI,Desktop,1,0,0,1,0,5,1,0
8202,445,40,15000,Aggressive,2025-10-11,21,Food Delivery,Myntra,736.27,UPI,Mobile,0,0,1,0,0,4,2,1
8203,282,36,35000,Balanced,2025-01-23,9,Food Delivery,Croma,448.67,UPI,Desktop,0,0,0,1,0,8,0,0
8204,231,31,25000,Conservative,2025-03-09,12,Investment,Zomato,10197.39,UPI,Desktop,0,0,0,0,0,8,8,0
8205,479,20,25000,Balanced,2025-07-24,21,Rent,Myntra,8186.28,Credit Card,Mobile,0,0,1,0,0,9,8,1
8206,356,39,35000,Balanced,2025-05-14,19,Rent,Paytm,15968.73,UPI,Desktop,0,0,1,0,1,6,9,0
8207,318,29,75000,Conservative,2025-11-13,12,EMI,Uber,11555.05,BNPL,Mobile,0,0,1,1,0,6,8,1
8208,78,28,75000,Balanced,2025-10-08,21,Travel,Swiggy,2898.84,Credit Card,Mobile,0,0,0,0,1,7,0,0
8209,484,28,100000,Conservative,2025-05-02,4,EMI,Swiggy,2588.49,UPI,Mobile,1,0,0,1,1,7,0,0
8210,261,42,50000,Balanced,2025-06-25,13,Health,Zomato,2502.54,BNPL,Mobile,0,0,0,1,0,6,4,0
8211,364,30,50000,Conservative,2025-02-04,7,Electronics,Swiggy,13975.22,Debit Card,Mobile,1,0,1,0,0,9,7,1
8212,479,20,25000,Balanced,2025-05-15,14,Food Delivery,BigBasket,475.03,UPI,Mobile,0,0,0,0,1,10,0,0
8213,432,22,50000,Conservative,2025-10-17,8,Utilities,Croma,936.95,Credit Card,Mobile,0,0,1,0,0,4,2,1
8214,437,36,50000,Conservative,2025-12-14,13,Fashion,PhonePe,3463.97,UPI,Tablet,0,0,0,0,0,1,1,0
8215,197,41,25000,Aggressive,2025-02-04,15,Entertainment,Swiggy,1257.39,Debit Card,Tablet,1,0,0,0,0,6,1,0
8216,190,22,100000,Aggressive,2025-09-20,14,Utilities,Flipkart,1775.54,UPI,Mobile,0,0,0,0,0,3,0,0
8217,19,23,25000,Balanced,2025-02-19,18,Food Delivery,Uber,351.19,BNPL,Mobile,0,0,0,0,0,6,3,0
8218,199,42,100000,Aggressive,2025-06-20,6,Investment,Amazon,4939.06,Credit Card,Tablet,0,0,0,0,0,1,0,0
8219,104,27,50000,Aggressive,2025-05-29,0,Rent,Myntra,10306.87,Credit Card,Mobile,0,1,0,1,0,1,6,1
8220,272,32,35000,Balanced,2025-08-05,21,Food Delivery,BigBasket,587.39,BNPL,Desktop,1,0,0,0,0,9,3,0
8221,98,35,35000,Aggressive,2025-08-30,20,Investment,Flipkart,5047.52,UPI,Mobile,0,0,1,1,0,4,2,0
8222,439,18,75000,Balanced,2025-05-22,13,Fashion,Swiggy,3735.55,Credit Card,Mobile,0,0,1,0,0,2,2,1
8223,446,38,50000,Conservative,2025-05-04,10,Food Delivery,Zomato,100.0,BNPL,Mobile,1,0,1,0,1,7,5,1
8224,123,39,50000,Balanced,2025-05-22,7,Utilities,Amazon,2174.1,UPI,Mobile,0,0,0,0,1,7,0,0
8225,97,40,25000,Balanced,2025-09-13,13,Food Delivery,Flipkart,100.0,UPI,Mobile,0,0,1,0,0,8,0,0
8226,391,31,15000,Balanced,2025-01-26,23,EMI,Flipkart,8232.22,Credit Card,Mobile,0,1,0,1,0,7,10,1
8227,236,37,25000,Conservative,2025-09-20,17,Entertainment,Croma,1058.84,Debit Card,Mobile,0,0,0,0,0,8,0,0
8228,233,32,35000,Conservative,2025-10-12,18,Food Delivery,Flipkart,458.22,Credit Card,Mobile,0,0,0,0,1,1,2,1
8229,90,32,35000,Conservative,2025-01-17,11,Rent,Myntra,14274.01,UPI,Tablet,0,0,1,0,0,2,10,1
8230,424,34,25000,Conservative,2025-01-05,7,Investment,Swiggy,5146.8,Debit Card,Mobile,1,0,1,0,0,1,6,1
8231,71,27,25000,Balanced,2025-11-29,12,Utilities,Swiggy,1757.44,Cash,Mobile,0,0,0,0,1,7,1,0
8232,63,23,25000,Aggressive,2025-03-20,10,Fashion,Uber,2644.95,BNPL,Mobile,0,0,1,0,0,3,7,1
8233,179,43,15000,Aggressive,2025-03-25,9,EMI,Zomato,8361.54,Credit Card,Mobile,0,0,0,0,0,8,10,0
8234,106,24,35000,Balanced,2025-09-13,15,Utilities,Myntra,1576.36,Credit Card,Mobile,0,0,0,0,0,7,0,0
8235,128,22,15000,Conservative,2025-01-19,18,Utilities,Groww,1779.12,UPI,Mobile,0,0,0,0,0,7,2,0
8236,96,18,15000,Conservative,2025-10-09,17,Travel,Groww,7292.73,Cash,Mobile,0,0,1,1,0,9,9,0
8237,346,19,75000,Balanced,2025-08-25,17,Investment,PhonePe,1782.68,Debit Card,Mobile,0,0,0,1,0,5,0,0
8238,212,32,35000,Balanced,2025-12-22,4,Health,Groww,886.47,Debit Card,Mobile,0,0,0,1,1,3,0,0
8239,454,22,15000,Aggressive,2025-08-06,23,Utilities,Netflix,2638.53,UPI,Tablet,0,1,0,0,1,7,3,0
8240,154,34,35000,Aggressive,2025-08-09,8,Travel,Flipkart,10519.56,Debit Card,Desktop,0,0,1,1,0,9,6,0
8241,393,40,50000,Balanced,2025-11-17,5,Groceries,Paytm,1660.57,UPI,Desktop,0,0,0,0,0,1,0,0
8242,18,21,25000,Balanced,2025-09-26,15,Food Delivery,Swiggy,686.3,UPI,Mobile,0,0,0,0,0,8,0,0
8243,247,20,35000,Balanced,2025-08-02,5,Travel,PhonePe,6860.95,Debit Card,Mobile,1,0,0,0,0,9,3,0
8244,257,36,15000,Balanced,2025-11-16,12,Health,Paytm,2641.14,UPI,Desktop,0,0,0,0,0,8,3,0
8245,466,37,50000,Balanced,2025-02-23,4,Groceries,Paytm,1978.93,Credit Card,Mobile,0,0,0,0,0,4,0,0
8246,439,18,75000,Balanced,2025-07-16,19,Food Delivery,Groww,707.06,UPI,Mobile,0,0,1,0,0,9,0,0
8247,26,18,15000,Balanced,2025-06-09,9,Investment,Paytm,7216.34,UPI,Mobile,0,0,0,1,0,2,9,0
8248,340,31,35000,Aggressive,2025-04-29,19,Rent,Uber,13083.07,UPI,Mobile,0,0,1,1,0,6,7,0
8249,272,32,35000,Balanced,2025-06-24,1,Rent,Netflix,4307.61,Credit Card,Mobile,0,1,1,1,0,7,4,1
8250,50,25,35000,Balanced,2025-07-23,16,Education,Netflix,5578.48,UPI,Desktop,0,0,0,0,0,1,3,0
8251,449,31,25000,Balanced,2025-03-23,21,Fashion,Croma,3634.49,Credit Card,Mobile,0,0,1,1,0,6,4,1
8252,469,38,75000,Aggressive,2025-03-01,4,Fashion,Croma,1342.94,UPI,Mobile,1,0,0,0,0,10,0,0
8253,431,27,50000,Balanced,2025-06-20,22,Rent,Zomato,9596.05,Credit Card,Desktop,0,1,1,0,0,1,5,1
8254,52,32,25000,Conservative,2025-10-29,23,Rent,Netflix,15617.55,Debit Card,Mobile,0,1,0,1,0,8,10,0
8255,208,25,15000,Balanced,2025-07-10,9,Fashion,Amazon,1686.34,UPI,Mobile,0,0,0,0,0,1,2,0
8256,277,25,50000,Balanced,2025-08-11,10,Investment,Amazon,6686.02,UPI,Mobile,0,0,1,0,1,5,2,0
8257,293,18,15000,Balanced,2025-06-02,8,Food Delivery,Flipkart,504.72,UPI,Tablet,1,0,1,0,1,10,0,0
8258,149,41,50000,Aggressive,2025-03-09,14,Groceries,PhonePe,1409.82,UPI,Desktop,0,0,0,0,0,4,0,0
8259,479,20,25000,Balanced,2025-10-20,19,Utilities,Paytm,1039.61,Credit Card,Mobile,0,0,0,0,0,5,0,0
8260,69,35,50000,Balanced,2025-05-07,19,Investment,Amazon,7231.17,UPI,Mobile,0,0,0,1,1,9,2,0
8261,455,21,15000,Conservative,2025-05-04,1,Fashion,BigBasket,2033.36,Cash,Tablet,1,1,0,1,1,1,4,1
8262,119,36,35000,Conservative,2025-03-21,4,EMI,Groww,7186.43,Debit Card,Mobile,0,0,0,0,0,2,4,0
8263,388,26,75000,Conservative,2025-11-28,0,Electronics,Uber,14134.39,Debit Card,Mobile,0,1,0,1,0,4,5,1
8264,279,44,35000,Aggressive,2025-03-18,1,EMI,BigBasket,3329.62,Credit Card,Mobile,0,1,1,0,0,8,3,1
8265,335,24,50000,Conservative,2025-12-05,0,Utilities,Netflix,1286.96,Debit Card,Mobile,1,1,0,1,1,9,0,0
8266,22,25,35000,Balanced,2025-09-29,2,Investment,Paytm,5617.3,Credit Card,Mobile,0,1,0,1,0,7,5,1
8267,100,35,35000,Aggressive,2025-09-12,7,Food Delivery,Groww,529.47,UPI,Mobile,0,0,0,0,1,5,0,0
8268,315,37,35000,Aggressive,2025-08-25,0,Utilities,Paytm,1422.53,Debit Card,Mobile,0,1,0,1,0,3,0,0
8269,203,20,35000,Balanced,2025-03-12,6,Fashion,BigBasket,3684.72,UPI,Mobile,0,0,0,0,0,10,2,0
8270,249,25,35000,Balanced,2025-08-26,11,Travel,Amazon,5964.04,Debit Card,Desktop,0,0,0,0,0,10,3,0
8271,115,24,15000,Conservative,2025-06-03,20,Education,Flipkart,3220.14,Credit Card,Mobile,1,0,0,0,1,5,4,0
8272,307,26,35000,Balanced,2025-09-17,5,Food Delivery,BigBasket,486.81,UPI,Mobile,0,0,1,1,1,1,2,1
8273,287,25,50000,Conservative,2025-05-20,8,Groceries,Groww,873.54,Debit Card,Mobile,0,0,0,1,0,4,0,0
8274,118,27,25000,Balanced,2025-03-07,5,Entertainment,Croma,967.51,Credit Card,Mobile,0,0,1,0,1,3,2,1
8275,383,42,35000,Conservative,2025-05-26,22,Education,Paytm,2092.56,UPI,Desktop,0,1,0,1,1,7,1,0
8276,241,32,15000,Aggressive,2025-08-13,23,Electronics,Flipkart,12132.94,UPI,Mobile,0,1,0,0,1,4,10,1
8277,115,24,15000,Conservative,2025-04-10,23,Health,PhonePe,2658.66,UPI,Desktop,0,1,1,1,0,6,5,1
8278,155,39,25000,Conservative,2025-06-04,15,Fashion,Amazon,3145.53,UPI,Mobile,1,0,0,0,0,1,2,0
8279,295,41,35000,Balanced,2025-02-03,2,Investment,PhonePe,3777.36,UPI,Mobile,1,1,0,1,0,4,2,0
8280,375,44,35000,Conservative,2025-12-14,21,EMI,Uber,5604.77,UPI,Mobile,0,0,0,0,0,1,3,0
8281,121,26,50000,Conservative,2025-06-08,22,Education,Swiggy,3165.11,Debit Card,Mobile,0,1,0,0,0,9,1,0
8282,277,25,50000,Balanced,2025-10-20,15,Education,PhonePe,3364.2,Credit Card,Desktop,0,0,0,1,0,5,1,0
8283,486,31,100000,Balanced,2025-05-26,8,Rent,Zomato,10201.09,Debit Card,Desktop,0,0,0,0,0,4,2,0
8284,185,33,50000,Aggressive,2025-10-27,14,EMI,Myntra,3713.0,UPI,Mobile,0,0,0,0,0,1,1,0
8285,33,22,50000,Balanced,2025-06-11,6,Health,Myntra,2144.75,Credit Card,Mobile,0,0,0,0,0,10,0,0
8286,348,40,15000,Aggressive,2025-11-09,6,Education,Paytm,516.02,UPI,Mobile,0,0,0,0,1,7,0,0
8287,17,25,15000,Aggressive,2025-08-21,22,Groceries,BigBasket,1522.05,UPI,Desktop,0,1,0,1,1,6,2,0
8288,497,32,25000,Conservative,2025-07-07,22,Education,Uber,1802.87,Credit Card,Mobile,0,1,0,0,1,10,1,0
8289,35,32,50000,Balanced,2025-09-06,16,Entertainment,Myntra,989.61,UPI,Mobile,0,0,0,0,0,1,0,0
8290,159,38,15000,Balanced,2025-02-10,0,Rent,PhonePe,12243.05,Debit Card,Mobile,0,1,0,0,0,10,10,0
8291,53,41,50000,Conservative,2025-04-16,20,Health,PhonePe,1824.93,UPI,Mobile,0,0,0,0,1,3,0,0
8292,169,36,35000,Aggressive,2025-03-20,16,Fashion,Croma,2543.39,UPI,Mobile,0,0,0,0,0,5,1,0
8293,341,33,25000,Balanced,2025-08-02,20,EMI,Swiggy,8747.35,UPI,Mobile,1,0,0,0,0,4,6,0
8294,115,24,15000,Conservative,2025-06-30,20,Electronics,Myntra,7966.38,Credit Card,Mobile,0,0,0,1,0,10,10,1
8295,190,22,100000,Aggressive,2025-01-01,12,Entertainment,Paytm,1330.98,UPI,Desktop,1,0,1,0,0,8,0,0
8296,369,28,25000,Conservative,2025-05-01,4,Entertainment,Myntra,546.47,BNPL,Mobile,1,0,0,1,0,3,5,1
8297,41,30,35000,Conservative,2025-09-12,22,Utilities,Uber,886.06,Cash,Mobile,0,1,1,0,0,8,0,0
8298,497,32,25000,Conservative,2025-08-27,1,Investment,Zomato,3520.44,BNPL,Mobile,0,1,1,0,0,4,7,1
8299,299,37,25000,Aggressive,2025-11-27,21,Electronics,Myntra,14131.02,Credit Card,Mobile,0,0,0,0,0,4,10,1
8300,257,36,15000,Balanced,2025-02-12,10,EMI,PhonePe,9205.0,BNPL,Mobile,0,0,1,0,0,10,10,1
8301,305,22,75000,Balanced,2025-01-30,2,Groceries,Zomato,2325.39,Credit Card,Mobile,0,1,0,1,1,8,2,1
8302,234,33,15000,Conservative,2025-08-16,14,Fashion,Flipkart,2469.88,UPI,Mobile,0,0,0,0,1,7,3,0
8303,65,23,50000,Aggressive,2025-01-09,3,Travel,BigBasket,11946.3,Credit Card,Mobile,0,0,1,0,0,6,6,1
8304,115,24,15000,Conservative,2025-10-15,19,Education,Myntra,3325.37,UPI,Mobile,0,0,0,0,0,8,4,0
8305,362,39,15000,Aggressive,2025-06-29,4,Fashion,PhonePe,2751.67,UPI,Mobile,0,0,1,0,0,10,5,1
8306,216,44,15000,Balanced,2025-07-23,12,Education,Netflix,4456.08,Credit Card,Mobile,0,0,1,0,0,6,7,1
8307,340,31,35000,Aggressive,2025-12-14,19,Investment,Swiggy,5316.02,Credit Card,Mobile,0,0,1,1,0,7,5,1
8308,477,37,15000,Balanced,2025-12-08,19,Food Delivery,PhonePe,739.03,UPI,Desktop,0,0,0,0,0,10,0,0
8309,79,25,35000,Conservative,2025-03-14,17,Utilities,Myntra,1845.91,Credit Card,Mobile,0,0,0,1,0,1,1,0
8310,226,20,35000,Aggressive,2025-08-29,1,Electronics,Swiggy,6593.78,Cash,Mobile,0,1,0,0,0,5,5,1
8311,353,40,50000,Balanced,2025-06-10,3,Fashion,Swiggy,2979.88,Credit Card,Desktop,0,0,1,0,0,7,3,1
8312,152,29,35000,Balanced,2025-09-23,17,Education,Uber,3114.04,BNPL,Mobile,0,0,0,1,0,4,4,0
8313,420,28,25000,Conservative,2025-01-17,12,Electronics,Myntra,17063.12,UPI,Mobile,0,0,0,1,0,1,10,1
8314,230,29,25000,Conservative,2025-12-02,7,Electronics,Croma,10413.78,UPI,Mobile,1,0,0,0,1,3,10,1
8315,120,22,25000,Conservative,2025-11-30,15,Rent,Groww,14358.0,UPI,Mobile,0,0,1,0,0,10,10,0
8316,199,42,100000,Aggressive,2025-01-19,10,Fashion,Zomato,3523.25,Debit Card,Mobile,0,0,0,0,0,4,0,0
8317,411,42,25000,Aggressive,2025-02-04,0,Education,Groww,4584.82,Cash,Mobile,1,1,0,1,0,6,3,0
8318,89,44,50000,Balanced,2025-12-03,5,Fashion,Swiggy,2030.71,Credit Card,Desktop,1,0,0,0,0,2,2,1
8319,369,28,25000,Conservative,2025-08-02,12,Travel,PhonePe,6182.56,Credit Card,Mobile,1,0,0,0,0,2,6,1
8320,38,27,35000,Conservative,2025-06-19,9,Entertainment,Croma,1355.57,UPI,Mobile,0,0,0,0,0,7,0,0
8321,456,34,50000,Balanced,2025-06-16,2,Entertainment,Flipkart,1111.31,Debit Card,Mobile,0,1,1,0,1,9,2,1
8322,381,29,25000,Conservative,2025-02-16,1,Entertainment,Uber,864.54,UPI,Mobile,0,1,1,0,1,9,2,1
8323,179,43,15000,Aggressive,2025-02-12,18,Entertainment,Groww,789.97,Debit Card,Mobile,0,0,0,1,0,3,1,0
8324,25,30,15000,Aggressive,2025-09-09,2,Rent,Amazon,11372.68,Debit Card,Tablet,0,1,0,0,1,6,10,0
8325,381,29,25000,Conservative,2025-01-25,3,Fashion,Zomato,2418.22,UPI,Mobile,0,0,0,1,1,5,1,0
8326,46,28,25000,Conservative,2025-04-30,4,Fashion,Netflix,2721.41,Credit Card,Mobile,0,0,0,0,0,1,4,1
8327,246,30,35000,Balanced,2025-04-15,11,Health,Amazon,1438.53,Credit Card,Mobile,0,0,0,0,1,7,0,0
8328,487,28,50000,Aggressive,2025-02-09,2,Rent,BigBasket,6452.85,UPI,Mobile,0,1,1,1,0,8,2,0
8329,162,38,35000,Conservative,2025-04-22,9,Travel,Uber,7806.85,UPI,Mobile,0,0,1,0,1,10,4,0
8330,307,26,35000,Balanced,2025-09-18,23,Fashion,BigBasket,1451.39,UPI,Mobile,0,1,0,1,0,6,0,0
8331,119,36,35000,Conservative,2025-11-10,15,Entertainment,Paytm,557.42,Credit Card,Mobile,0,0,0,0,0,10,0,0
8332,150,33,15000,Conservative,2025-11-25,18,Education,Groww,3256.72,Credit Card,Mobile,0,0,1,0,0,9,6,1
8333,32,33,25000,Balanced,2025-01-17,2,Groceries,Groww,578.66,UPI,Mobile,0,1,0,0,0,6,0,0
8334,473,34,50000,Conservative,2025-10-22,18,Education,Paytm,2976.21,UPI,Desktop,0,0,0,1,1,6,1,0
8335,1,24,50000,Conservative,2025-08-10,7,Electronics,Croma,21509.41,Debit Card,Mobile,0,0,0,0,0,5,8,0
8336,274,35,15000,Balanced,2025-11-28,5,Travel,Swiggy,13929.8,BNPL,Desktop,0,0,0,0,1,9,10,0
8337,319,42,35000,Balanced,2025-11-12,13,Fashion,Flipkart,3248.85,Debit Card,Mobile,0,0,0,1,0,6,1,0
8338,276,18,50000,Balanced,2025-06-04,19,Electronics,Flipkart,9146.35,UPI,Mobile,1,0,0,0,1,10,3,0
8339,351,43,50000,Conservative,2025-10-07,5,Health,Croma,1324.23,UPI,Desktop,0,0,1,1,0,7,0,0
8340,179,43,15000,Aggressive,2025-08-16,17,Health,Zomato,3318.18,UPI,Tablet,0,0,1,1,1,6,6,1
8341,451,41,50000,Conservative,2025-03-06,22,Fashion,Croma,960.39,UPI,Mobile,0,1,1,1,0,7,2,1
8342,435,33,50000,Conservative,2025-05-22,7,Food Delivery,Zomato,302.08,Cash,Desktop,0,0,0,1,0,9,0,0
8343,27,18,25000,Conservative,2025-09-25,23,Groceries,Netflix,1217.63,UPI,Tablet,0,1,0,1,0,9,0,0
8344,79,25,35000,Conservative,2025-09-18,8,EMI,BigBasket,8243.02,UPI,Mobile,0,0,1,1,0,5,4,0
8345,26,18,15000,Balanced,2025-07-11,20,Health,Croma,1082.71,UPI,Mobile,0,0,1,0,0,9,1,0
8346,444,28,100000,Balanced,2025-08-10,9,Food Delivery,Flipkart,390.66,BNPL,Mobile,0,0,0,0,0,5,3,0
8347,489,36,15000,Conservative,2025-07-07,23,EMI,Croma,4753.63,UPI,Mobile,0,1,0,0,0,9,6,0
8348,11,36,25000,Aggressive,2025-10-31,4,Utilities,Uber,1397.22,UPI,Mobile,0,0,0,0,0,10,1,0
8349,108,31,75000,Conservative,2025-06-30,8,Health,Zomato,1658.25,Cash,Mobile,0,0,0,0,0,6,0,0
8350,474,32,35000,Balanced,2025-06-28,7,Travel,Paytm,6019.26,Credit Card,Mobile,0,0,1,1,0,3,5,1
8351,152,29,35000,Balanced,2025-03-14,1,Education,Paytm,2713.56,UPI,Mobile,0,1,0,1,0,2,1,0
8352,157,29,25000,Aggressive,2025-09-29,8,Travel,PhonePe,7909.92,Credit Card,Mobile,0,0,0,1,0,8,6,0
8353,166,23,15000,Balanced,2025-09-29,18,Utilities,Zomato,989.79,Credit Card,Desktop,0,0,1,0,0,2,3,1
8354,287,25,50000,Conservative,2025-05-19,20,Health,Paytm,1869.71,UPI,Mobile,0,0,0,0,0,5,0,0
8355,146,38,25000,Aggressive,2025-10-02,1,Rent,Flipkart,11891.06,UPI,Mobile,1,1,0,0,0,5,9,0
8356,387,42,35000,Balanced,2025-08-17,17,Education,Croma,508.46,UPI,Mobile,0,0,0,0,0,8,0,0
8357,449,31,25000,Balanced,2025-10-09,14,EMI,Swiggy,5852.25,Credit Card,Mobile,0,0,0,1,1,6,6,1
8358,50,25,35000,Balanced,2025-10-16,7,Electronics,Amazon,11542.93,BNPL,Mobile,0,0,0,0,1,8,10,1
8359,165,26,50000,Balanced,2025-02-06,9,Travel,Amazon,1382.56,UPI,Tablet,0,0,0,0,0,6,0,0
8360,465,32,50000,Balanced,2025-11-18,19,Fashion,Myntra,2398.8,UPI,Mobile,0,0,0,1,0,10,0,0
8361,252,44,100000,Balanced,2025-10-11,7,Investment,Uber,5269.75,BNPL,Mobile,0,0,1,1,0,6,4,0
8362,17,25,15000,Aggressive,2025-12-05,14,Groceries,Paytm,1161.62,Debit Card,Desktop,1,0,0,1,1,10,1,0
8363,253,18,15000,Conservative,2025-04-12,7,Education,PhonePe,2677.49,UPI,Mobile,0,0,0,1,0,3,3,0
8364,199,42,100000,Aggressive,2025-06-16,1,Health,Netflix,2074.06,UPI,Mobile,0,1,0,1,0,6,0,0
8365,269,40,35000,Conservative,2025-12-18,13,Rent,Paytm,9580.01,UPI,Desktop,0,0,0,0,0,3,5,0
8366,358,40,50000,Aggressive,2025-06-27,1,Utilities,Flipkart,1296.56,Credit Card,Mobile,0,1,0,0,1,7,0,0
8367,498,34,100000,Conservative,2025-11-17,12,Fashion,Paytm,1690.97,UPI,Mobile,0,0,0,0,0,7,0,0
8368,379,20,50000,Balanced,2025-09-08,21,Groceries,Uber,1169.05,Credit Card,Mobile,0,0,0,0,0,4,0,0
8369,55,24,35000,Conservative,2025-02-17,11,Travel,Groww,7987.46,Debit Card,Mobile,0,0,1,0,0,10,4,0
8370,297,44,35000,Balanced,2025-01-19,4,EMI,Croma,4750.86,Debit Card,Mobile,0,0,1,1,0,6,2,0
8371,262,43,25000,Balanced,2025-05-24,12,Education,Paytm,3473.16,Credit Card,Mobile,0,0,0,0,0,6,2,0
8372,79,25,35000,Conservative,2025-01-20,15,Health,Zomato,1057.72,UPI,Desktop,0,0,1,1,1,5,0,0
8373,310,31,25000,Aggressive,2025-01-15,13,Education,Netflix,3936.0,Credit Card,Mobile,0,0,0,0,0,7,3,0
8374,490,42,35000,Conservative,2025-05-21,3,Utilities,Paytm,1728.54,Cash,Mobile,0,0,0,1,0,3,0,0
8375,494,30,15000,Aggressive,2025-01-22,5,Rent,Swiggy,19171.71,Debit Card,Mobile,0,0,0,0,1,3,10,0
8376,228,35,25000,Conservative,2025-02-21,3,Food Delivery,Paytm,399.41,UPI,Desktop,0,0,1,0,0,9,0,0
8377,442,42,75000,Conservative,2025-09-25,21,Utilities,Croma,1224.56,Credit Card,Desktop,0,0,0,0,1,9,0,0
8378,55,24,35000,Conservative,2025-12-30,14,Education,Zomato,679.41,Cash,Mobile,0,0,0,0,0,2,0,0
8379,371,39,35000,Balanced,2025-11-25,21,Rent,Netflix,14197.53,BNPL,Desktop,0,0,1,0,1,4,10,1
8380,284,32,25000,Balanced,2025-06-02,0,Groceries,Myntra,2196.86,UPI,Mobile,1,1,0,0,0,7,1,0
8381,374,20,50000,Aggressive,2025-02-01,19,Rent,BigBasket,7887.74,Debit Card,Mobile,1,0,1,0,0,5,3,0
8382,167,27,25000,Aggressive,2025-12-14,20,Utilities,Netflix,2675.14,UPI,Desktop,0,0,1,0,0,10,2,0
8383,249,25,35000,Balanced,2025-02-03,18,Utilities,Paytm,1773.82,UPI,Desktop,1,0,1,0,1,9,1,0
8384,402,19,15000,Aggressive,2025-04-22,21,Food Delivery,Amazon,618.39,Credit Card,Mobile,0,0,0,0,1,4,2,1
8385,195,42,35000,Aggressive,2025-09-01,7,Entertainment,Flipkart,661.61,Cash,Mobile,1,0,1,0,1,5,0,0
8386,19,23,25000,Balanced,2025-07-21,20,Entertainment,Uber,624.34,Credit Card,Mobile,0,0,0,0,0,9,0,0
8387,333,36,35000,Balanced,2025-08-12,4,Health,Myntra,2272.99,BNPL,Mobile,0,0,1,0,0,3,6,1
8388,460,20,35000,Conservative,2025-10-02,19,Entertainment,Paytm,1083.25,Credit Card,Mobile,1,0,1,1,0,7,2,1
8389,287,25,50000,Conservative,2025-01-31,0,Health,Netflix,2088.54,BNPL,Mobile,0,1,1,0,1,3,5,1
8390,90,32,35000,Conservative,2025-04-14,23,Travel,Croma,11658.67,UPI,Mobile,0,1,1,0,0,1,8,1
8391,93,31,75000,Conservative,2025-12-03,0,Travel,Myntra,6027.15,UPI,Mobile,1,1,0,1,1,2,3,1
8392,447,21,35000,Balanced,2025-12-23,19,Utilities,Uber,1766.08,UPI,Mobile,0,0,0,0,0,3,1,0
8393,247,20,35000,Balanced,2025-10-03,9,Health,Uber,1868.07,Debit Card,Desktop,1,0,0,0,0,4,1,0
8394,397,19,75000,Balanced,2025-09-07,10,Education,Groww,3796.48,Credit Card,Mobile,0,0,1,0,0,10,1,0
8395,285,25,25000,Balanced,2025-02-18,4,Health,Swiggy,2565.78,Credit Card,Mobile,0,0,0,1,0,8,2,0
8396,100,35,35000,Aggressive,2025-07-13,4,EMI,PhonePe,4628.01,UPI,Mobile,0,0,0,1,0,2,2,0
8397,365,30,50000,Balanced,2025-01-22,19,Fashion,Zomato,2736.47,UPI,Mobile,0,0,0,1,0,7,1,0
8398,284,32,25000,Balanced,2025-09-18,17,Education,Croma,2483.12,Credit Card,Mobile,0,0,0,0,0,1,1,0
8399,480,31,35000,Balanced,2025-11-23,5,Fashion,Zomato,3248.19,UPI,Mobile,0,0,0,1,0,4,1,0
8400,351,43,50000,Conservative,2025-10-11,23,Health,Flipkart,2195.42,Credit Card,Desktop,0,1,0,0,1,9,0,0
8401,213,31,50000,Conservative,2025-02-21,6,Travel,Flipkart,10004.39,Debit Card,Tablet,0,0,1,0,1,6,4,0
8402,64,33,50000,Conservative,2025-10-06,8,Fashion,Groww,1084.51,UPI,Mobile,0,0,0,0,0,7,0,0
8403,25,30,15000,Aggressive,2025-03-02,0,Groceries,Myntra,1043.16,UPI,Desktop,1,1,0,0,0,5,1,0
8404,50,25,35000,Balanced,2025-12-31,13,Education,Netflix,4766.85,Credit Card,Mobile,0,0,1,1,1,1,4,1
8405,117,25,50000,Aggressive,2025-08-23,8,Electronics,Croma,9693.86,Credit Card,Desktop,0,0,1,0,0,4,5,1
8406,491,39,35000,Balanced,2025-06-19,18,Groceries,Croma,1343.66,UPI,Desktop,0,0,1,1,0,2,0,0
8407,330,34,35000,Balanced,2025-12-07,5,Education,Flipkart,4878.1,Debit Card,Mobile,0,0,1,0,0,9,2,0
8408,115,24,15000,Conservative,2025-02-22,6,Groceries,PhonePe,1077.79,BNPL,Desktop,0,0,0,0,1,10,4,0
8409,53,41,50000,Conservative,2025-08-27,20,Investment,PhonePe,5931.38,Credit Card,Mobile,0,0,0,1,0,2,2,0
8410,139,36,50000,Balanced,2025-09-11,1,Electronics,BigBasket,1665.16,BNPL,Tablet,0,1,0,0,0,6,5,1
8411,481,37,35000,Conservative,2025-11-19,10,Food Delivery,Croma,293.25,UPI,Mobile,0,0,1,0,1,9,0,0
8412,127,39,15000,Conservative,2025-11-06,6,Entertainment,PhonePe,1140.09,UPI,Mobile,0,0,1,0,0,6,1,0
8413,448,29,15000,Conservative,2025-09-16,21,Groceries,Paytm,720.57,UPI,Mobile,0,0,0,1,0,8,0,0
8414,164,28,50000,Aggressive,2025-04-14,3,Fashion,PhonePe,2495.91,UPI,Mobile,0,0,0,1,0,6,0,0
8415,112,37,15000,Conservative,2025-07-04,14,Fashion,Myntra,4543.87,Cash,Mobile,1,0,0,0,0,3,8,1
8416,77,39,50000,Balanced,2025-10-21,9,Health,Netflix,220.33,UPI,Mobile,0,0,0,0,0,7,0,0
8417,390,43,35000,Aggressive,2025-03-21,21,Travel,Croma,3992.61,UPI,Mobile,0,0,0,0,0,6,2,0
8418,326,41,75000,Conservative,2025-08-22,20,Groceries,Zomato,581.17,UPI,Mobile,0,0,0,1,0,2,0,0
8419,482,42,25000,Balanced,2025-09-30,17,Utilities,Myntra,1861.38,UPI,Mobile,0,0,0,0,0,5,1,0
8420,28,28,25000,Balanced,2025-12-06,23,Entertainment,Amazon,100.0,UPI,Tablet,0,1,0,0,0,3,2,1
8421,294,32,50000,Conservative,2025-05-23,19,Travel,Croma,2708.39,UPI,Mobile,0,0,0,1,1,7,1,0
8422,188,43,25000,Balanced,2025-09-07,18,Fashion,Flipkart,218.8,Cash,Mobile,0,0,0,0,0,6,0,0
8423,225,25,50000,Balanced,2025-02-26,10,EMI,PhonePe,7719.3,Debit Card,Mobile,0,0,1,1,0,9,3,0
8424,25,30,15000,Aggressive,2025-11-08,23,Education,Croma,2558.48,Credit Card,Tablet,0,1,0,0,0,4,5,1
8425,198,32,25000,Balanced,2025-04-27,15,Health,Netflix,2436.96,UPI,Mobile,0,0,1,1,0,10,1,0
8426,312,25,35000,Conservative,2025-09-29,14,Electronics,PhonePe,9010.29,UPI,Mobile,0,0,1,1,0,7,7,1
8427,148,42,35000,Balanced,2025-01-29,22,Rent,Uber,7672.74,UPI,Mobile,0,1,1,0,0,5,6,1
8428,98,35,35000,Aggressive,2025-12-18,5,Education,Myntra,3735.42,UPI,Desktop,0,0,1,0,0,10,2,0
8429,482,42,25000,Balanced,2025-07-19,14,Education,Groww,3002.16,BNPL,Mobile,0,0,0,1,0,6,5,0
8430,99,43,75000,Conservative,2025-09-11,1,Groceries,Croma,1578.23,UPI,Mobile,0,1,0,0,1,3,0,0
8431,3,36,15000,Balanced,2025-10-21,10,Food Delivery,Zomato,629.26,Debit Card,Mobile,0,0,0,1,0,5,0,0
8432,334,40,100000,Aggressive,2025-01-29,19,Utilities,Amazon,462.85,Debit Card,Desktop,0,0,1,0,0,1,0,0
8433,198,32,25000,Balanced,2025-02-18,15,Entertainment,Flipkart,1116.91,Credit Card,Mobile,0,0,0,1,0,10,0,0
8434,439,18,75000,Balanced,2025-01-22,11,Food Delivery,BigBasket,482.33,UPI,Mobile,0,0,0,1,0,9,0,0
8435,75,40,25000,Conservative,2025-09-16,17,Education,Uber,5271.87,Credit Card,Desktop,0,0,0,1,0,3,6,1
8436,343,35,15000,Conservative,2025-11-14,23,Education,Paytm,2850.94,BNPL,Mobile,0,1,0,0,0,2,8,1
8437,414,22,50000,Conservative,2025-03-14,23,EMI,Zomato,6570.02,BNPL,Mobile,0,1,1,0,0,2,7,1
8438,370,34,50000,Balanced,2025-12-31,2,Utilities,Groww,1088.86,Debit Card,Desktop,0,1,1,0,0,8,0,0
8439,396,41,25000,Conservative,2025-08-08,17,Fashion,Groww,2412.0,Credit Card,Mobile,0,0,0,0,0,1,3,1
8440,60,23,25000,Balanced,2025-05-28,7,Fashion,Uber,2353.97,Credit Card,Tablet,0,0,0,0,0,8,1,0
8441,356,39,35000,Balanced,2025-02-19,6,Education,Uber,1205.73,UPI,Desktop,0,0,1,0,0,3,0,0
8442,243,42,50000,Conservative,2025-12-19,10,Groceries,Amazon,1799.66,UPI,Mobile,0,0,0,1,1,7,0,0
8443,394,37,50000,Conservative,2025-12-10,12,Rent,Uber,2111.23,UPI,Mobile,0,0,1,0,1,6,0,0
8444,77,39,50000,Balanced,2025-02-27,9,Utilities,Groww,2036.08,UPI,Mobile,0,0,0,0,0,5,0,0
8445,247,20,35000,Balanced,2025-11-28,19,EMI,Uber,5616.49,UPI,Mobile,0,0,0,0,0,6,3,0
8446,457,39,25000,Balanced,2025-01-27,12,Utilities,Swiggy,1865.07,Debit Card,Desktop,0,0,0,0,0,8,1,0
8447,134,36,35000,Aggressive,2025-10-15,21,Education,Netflix,500.2,UPI,Mobile,0,0,0,1,0,6,0,0
8448,121,26,50000,Conservative,2025-12-05,3,Investment,Amazon,3032.25,Credit Card,Mobile,1,0,0,1,0,4,1,0
8449,6,23,15000,Aggressive,2025-08-05,15,Food Delivery,PhonePe,425.98,Debit Card,Mobile,1,0,0,1,0,7,0,0
8450,6,23,15000,Aggressive,2025-02-05,15,Food Delivery,Flipkart,382.04,Debit Card,Mobile,1,0,1,1,0,3,2,1
8451,395,27,35000,Balanced,2025-02-06,23,Fashion,PhonePe,2771.71,Credit Card,Desktop,0,1,0,1,0,8,3,1
8452,51,18,15000,Conservative,2025-08-13,16,Entertainment,Groww,1294.0,Credit Card,Mobile,0,0,1,0,0,7,3,1
8453,342,38,35000,Conservative,2025-01-22,16,Travel,Uber,5828.95,UPI,Mobile,0,0,0,0,0,5,3,0
8454,266,23,35000,Conservative,2025-03-15,21,Groceries,Amazon,1314.11,UPI,Mobile,0,0,0,1,0,9,0,0
8455,209,39,50000,Balanced,2025-06-09,18,Travel,Amazon,10174.01,Debit Card,Mobile,0,0,1,1,0,4,6,1
8456,423,34,35000,Balanced,2025-01-31,11,Health,Amazon,2608.24,BNPL,Tablet,0,0,1,1,0,1,6,1
8457,209,39,50000,Balanced,2025-07-04,7,Utilities,Amazon,2120.72,UPI,Mobile,1,0,1,1,0,9,0,0
8458,312,25,35000,Conservative,2025-11-19,2,Utilities,Groww,1575.52,UPI,Tablet,0,1,0,1,0,4,0,0
8459,242,23,35000,Conservative,2025-02-05,16,Groceries,Flipkart,100.0,UPI,Mobile,1,0,0,1,0,4,0,0
8460,394,37,50000,Conservative,2025-11-19,11,Fashion,Paytm,666.81,UPI,Mobile,0,0,0,0,0,8,0,0
8461,474,32,35000,Balanced,2025-02-10,19,Electronics,Swiggy,3014.34,BNPL,Mobile,0,0,0,1,0,3,6,1
8462,428,21,35000,Conservative,2025-08-15,21,Electronics,Groww,13877.28,Credit Card,Desktop,0,0,1,1,0,5,9,1
8463,234,33,15000,Conservative,2025-03-14,17,Groceries,Uber,1177.45,Credit Card,Desktop,0,0,1,0,0,8,1,0
8464,317,44,35000,Conservative,2025-08-03,2,Travel,Amazon,10477.24,Credit Card,Mobile,1,1,0,1,0,9,7,1
8465,461,28,50000,Conservative,2025-06-27,23,Rent,Myntra,19543.46,UPI,Mobile,0,1,0,0,0,6,7,0
8466,264,37,35000,Conservative,2025-03-15,21,Electronics,Paytm,16566.6,Credit Card,Mobile,0,0,0,0,0,4,10,1
8467,248,21,35000,Balanced,2025-09-22,4,Rent,Myntra,20559.1,Credit Card,Mobile,0,0,0,1,0,8,10,0
8468,460,20,35000,Conservative,2025-08-11,16,Food Delivery,PhonePe,388.67,BNPL,Mobile,0,0,1,0,0,4,5,1
8469,304,29,15000,Aggressive,2025-05-15,12,Rent,Paytm,13436.86,BNPL,Mobile,0,0,0,0,0,9,10,0
8470,7,18,25000,Balanced,2025-06-01,8,Groceries,Myntra,1262.89,BNPL,Tablet,1,0,1,1,1,8,6,1
8471,27,18,25000,Conservative,2025-01-23,17,Rent,Amazon,10415.15,UPI,Mobile,0,0,0,0,0,10,8,0
8472,374,20,50000,Aggressive,2025-10-03,0,Travel,PhonePe,4425.1,Credit Card,Mobile,1,1,0,0,0,3,3,1
8473,348,40,15000,Aggressive,2025-10-21,16,Entertainment,Uber,1020.48,Debit Card,Mobile,0,0,0,0,0,5,1,0
8474,257,36,15000,Balanced,2025-02-28,2,EMI,Myntra,3619.8,UPI,Desktop,0,1,1,0,0,5,6,1
8475,87,39,25000,Aggressive,2025-03-07,20,EMI,Groww,3490.74,UPI,Mobile,0,0,1,1,1,4,4,1
8476,81,31,35000,Balanced,2025-10-19,8,Electronics,Netflix,21059.09,Cash,Desktop,0,0,0,0,0,2,10,1
8477,96,18,15000,Conservative,2025-10-06,7,Utilities,Swiggy,2229.87,UPI,Mobile,0,0,0,1,0,2,2,0
8478,243,42,50000,Conservative,2025-07-11,1,Utilities,Myntra,2936.25,UPI,Desktop,0,1,0,1,0,9,1,0
8479,140,18,100000,Aggressive,2025-07-02,6,Fashion,Flipkart,2471.96,BNPL,Mobile,1,0,0,0,0,10,3,0
8480,42,30,15000,Conservative,2025-02-04,3,EMI,Croma,8094.02,Credit Card,Mobile,1,0,0,0,0,2,10,1
8481,390,43,35000,Aggressive,2025-03-07,6,Groceries,BigBasket,1164.6,UPI,Mobile,0,0,0,0,0,8,0,0
8482,385,38,50000,Balanced,2025-03-15,3,Utilities,PhonePe,2234.17,UPI,Mobile,0,0,0,0,0,10,0,0
8483,58,22,25000,Balanced,2025-10-09,11,Electronics,Groww,5387.85,UPI,Mobile,0,0,1,0,0,9,6,1
8484,300,23,25000,Balanced,2025-04-02,4,Fashion,Uber,3230.03,UPI,Desktop,1,0,0,0,0,3,2,0
8485,246,30,35000,Balanced,2025-08-21,9,Travel,Uber,12100.28,UPI,Mobile,0,0,0,1,0,6,6,0
8486,339,25,15000,Conservative,2025-01-24,1,Fashion,Paytm,2116.28,Debit Card,Mobile,0,1,0,0,0,1,4,1
8487,86,29,35000,Balanced,2025-12-15,0,Health,PhonePe,3611.92,UPI,Mobile,0,1,0,1,0,9,2,0
8488,407,42,50000,Balanced,2025-08-09,3,Fashion,Zomato,100.0,UPI,Mobile,0,0,0,0,0,10,0,0
8489,41,30,35000,Conservative,2025-08-16,2,Investment,Paytm,5239.08,UPI,Mobile,0,1,0,0,0,10,2,0
8490,350,19,75000,Conservative,2025-08-27,5,Food Delivery,Uber,363.27,UPI,Mobile,0,0,0,0,1,9,0,0
8491,374,20,50000,Aggressive,2025-01-06,17,Food Delivery,Swiggy,315.45,UPI,Desktop,0,0,0,1,0,9,0,0
8492,147,41,50000,Aggressive,2025-01-11,12,Investment,Flipkart,7709.3,BNPL,Mobile,0,0,0,0,1,5,6,0
8493,325,30,25000,Balanced,2025-06-17,12,Electronics,Flipkart,6733.27,UPI,Mobile,0,0,0,0,1,4,7,1
8494,5,39,15000,Balanced,2025-05-15,14,Rent,Myntra,7595.55,Debit Card,Desktop,0,0,1,0,0,9,10,0
8495,489,36,15000,Conservative,2025-07-27,18,Investment,Myntra,4967.0,UPI,Mobile,0,0,0,0,1,6,6,0
8496,482,42,25000,Balanced,2025-01-13,4,Groceries,Swiggy,1384.87,UPI,Mobile,0,0,0,1,0,5,1,0
8497,130,43,35000,Balanced,2025-11-18,3,EMI,Swiggy,7496.4,Credit Card,Desktop,0,0,1,0,1,9,6,1
8498,114,38,25000,Aggressive,2025-11-27,12,Health,Flipkart,1836.03,UPI,Mobile,0,0,0,0,1,3,1,0
8499,358,40,50000,Aggressive,2025-01-05,23,Utilities,BigBasket,1472.04,UPI,Desktop,1,1,1,1,0,8,0,0
8500,487,28,50000,Aggressive,2025-09-21,8,Fashion,Flipkart,5068.21,Credit Card,Mobile,0,0,0,1,0,6,2,0
8501,367,39,50000,Conservative,2025-12-08,17,EMI,Zomato,5626.47,UPI,Desktop,0,0,0,0,1,2,2,0
8502,436,34,15000,Aggressive,2025-05-08,14,Electronics,PhonePe,9323.5,Debit Card,Mobile,0,0,0,1,1,5,10,1
8503,264,37,35000,Conservative,2025-05-23,11,Entertainment,BigBasket,536.85,UPI,Mobile,0,0,1,0,1,2,2,1
8504,276,18,50000,Balanced,2025-08-11,12,Entertainment,PhonePe,1144.48,BNPL,Mobile,0,0,0,1,0,3,5,1
8505,156,21,15000,Aggressive,2025-09-19,9,Groceries,Amazon,440.92,UPI,Mobile,0,0,0,0,0,9,0,0
8506,159,38,15000,Balanced,2025-03-26,6,Utilities,BigBasket,1648.71,Debit Card,Mobile,0,0,0,0,1,3,2,0
8507,433,32,15000,Balanced,2025-05-23,5,Fashion,Uber,604.08,Credit Card,Mobile,0,0,0,0,0,8,0,0
8508,181,28,75000,Conservative,2025-01-16,15,Food Delivery,Flipkart,362.71,Credit Card,Desktop,0,0,0,1,0,2,2,1
8509,409,34,15000,Conservative,2025-06-03,9,Food Delivery,Flipkart,203.65,Credit Card,Mobile,1,0,0,0,1,9,0,0
8510,24,32,50000,Conservative,2025-03-13,9,Electronics,Netflix,18269.82,Debit Card,Mobile,0,0,0,0,0,4,9,1
8511,318,29,75000,Conservative,2025-05-27,8,Fashion,Netflix,2907.77,Credit Card,Mobile,0,0,1,1,1,10,2,1
8512,380,29,100000,Conservative,2025-09-30,13,Rent,Uber,11029.63,UPI,Desktop,0,0,0,0,0,10,2,0
8513,203,20,35000,Balanced,2025-12-06,21,Groceries,Zomato,1528.12,UPI,Mobile,0,0,0,1,0,5,0,0
8514,98,35,35000,Aggressive,2025-05-07,2,Health,Netflix,2185.01,UPI,Mobile,0,1,0,0,0,9,1,0
8515,129,37,25000,Conservative,2025-06-13,19,Groceries,Uber,1027.24,Debit Card,Mobile,0,0,0,1,0,3,0,0
8516,94,26,100000,Conservative,2025-02-14,0,EMI,Netflix,8109.72,UPI,Tablet,0,1,0,0,0,1,1,0
8517,209,39,50000,Balanced,2025-09-20,5,EMI,Groww,6860.2,Credit Card,Mobile,0,0,0,0,0,2,2,0
8518,390,43,35000,Aggressive,2025-02-10,14,Electronics,PhonePe,23447.43,Debit Card,Mobile,0,0,0,1,0,4,10,1
8519,296,32,35000,Balanced,2025-07-16,18,Electronics,PhonePe,12972.49,UPI,Mobile,0,0,1,1,1,5,9,1
8520,15,26,15000,Conservative,2025-12-26,6,Education,BigBasket,2453.85,BNPL,Mobile,0,0,0,1,0,8,6,0
8521,432,22,50000,Conservative,2025-09-25,8,EMI,PhonePe,13998.35,UPI,Mobile,0,0,1,1,0,10,5,0
8522,301,43,75000,Conservative,2025-11-26,20,Entertainment,BigBasket,547.07,BNPL,Mobile,0,0,0,0,0,2,5,1
8523,354,36,35000,Balanced,2025-10-15,13,Rent,PhonePe,5281.13,Credit Card,Mobile,0,0,0,1,1,3,5,1
8524,349,22,35000,Balanced,2025-06-16,2,Education,Amazon,4224.05,UPI,Mobile,0,1,1,0,0,1,4,1
8525,428,21,35000,Conservative,2025-03-07,15,Investment,Zomato,6726.57,UPI,Mobile,0,0,0,0,0,5,3,0
8526,447,21,35000,Balanced,2025-07-07,2,Groceries,Paytm,1185.45,Debit Card,Mobile,0,1,0,1,0,9,0,0
8527,218,40,35000,Balanced,2025-07-22,5,Entertainment,Netflix,1386.41,Cash,Mobile,0,0,1,1,0,5,0,0
8528,148,42,35000,Balanced,2025-06-19,14,Investment,Uber,6866.63,Credit Card,Mobile,0,0,0,0,0,5,3,0
8529,315,37,35000,Aggressive,2025-04-17,18,Health,Flipkart,1857.33,UPI,Desktop,0,0,0,0,1,3,1,0
8530,454,22,15000,Aggressive,2025-06-17,16,Groceries,Groww,1268.53,Cash,Mobile,0,0,0,0,0,8,1,0
8531,375,44,35000,Conservative,2025-03-15,6,Entertainment,Groww,773.13,UPI,Mobile,0,0,1,0,0,3,2,1
8532,266,23,35000,Conservative,2025-09-20,6,Health,PhonePe,2380.02,Credit Card,Mobile,0,0,0,1,0,3,1,0
8533,133,19,25000,Conservative,2025-06-12,9,Entertainment,Uber,1296.71,BNPL,Mobile,0,0,0,0,0,1,6,1
8534,298,21,50000,Balanced,2025-01-09,14,Health,Groww,2597.06,Cash,Mobile,0,0,1,0,0,7,1,0
8535,260,34,35000,Balanced,2025-03-29,9,Rent,Swiggy,7084.48,UPI,Mobile,0,0,0,1,0,3,4,0
8536,130,43,35000,Balanced,2025-05-31,14,Rent,Croma,7314.36,Credit Card,Mobile,0,0,0,0,0,7,4,0
8537,396,41,25000,Conservative,2025-08-21,6,Electronics,Amazon,7469.03,UPI,Mobile,0,0,1,0,0,4,7,1
8538,312,25,35000,Conservative,2025-07-04,2,Fashion,Paytm,2891.25,BNPL,Mobile,1,1,0,0,1,6,6,1
8539,434,33,35000,Conservative,2025-03-06,0,Education,Croma,3555.63,Credit Card,Mobile,0,1,0,1,0,2,4,1
8540,32,33,25000,Balanced,2025-05-03,18,Utilities,BigBasket,802.67,UPI,Mobile,1,0,0,1,0,4,0,0
8541,400,39,25000,Balanced,2025-03-29,6,Education,PhonePe,3806.46,UPI,Desktop,0,0,0,1,1,10,3,0
8542,145,36,25000,Conservative,2025-10-21,6,Utilities,Swiggy,2578.15,UPI,Desktop,0,0,0,0,1,4,2,0
8543,71,27,25000,Balanced,2025-02-14,1,Groceries,BigBasket,1938.69,UPI,Mobile,0,1,0,0,0,8,1,0
8544,22,25,35000,Balanced,2025-08-11,6,Rent,Swiggy,11054.28,UPI,Tablet,0,0,1,1,1,6,8,1
8545,493,18,35000,Conservative,2025-11-02,16,EMI,Myntra,2031.72,UPI,Desktop,1,0,0,1,0,9,1,0
8546,289,24,35000,Aggressive,2025-06-19,8,Utilities,PhonePe,3157.39,Cash,Desktop,0,0,0,0,1,5,1,0
8547,96,18,15000,Conservative,2025-07-07,4,Groceries,Uber,245.84,UPI,Mobile,0,0,0,0,0,3,0,0
8548,13,38,35000,Conservative,2025-09-14,0,Investment,Uber,5356.92,UPI,Mobile,0,1,0,0,0,6,3,0
8549,412,32,35000,Conservative,2025-06-26,1,Groceries,Myntra,1556.21,Credit Card,Mobile,0,1,1,0,0,8,2,1
8550,292,19,50000,Aggressive,2025-09-09,8,Electronics,Swiggy,13084.2,BNPL,Mobile,0,0,0,0,1,7,10,1
8551,329,36,35000,Balanced,2025-11-18,12,EMI,Croma,5134.4,Credit Card,Mobile,0,0,0,0,0,2,2,0
8552,3,36,15000,Balanced,2025-11-17,3,Rent,Paytm,4245.79,Credit Card,Desktop,0,0,1,1,0,9,7,1
8553,34,44,35000,Conservative,2025-12-29,22,Investment,Myntra,6765.48,UPI,Mobile,0,1,0,0,0,8,3,0
8554,394,37,50000,Conservative,2025-01-07,23,Education,Paytm,2185.04,UPI,Mobile,0,1,0,1,0,6,0,0
8555,332,24,50000,Conservative,2025-05-13,20,Groceries,Croma,243.4,UPI,Desktop,0,0,0,0,0,4,0,0
8556,345,36,35000,Balanced,2025-12-16,11,Electronics,Flipkart,18504.59,Cash,Mobile,0,0,0,0,0,1,10,1
8557,292,19,50000,Aggressive,2025-05-07,9,Fashion,Swiggy,2092.46,Credit Card,Desktop,0,0,0,0,0,10,0,0
8558,352,27,35000,Aggressive,2025-09-15,23,Food Delivery,Netflix,424.65,UPI,Mobile,0,1,1,0,0,1,2,1
8559,112,37,15000,Conservative,2025-09-17,17,Food Delivery,Groww,350.57,UPI,Mobile,0,0,1,0,0,10,0,0
8560,284,32,25000,Balanced,2025-09-01,19,Entertainment,Groww,794.85,UPI,Mobile,1,0,0,0,0,7,0,0
8561,324,25,35000,Balanced,2025-07-29,20,Fashion,Amazon,2826.8,UPI,Desktop,0,0,0,0,0,2,1,0
8562,329,36,35000,Balanced,2025-12-28,12,Rent,Zomato,14527.01,Credit Card,Mobile,0,0,0,1,1,8,10,1
8563,53,41,50000,Conservative,2025-09-13,0,Electronics,BigBasket,14132.29,Credit Card,Mobile,0,1,1,1,1,6,7,1
8564,7,18,25000,Balanced,2025-12-15,3,Investment,Croma,3280.62,Debit Card,Mobile,0,0,0,1,0,9,2,0
8565,1,24,50000,Conservative,2025-07-05,6,Health,PhonePe,3734.31,UPI,Mobile,1,0,0,0,0,5,1,0
8566,118,27,25000,Balanced,2025-08-15,4,Investment,BigBasket,6064.52,Debit Card,Mobile,0,0,0,0,0,4,4,0
8567,498,34,100000,Conservative,2025-06-28,1,Health,Paytm,1742.68,BNPL,Mobile,0,1,1,1,0,10,5,1
8568,168,19,15000,Conservative,2025-10-17,0,Education,Uber,2157.63,UPI,Mobile,0,1,1,0,0,5,2,0
8569,491,39,35000,Balanced,2025-03-17,23,Utilities,Amazon,1943.3,UPI,Mobile,0,1,0,0,0,10,1,0
8570,329,36,35000,Balanced,2025-02-03,18,Investment,PhonePe,3216.93,Debit Card,Mobile,1,0,0,0,0,9,1,0
8571,489,36,15000,Conservative,2025-09-30,0,Travel,Zomato,7284.96,Credit Card,Desktop,0,1,1,1,0,1,10,1
8572,445,40,15000,Aggressive,2025-04-15,12,Fashion,Flipkart,1985.94,Credit Card,Mobile,0,0,1,1,1,10,4,1
8573,61,28,25000,Conservative,2025-06-03,19,Entertainment,Paytm,100.0,BNPL,Desktop,1,0,0,1,1,1,5,1
8574,130,43,35000,Balanced,2025-10-26,2,Travel,Myntra,10449.29,Debit Card,Mobile,0,1,0,0,1,9,5,0
8575,303,18,15000,Aggressive,2025-03-16,15,Food Delivery,BigBasket,293.27,Debit Card,Mobile,0,0,0,0,0,5,0,0
8576,188,43,25000,Balanced,2025-04-13,7,Rent,Croma,10447.58,Debit Card,Mobile,0,0,0,1,0,9,8,0
8577,150,33,15000,Conservative,2025-02-12,4,Investment,Groww,4666.52,UPI,Desktop,0,0,0,0,0,1,6,0
8578,177,42,25000,Conservative,2025-05-21,12,Investment,Myntra,4805.67,UPI,Mobile,0,0,0,1,0,5,3,0
8579,329,36,35000,Balanced,2025-01-01,11,Fashion,PhonePe,4173.25,Credit Card,Mobile,1,0,0,0,0,4,4,1
8580,333,36,35000,Balanced,2025-04-27,6,Food Delivery,Netflix,100.0,UPI,Tablet,0,0,0,0,0,8,0,0
8581,278,20,25000,Aggressive,2025-09-10,7,Electronics,Swiggy,11454.1,UPI,Tablet,0,0,0,0,0,10,9,0
8582,107,18,15000,Conservative,2025-10-12,5,Rent,Swiggy,6329.58,Debit Card,Mobile,0,0,1,0,0,5,8,0
8583,228,35,25000,Conservative,2025-03-03,0,Health,Uber,1395.48,Credit Card,Mobile,1,1,0,0,0,3,3,1
8584,146,38,25000,Aggressive,2025-03-06,15,Education,PhonePe,3435.46,BNPL,Mobile,0,0,0,0,0,8,5,0
8585,319,42,35000,Balanced,2025-07-19,7,EMI,BigBasket,8790.36,Cash,Desktop,0,0,1,1,1,5,7,1
8586,272,32,35000,Balanced,2025-05-07,17,Travel,Paytm,9404.63,UPI,Mobile,0,0,0,1,0,3,5,0
8587,428,21,35000,Conservative,2025-02-26,17,Food Delivery,Myntra,411.1,Debit Card,Tablet,0,0,0,1,0,6,0,0
8588,229,38,35000,Balanced,2025-10-23,3,Entertainment,Myntra,1138.22,UPI,Mobile,0,0,0,0,0,4,0,0
8589,283,32,35000,Conservative,2025-11-19,15,Food Delivery,Groww,148.32,Credit Card,Desktop,0,0,0,0,0,6,0,0
8590,121,26,50000,Conservative,2025-08-02,11,Investment,Paytm,3136.81,UPI,Mobile,1,0,0,0,0,2,1,0
8591,476,25,50000,Aggressive,2025-06-19,10,Travel,Croma,9133.2,UPI,Mobile,0,0,0,1,0,9,3,0
8592,74,29,35000,Aggressive,2025-09-13,7,Food Delivery,Paytm,525.57,Credit Card,Mobile,0,0,0,0,0,1,2,1
8593,58,22,25000,Balanced,2025-04-16,3,EMI,Netflix,5509.11,UPI,Mobile,0,0,0,1,0,10,4,0
8594,52,32,25000,Conservative,2025-08-15,10,Electronics,Amazon,6654.77,Cash,Mobile,0,0,0,0,0,10,5,0
8595,113,28,15000,Balanced,2025-05-18,23,Groceries,Flipkart,1066.66,UPI,Desktop,0,1,0,0,0,7,1,0
8596,190,22,100000,Aggressive,2025-01-04,18,Travel,Paytm,10936.36,Debit Card,Mobile,1,0,1,0,0,7,2,0
8597,289,24,35000,Aggressive,2025-10-26,23,Education,BigBasket,5876.63,Credit Card,Tablet,0,1,0,0,0,10,5,1
8598,68,26,50000,Conservative,2025-06-07,23,Groceries,Zomato,1178.36,Debit Card,Mobile,0,1,1,0,0,4,2,1
8599,333,36,35000,Balanced,2025-02-12,20,Electronics,Swiggy,17229.41,UPI,Mobile,0,0,0,1,1,10,10,1
8600,144,43,50000,Conservative,2025-12-07,7,Food Delivery,Swiggy,527.16,Credit Card,Mobile,0,0,0,0,0,10,0,0
8601,374,20,50000,Aggressive,2025-06-01,19,Education,Croma,2142.24,Credit Card,Mobile,1,0,1,1,0,7,0,0
8602,408,24,35000,Balanced,2025-12-14,8,Education,Paytm,3886.67,UPI,Mobile,0,0,0,1,0,2,2,0
8603,35,32,50000,Balanced,2025-10-09,22,EMI,Myntra,9609.38,UPI,Mobile,0,1,1,0,0,5,5,1
8604,260,34,35000,Balanced,2025-04-04,0,Travel,Amazon,3799.57,Credit Card,Mobile,1,1,1,0,1,4,4,1
8605,345,36,35000,Balanced,2025-02-15,23,Investment,Zomato,1071.78,BNPL,Mobile,0,1,1,0,0,2,5,1
8606,155,39,25000,Conservative,2025-12-13,17,Electronics,Croma,18117.72,Credit Card,Mobile,0,0,0,1,1,4,10,1
8607,272,32,35000,Balanced,2025-01-05,7,Health,PhonePe,1832.99,Credit Card,Mobile,1,0,0,0,1,10,1,0
8608,319,42,35000,Balanced,2025-10-26,1,Rent,BigBasket,22418.2,UPI,Mobile,0,1,0,0,0,7,10,0
8609,357,43,35000,Conservative,2025-05-13,0,Travel,Amazon,7850.99,Credit Card,Desktop,0,1,1,1,0,9,6,1
8610,122,43,25000,Conservative,2025-05-07,11,Utilities,Flipkart,2430.97,UPI,Mobile,0,0,0,1,1,8,1,0
8611,164,28,50000,Aggressive,2025-04-03,20,Groceries,Paytm,882.45,Debit Card,Tablet,1,0,0,0,0,4,0,0
8612,492,27,50000,Aggressive,2025-08-10,17,Entertainment,Amazon,807.91,UPI,Mobile,0,0,1,1,0,8,0,0
8613,104,27,50000,Aggressive,2025-02-19,17,Investment,Uber,3319.6,UPI,Mobile,0,0,1,0,0,4,1,0
8614,64,33,50000,Conservative,2025-11-12,20,Investment,Uber,6863.54,UPI,Mobile,0,0,1,0,1,6,2,0
8615,145,36,25000,Conservative,2025-01-04,9,Utilities,Amazon,1562.33,Credit Card,Mobile,1,0,1,1,0,4,3,1
8616,211,44,35000,Conservative,2025-09-17,12,Investment,Netflix,4416.88,Debit Card,Mobile,0,0,0,0,1,5,2,0
8617,63,23,25000,Aggressive,2025-09-01,0,Travel,Flipkart,6408.71,Credit Card,Mobile,1,1,0,0,0,8,7,1
8618,402,19,15000,Aggressive,2025-09-25,13,Electronics,Flipkart,9506.61,UPI,Mobile,0,0,1,0,0,6,10,1
8619,78,28,75000,Balanced,2025-10-08,21,EMI,Netflix,4747.18,Credit Card,Mobile,0,0,0,0,0,1,1,0
8620,183,26,25000,Conservative,2025-11-23,2,Travel,Groww,7214.85,BNPL,Mobile,0,1,0,0,1,1,10,1
8621,367,39,50000,Conservative,2025-12-28,19,Health,BigBasket,2044.4,UPI,Mobile,0,0,1,0,0,6,0,0
8622,11,36,25000,Aggressive,2025-05-06,5,Electronics,Uber,16092.86,Credit Card,Desktop,0,0,0,1,0,5,10,1
8623,62,23,25000,Balanced,2025-05-23,7,EMI,Uber,1625.42,Credit Card,Desktop,0,0,0,1,0,9,1,0
8624,344,40,50000,Conservative,2025-08-31,16,Health,Croma,2936.71,BNPL,Mobile,0,0,1,0,1,9,4,0
8625,494,30,15000,Aggressive,2025-03-16,13,Investment,Flipkart,5812.2,Credit Card,Mobile,0,0,1,0,0,10,9,1
8626,151,41,75000,Balanced,2025-10-27,11,Fashion,Croma,3056.08,UPI,Mobile,0,0,0,1,0,6,0,0
8627,265,32,50000,Balanced,2025-02-22,15,Health,Croma,786.93,Credit Card,Mobile,0,0,1,0,0,5,0,0
8628,62,23,25000,Balanced,2025-11-26,2,Electronics,Netflix,4891.34,Debit Card,Mobile,0,1,1,0,0,7,5,1
8629,102,43,50000,Balanced,2025-02-06,0,Rent,Zomato,9226.34,Credit Card,Desktop,0,1,0,0,0,7,5,1
8630,30,24,50000,Aggressive,2025-01-08,23,EMI,Zomato,4692.21,UPI,Mobile,0,1,1,0,1,9,1,0
8631,452,36,50000,Balanced,2025-06-03,21,Fashion,Swiggy,2464.16,UPI,Mobile,1,0,1,0,0,4,2,1
8632,432,22,50000,Conservative,2025-08-11,9,Entertainment,Groww,753.39,Credit Card,Mobile,0,0,0,1,1,6,2,1
8633,211,44,35000,Conservative,2025-06-06,12,Fashion,BigBasket,2585.11,UPI,Tablet,0,0,0,1,0,1,1,0
8634,295,41,35000,Balanced,2025-02-21,3,EMI,Swiggy,5375.55,UPI,Mobile,0,0,0,0,0,9,3,0
8635,357,43,35000,Conservative,2025-03-31,8,Electronics,Zomato,17763.24,UPI,Mobile,0,0,1,0,0,5,10,1
8636,300,23,25000,Balanced,2025-03-11,6,Education,Paytm,4423.83,Debit Card,Mobile,0,0,1,1,0,10,3,0
8637,204,22,50000,Conservative,2025-08-30,13,Rent,Paytm,10081.15,Debit Card,Mobile,0,0,1,0,0,4,6,1
8638,145,36,25000,Conservative,2025-04-28,23,Groceries,BigBasket,556.53,UPI,Mobile,0,1,0,1,0,4,0,0
8639,100,35,35000,Aggressive,2025-06-01,11,Fashion,Flipkart,2390.08,Credit Card,Mobile,1,0,0,0,0,8,1,0
8640,248,21,35000,Balanced,2025-02-08,23,Electronics,Netflix,10262.85,UPI,Desktop,0,1,0,1,1,10,7,1
8641,81,31,35000,Balanced,2025-03-29,20,Utilities,Swiggy,186.11,UPI,Mobile,0,0,0,0,0,8,0,0
8642,256,41,75000,Conservative,2025-05-03,13,Utilities,Netflix,1433.29,Cash,Desktop,1,0,1,0,0,2,0,0
8643,6,23,15000,Aggressive,2025-12-02,16,Entertainment,Amazon,887.93,Credit Card,Desktop,1,0,0,0,0,3,3,1
8644,160,37,50000,Balanced,2025-05-09,14,Fashion,PhonePe,5453.48,Credit Card,Desktop,0,0,0,1,0,5,2,0
8645,334,40,100000,Aggressive,2025-08-15,14,Electronics,Amazon,16564.51,BNPL,Desktop,0,0,1,0,0,7,8,1
8646,395,27,35000,Balanced,2025-11-08,2,Travel,Zomato,6870.81,UPI,Mobile,0,1,0,0,0,3,5,1
8647,134,36,35000,Aggressive,2025-03-03,3,Travel,Flipkart,8513.05,UPI,Mobile,1,0,0,1,1,9,4,0
8648,303,18,15000,Aggressive,2025-02-02,14,Health,Croma,2072.26,Debit Card,Mobile,1,0,0,0,0,8,2,0
8649,264,37,35000,Conservative,2025-11-09,21,Fashion,PhonePe,2340.11,UPI,Mobile,0,0,1,0,0,10,1,0
8650,115,24,15000,Conservative,2025-04-05,19,Entertainment,Groww,646.63,BNPL,Mobile,1,0,1,0,1,7,5,1
8651,433,32,15000,Balanced,2025-07-08,1,Fashion,Uber,1800.13,UPI,Desktop,0,1,0,1,0,9,2,0
8652,452,36,50000,Balanced,2025-04-05,22,Entertainment,Paytm,459.01,UPI,Desktop,1,1,0,0,1,10,0,0
8653,35,32,50000,Balanced,2025-12-15,2,Food Delivery,Croma,238.0,Debit Card,Desktop,0,1,0,1,0,10,0,0
8654,178,41,35000,Balanced,2025-02-20,12,Rent,Croma,21857.68,BNPL,Mobile,0,0,0,0,1,3,10,1
8655,484,28,100000,Conservative,2025-07-12,18,Fashion,Netflix,2096.86,UPI,Mobile,0,0,0,0,0,1,0,0
8656,175,43,50000,Balanced,2025-09-20,2,Health,Paytm,2316.73,Credit Card,Mobile,0,1,0,0,0,6,0,0
8657,252,44,100000,Balanced,2025-05-01,0,Investment,Groww,4243.13,UPI,Mobile,1,1,0,0,0,3,0,0
8658,187,29,15000,Conservative,2025-10-08,0,Electronics,Groww,14013.4,UPI,Mobile,0,1,1,0,0,2,10,1
8659,300,23,25000,Balanced,2025-03-06,14,Electronics,Flipkart,100.0,UPI,Mobile,0,0,0,1,0,2,0,0
8660,115,24,15000,Conservative,2025-07-17,18,Food Delivery,Myntra,317.33,Credit Card,Desktop,0,0,1,0,0,7,2,1
8661,322,38,35000,Aggressive,2025-08-08,9,Groceries,Netflix,1770.18,Credit Card,Mobile,0,0,0,0,0,1,1,0
8662,236,37,25000,Conservative,2025-05-24,17,Groceries,Paytm,1759.59,Debit Card,Mobile,0,0,0,0,0,8,1,0
8663,217,42,35000,Balanced,2025-06-03,14,Groceries,Groww,2281.07,UPI,Mobile,1,0,0,1,0,9,1,0
8664,441,33,50000,Aggressive,2025-04-12,4,Education,Netflix,1714.54,Debit Card,Mobile,0,0,0,1,0,4,0,0
8665,67,36,25000,Conservative,2025-11-13,13,Entertainment,Amazon,777.17,UPI,Mobile,0,0,1,0,0,5,0,0
8666,104,27,50000,Aggressive,2025-05-03,17,Groceries,Swiggy,956.27,Credit Card,Desktop,1,0,0,1,0,3,0,0
8667,261,42,50000,Balanced,2025-11-25,7,Fashion,Groww,3462.89,UPI,Mobile,0,0,0,1,1,6,1,0
8668,379,20,50000,Balanced,2025-07-01,18,Utilities,Paytm,1239.55,UPI,Mobile,1,0,1,0,0,2,0,0
8669,151,41,75000,Balanced,2025-03-27,7,EMI,Zomato,4640.9,UPI,Mobile,0,0,1,0,0,10,1,0
8670,340,31,35000,Aggressive,2025-03-13,12,Rent,Paytm,13722.97,UPI,Tablet,0,0,0,0,0,6,7,0
8671,421,34,100000,Aggressive,2025-06-04,15,Groceries,BigBasket,468.23,Credit Card,Mobile,1,0,0,1,0,6,0,0
8672,58,22,25000,Balanced,2025-08-10,8,Rent,Groww,10363.18,Debit Card,Tablet,0,0,0,0,1,3,8,0
8673,195,42,35000,Aggressive,2025-08-07,2,Food Delivery,Netflix,507.05,UPI,Mobile,0,1,0,1,0,5,0,0
8674,481,37,35000,Conservative,2025-04-06,21,Travel,Groww,3706.81,Credit Card,Mobile,0,0,0,0,0,2,2,0
8675,134,36,35000,Aggressive,2025-01-20,8,Health,Croma,3744.58,BNPL,Mobile,0,0,1,1,0,2,7,1
8676,471,20,25000,Conservative,2025-03-24,12,Electronics,Netflix,11890.45,UPI,Mobile,0,0,0,1,0,8,9,0
8677,121,26,50000,Conservative,2025-12-27,21,Utilities,Croma,1235.61,Credit Card,Mobile,0,0,0,0,1,9,0,0
8678,97,40,25000,Balanced,2025-12-17,11,Rent,Flipkart,17215.0,Debit Card,Mobile,0,0,0,0,0,7,10,0
8679,334,40,100000,Aggressive,2025-04-08,5,Health,Myntra,1034.49,Credit Card,Desktop,0,0,0,0,0,7,0,0
8680,439,18,75000,Balanced,2025-09-09,18,Investment,Swiggy,7377.49,UPI,Mobile,0,0,0,1,0,9,1,0
8681,110,39,25000,Conservative,2025-04-02,2,Investment,Swiggy,2010.98,UPI,Mobile,1,1,0,1,0,1,1,0
8682,400,39,25000,Balanced,2025-09-19,17,Health,Myntra,1464.55,Credit Card,Mobile,0,0,1,1,1,10,3,1
8683,484,28,100000,Conservative,2025-12-23,22,Travel,Myntra,7895.5,Credit Card,Mobile,0,1,0,0,0,1,3,1
8684,261,42,50000,Balanced,2025-11-02,1,EMI,PhonePe,3946.06,UPI,Mobile,1,1,0,1,1,2,3,1
8685,14,42,100000,Aggressive,2025-09-30,15,Utilities,Croma,1253.47,BNPL,Mobile,0,0,1,0,0,7,3,0
8686,482,42,25000,Balanced,2025-09-20,3,Education,Zomato,2765.79,Debit Card,Mobile,0,0,0,1,0,2,2,0
8687,45,29,25000,Aggressive,2025-01-06,19,Electronics,PhonePe,6063.98,Credit Card,Mobile,0,0,1,1,0,5,6,1
8688,334,40,100000,Aggressive,2025-06-27,13,Entertainment,Flipkart,667.77,Credit Card,Desktop,0,0,0,0,1,8,0,0
8689,425,35,35000,Aggressive,2025-02-06,11,Food Delivery,Netflix,430.6,Credit Card,Mobile,0,0,0,0,0,1,2,1
8690,319,42,35000,Balanced,2025-04-28,6,Travel,Uber,5691.66,UPI,Mobile,0,0,1,0,0,2,5,1
8691,326,41,75000,Conservative,2025-11-05,6,Travel,Myntra,11046.71,UPI,Mobile,1,0,1,0,0,1,2,0
8692,49,30,75000,Conservative,2025-12-24,10,Food Delivery,Flipkart,516.73,UPI,Mobile,0,0,1,0,0,4,2,1
8693,378,28,35000,Balanced,2025-05-07,13,Education,Netflix,3797.66,Debit Card,Mobile,0,0,1,1,0,3,2,0
8694,240,20,75000,Balanced,2025-04-12,1,Entertainment,PhonePe,1083.26,Credit Card,Mobile,0,1,1,1,0,8,2,1
8695,252,44,100000,Balanced,2025-07-22,13,EMI,Paytm,8274.77,UPI,Desktop,0,0,1,0,0,1,1,0
8696,181,28,75000,Conservative,2025-02-07,21,Electronics,Swiggy,19763.41,BNPL,Mobile,0,0,0,0,0,9,10,1
8697,22,25,35000,Balanced,2025-01-01,17,Entertainment,Myntra,779.07,Debit Card,Desktop,1,0,1,1,0,3,2,1
8698,491,39,35000,Balanced,2025-03-02,7,Utilities,Groww,913.6,UPI,Mobile,1,0,1,0,0,1,0,0
8699,281,25,35000,Balanced,2025-03-11,23,Entertainment,Flipkart,1011.44,BNPL,Mobile,0,1,1,0,0,3,5,1
8700,352,27,35000,Aggressive,2025-08-28,13,Fashion,BigBasket,2110.32,Debit Card,Mobile,0,0,0,0,0,6,1,0
8701,12,42,15000,Balanced,2025-07-26,16,Investment,Groww,6834.1,UPI,Mobile,0,0,0,1,1,2,10,1
8702,74,29,35000,Aggressive,2025-07-11,12,EMI,Myntra,2029.2,Debit Card,Desktop,0,0,0,0,1,4,1,0
8703,498,34,100000,Conservative,2025-11-10,15,Investment,BigBasket,3005.38,Credit Card,Mobile,0,0,0,1,1,2,2,1
8704,368,21,50000,Conservative,2025-06-07,8,Entertainment,Uber,984.8,Debit Card,Mobile,0,0,1,1,0,4,2,1
8705,383,42,35000,Conservative,2025-12-11,22,Groceries,Paytm,2026.11,UPI,Mobile,0,1,0,1,0,7,1,0
8706,158,37,35000,Balanced,2025-06-22,2,Travel,Croma,7161.29,Credit Card,Mobile,0,1,0,0,0,1,6,1
8707,45,29,25000,Aggressive,2025-05-02,4,Electronics,Croma,11579.95,Debit Card,Mobile,1,0,0,1,0,2,10,1
8708,33,22,50000,Balanced,2025-09-13,15,Education,Uber,1853.22,Credit Card,Desktop,0,0,0,0,0,1,0,0
8709,103,28,50000,Balanced,2025-06-22,19,Education,Swiggy,1131.86,UPI,Desktop,0,0,1,0,1,10,0,0
8710,354,36,35000,Balanced,2025-01-01,1,Electronics,Myntra,21158.28,UPI,Mobile,1,1,1,0,1,5,10,1
8711,191,39,15000,Conservative,2025-05-13,5,EMI,Flipkart,6185.13,Debit Card,Mobile,0,0,0,1,1,10,8,0
8712,130,43,35000,Balanced,2025-04-03,16,Education,Uber,3271.51,UPI,Desktop,1,0,0,0,0,1,1,0
8713,121,26,50000,Conservative,2025-08-24,18,Rent,Netflix,10728.65,UPI,Desktop,0,0,0,1,0,1,4,0
8714,172,36,50000,Balanced,2025-12-08,21,Electronics,Zomato,16898.47,UPI,Mobile,0,0,0,0,0,5,6,0
8715,268,23,25000,Conservative,2025-06-26,22,Groceries,BigBasket,566.4,UPI,Mobile,0,1,0,0,1,6,0,0
8716,220,34,25000,Balanced,2025-03-11,4,Food Delivery,Groww,308.69,UPI,Mobile,0,0,0,1,1,2,2,1
8717,371,39,35000,Balanced,2025-02-23,17,Food Delivery,Flipkart,402.62,UPI,Mobile,0,0,0,0,0,4,0,0
8718,426,20,50000,Conservative,2025-01-23,2,Entertainment,Flipkart,1402.64,UPI,Mobile,0,1,0,0,0,10,0,0
8719,72,43,100000,Balanced,2025-03-26,20,Rent,Croma,14065.59,Cash,Mobile,0,0,0,0,0,4,2,0
8720,11,36,25000,Aggressive,2025-12-11,19,EMI,Croma,2082.89,UPI,Desktop,0,0,0,0,0,5,1,0
8721,353,40,50000,Balanced,2025-05-15,23,Entertainment,Zomato,1018.31,UPI,Mobile,0,1,0,0,1,10,0,0
8722,60,23,25000,Balanced,2025-09-12,21,Utilities,Paytm,656.38,Debit Card,Tablet,0,0,0,0,0,6,0,0
8723,287,25,50000,Conservative,2025-07-15,2,Education,PhonePe,1551.3,Credit Card,Mobile,0,1,0,1,1,3,2,1
8724,25,30,15000,Aggressive,2025-06-27,6,Rent,Flipkart,4324.16,UPI,Mobile,0,0,1,0,0,6,5,0
8725,398,43,50000,Conservative,2025-06-03,17,Health,Myntra,1979.66,BNPL,Mobile,1,0,0,0,0,8,3,0
8726,247,20,35000,Balanced,2025-03-31,14,Investment,PhonePe,6742.86,UPI,Mobile,0,0,0,0,0,9,3,0
8727,379,20,50000,Balanced,2025-09-14,19,Electronics,Croma,13757.96,Debit Card,Mobile,0,0,0,0,0,5,5,0
8728,91,33,25000,Conservative,2025-07-16,6,Investment,Uber,3687.53,Credit Card,Desktop,0,0,1,1,0,6,2,0
8729,157,29,25000,Aggressive,2025-01-21,22,Utilities,Croma,1200.0,UPI,Mobile,0,1,1,0,0,3,2,1
8730,67,36,25000,Conservative,2025-06-30,16,Entertainment,Netflix,884.9,UPI,Desktop,0,0,0,1,0,10,0,0
8731,463,19,25000,Aggressive,2025-03-21,5,Entertainment,PhonePe,899.34,Cash,Mobile,0,0,0,0,0,6,0,0
8732,135,22,50000,Balanced,2025-04-22,14,Electronics,Myntra,12280.48,UPI,Mobile,0,0,0,1,0,1,6,1
8733,374,20,50000,Aggressive,2025-06-15,9,Education,Croma,5101.05,Credit Card,Mobile,0,0,0,0,0,4,2,0
8734,11,36,25000,Aggressive,2025-12-12,20,Fashion,Croma,1243.64,BNPL,Mobile,0,0,0,0,0,4,5,1
8735,202,34,35000,Balanced,2025-08-14,3,EMI,Netflix,4434.67,Credit Card,Desktop,0,0,0,0,0,8,2,0
8736,185,33,50000,Aggressive,2025-11-04,8,Health,Netflix,2039.3,Credit Card,Mobile,1,0,1,0,1,8,0,0
8737,158,37,35000,Balanced,2025-06-27,8,Entertainment,Netflix,936.92,UPI,Mobile,0,0,1,0,0,3,2,1
8738,355,19,35000,Conservative,2025-07-14,10,Food Delivery,Flipkart,482.8,UPI,Mobile,0,0,1,1,1,9,2,1
8739,161,40,50000,Conservative,2025-09-18,15,Education,Zomato,2483.02,Cash,Mobile,0,0,1,0,1,4,0,0
8740,425,35,35000,Aggressive,2025-10-03,9,Entertainment,Netflix,783.08,UPI,Mobile,1,0,1,1,0,7,0,0
8741,233,32,35000,Conservative,2025-03-25,17,Travel,Groww,6726.46,Credit Card,Desktop,0,0,0,0,0,6,3,0
8742,486,31,100000,Balanced,2025-06-02,9,Travel,Netflix,11691.55,UPI,Mobile,1,0,0,1,0,8,2,0
8743,429,26,25000,Conservative,2025-06-30,18,Fashion,Flipkart,1593.62,Debit Card,Mobile,0,0,0,1,0,7,1,0
8744,233,32,35000,Conservative,2025-01-20,0,EMI,Paytm,7237.28,BNPL,Mobile,0,1,0,1,0,10,9,1
8745,369,28,25000,Conservative,2025-05-30,4,Utilities,Paytm,1460.19,Debit Card,Desktop,0,0,1,0,0,10,1,0
8746,328,25,35000,Conservative,2025-12-06,8,Electronics,Uber,16766.21,Debit Card,Mobile,0,0,0,0,0,9,9,0
8747,37,44,35000,Balanced,2025-09-29,23,Food Delivery,PhonePe,354.82,UPI,Mobile,0,1,1,0,0,5,2,1
8748,264,37,35000,Conservative,2025-09-04,0,Food Delivery,Swiggy,274.73,UPI,Mobile,1,1,0,0,1,6,0,0
8749,140,18,100000,Aggressive,2025-07-15,0,Fashion,Netflix,620.04,UPI,Mobile,0,1,1,0,0,9,2,1
8750,146,38,25000,Aggressive,2025-02-10,3,Electronics,Croma,15083.35,Credit Card,Mobile,0,0,0,0,1,1,10,1
8751,114,38,25000,Aggressive,2025-04-26,13,Electronics,BigBasket,12279.53,Credit Card,Mobile,0,0,1,0,0,6,10,1
8752,71,27,25000,Balanced,2025-01-05,6,Travel,Swiggy,6892.12,UPI,Mobile,1,0,1,1,0,7,5,0
8753,293,18,15000,Balanced,2025-04-27,18,Travel,Groww,8462.01,BNPL,Mobile,0,0,0,0,1,5,10,0
8754,288,32,35000,Balanced,2025-09-07,14,Entertainment,Amazon,938.71,UPI,Desktop,0,0,0,0,0,4,0,0
8755,437,36,50000,Conservative,2025-07-30,21,Travel,Croma,10348.32,BNPL,Mobile,0,0,0,1,0,7,7,0
8756,34,44,35000,Conservative,2025-03-29,11,Food Delivery,Myntra,328.56,Credit Card,Mobile,0,0,0,0,1,4,2,1
8757,274,35,15000,Balanced,2025-05-17,12,Education,Netflix,100.0,Credit Card,Mobile,0,0,1,0,0,9,0,0
8758,291,40,15000,Conservative,2025-02-15,0,Education,Flipkart,2984.72,BNPL,Mobile,0,1,0,1,0,5,8,1
8759,205,38,35000,Conservative,2025-06-27,22,Rent,BigBasket,14346.05,Debit Card,Mobile,0,1,1,0,0,9,10,1
8760,72,43,100000,Balanced,2025-10-05,17,Fashion,PhonePe,2590.43,Credit Card,Mobile,1,0,0,0,1,10,0,0
8761,233,32,35000,Conservative,2025-12-17,15,Groceries,Paytm,1249.73,UPI,Mobile,0,0,0,0,0,10,0,0
8762,59,19,35000,Balanced,2025-08-31,19,Health,Groww,1807.56,Credit Card,Mobile,0,0,0,0,1,7,1,0
8763,461,28,50000,Conservative,2025-12-01,9,Travel,Flipkart,7826.53,UPI,Tablet,1,0,0,0,0,1,3,0
8764,162,38,35000,Conservative,2025-11-02,12,Electronics,Groww,12416.28,BNPL,Mobile,1,0,0,0,1,8,10,1
8765,359,38,50000,Balanced,2025-04-21,10,Rent,Zomato,14194.67,Credit Card,Mobile,0,0,0,0,0,6,5,0
8766,95,31,100000,Aggressive,2025-01-04,20,Electronics,Croma,17455.41,Credit Card,Mobile,1,0,1,0,0,8,5,1
8767,222,28,35000,Conservative,2025-01-20,4,Investment,Paytm,4911.68,UPI,Mobile,0,0,1,1,0,5,2,0
8768,305,22,75000,Balanced,2025-08-14,8,Utilities,Myntra,2384.58,Debit Card,Mobile,0,0,0,0,1,2,0,0
8769,440,25,25000,Conservative,2025-11-28,2,Utilities,Flipkart,1487.53,UPI,Desktop,0,1,0,1,0,5,1,0
8770,493,18,35000,Conservative,2025-11-29,23,Utilities,Paytm,100.0,UPI,Mobile,0,1,0,0,0,9,0,0
8771,303,18,15000,Aggressive,2025-12-26,7,Electronics,Uber,100.0,UPI,Mobile,0,0,0,0,0,7,0,0
8772,406,42,35000,Conservative,2025-12-02,17,Electronics,Swiggy,13414.39,UPI,Mobile,1,0,1,1,0,6,9,1
8773,59,19,35000,Balanced,2025-08-08,23,Investment,PhonePe,7621.27,Credit Card,Mobile,0,1,1,0,1,7,6,1
8774,191,39,15000,Conservative,2025-04-23,21,Food Delivery,Croma,425.11,UPI,Mobile,0,0,0,0,0,10,0,0
8775,146,38,25000,Aggressive,2025-07-22,20,Fashion,Flipkart,2422.55,UPI,Mobile,0,0,0,1,0,9,1,0
8776,66,44,25000,Balanced,2025-11-12,18,Investment,BigBasket,4060.99,UPI,Mobile,0,0,1,1,0,5,3,0
8777,267,21,25000,Balanced,2025-04-22,4,Fashion,Netflix,1539.09,Credit Card,Mobile,0,0,1,0,0,8,3,1
8778,267,21,25000,Balanced,2025-12-07,11,Utilities,PhonePe,2073.44,Credit Card,Mobile,0,0,0,0,0,9,1,0
8779,172,36,50000,Balanced,2025-01-25,10,EMI,Croma,7779.3,Debit Card,Desktop,0,0,0,0,0,7,3,0
8780,192,38,50000,Balanced,2025-02-12,9,Electronics,PhonePe,14734.79,UPI,Mobile,0,0,1,0,0,6,7,1
8781,411,42,25000,Aggressive,2025-10-18,20,Investment,Uber,1015.17,Credit Card,Mobile,0,0,0,1,0,3,0,0
8782,296,32,35000,Balanced,2025-10-09,17,Utilities,Croma,2311.63,Debit Card,Tablet,0,0,0,0,0,1,1,0
8783,479,20,25000,Balanced,2025-02-06,1,Rent,Groww,3559.44,Debit Card,Mobile,0,1,0,0,0,10,2,0
8784,486,31,100000,Balanced,2025-01-04,14,Electronics,Swiggy,13150.21,UPI,Mobile,1,0,0,0,0,7,2,0
8785,97,40,25000,Balanced,2025-07-29,23,Rent,PhonePe,19787.4,Debit Card,Desktop,0,1,0,1,1,2,10,1
8786,319,42,35000,Balanced,2025-10-06,23,Food Delivery,Paytm,146.24,Debit Card,Desktop,0,1,0,0,0,4,2,1
8787,343,35,15000,Conservative,2025-03-23,12,Entertainment,Paytm,743.28,UPI,Mobile,0,0,0,1,0,1,0,0
8788,111,39,35000,Conservative,2025-10-06,1,Groceries,Uber,1358.8,UPI,Mobile,0,1,0,0,0,10,0,0
8789,69,35,50000,Balanced,2025-12-20,10,Health,BigBasket,2772.51,Credit Card,Mobile,0,0,0,1,1,4,3,1
8790,104,27,50000,Aggressive,2025-04-09,4,Rent,Paytm,13152.77,UPI,Mobile,0,0,0,0,0,2,5,0
8791,255,28,15000,Aggressive,2025-11-15,14,Rent,Swiggy,8345.91,UPI,Mobile,0,0,0,0,1,9,10,0
8792,128,22,15000,Conservative,2025-07-18,18,Groceries,Swiggy,968.32,Credit Card,Mobile,0,0,1,0,1,8,1,0
8793,404,20,15000,Conservative,2025-02-21,21,Health,BigBasket,1912.94,UPI,Mobile,0,0,0,0,0,7,2,0
8794,466,37,50000,Balanced,2025-04-28,3,Health,Groww,1756.41,UPI,Mobile,0,0,0,0,1,5,0,0
8795,309,18,15000,Aggressive,2025-03-26,11,Electronics,Swiggy,7848.37,UPI,Mobile,0,0,0,1,0,1,10,1
8796,467,37,50000,Conservative,2025-11-13,22,Investment,Swiggy,7651.6,UPI,Mobile,0,1,0,1,0,8,3,0
8797,344,40,50000,Conservative,2025-01-21,16,Rent,Paytm,7889.06,Credit Card,Mobile,0,0,0,0,0,8,3,0
8798,450,25,25000,Balanced,2025-03-25,14,EMI,PhonePe,7211.09,Credit Card,Desktop,0,0,0,0,1,6,5,0
8799,473,34,50000,Conservative,2025-06-07,5,Investment,Amazon,5331.85,Credit Card,Desktop,0,0,0,1,0,8,2,0
8800,486,31,100000,Balanced,2025-10-30,15,Groceries,Flipkart,1063.07,BNPL,Mobile,0,0,0,0,0,7,3,0
8801,200,30,15000,Conservative,2025-05-10,20,Fashion,Uber,1691.69,Credit Card,Desktop,0,0,0,1,0,6,2,0
8802,77,39,50000,Balanced,2025-05-28,21,Electronics,Flipkart,8993.68,Credit Card,Mobile,0,0,1,0,0,4,5,1
8803,95,31,100000,Aggressive,2025-10-28,14,Health,Groww,3630.69,UPI,Mobile,0,0,0,0,1,8,0,0
8804,263,23,100000,Balanced,2025-02-17,1,Utilities,Amazon,1167.92,UPI,Mobile,0,1,0,1,0,8,0,0
8805,179,43,15000,Aggressive,2025-02-06,6,EMI,Croma,6893.64,UPI,Mobile,0,0,0,0,1,1,9,0
8806,459,32,100000,Balanced,2025-08-27,6,Investment,Flipkart,6873.49,Debit Card,Mobile,0,0,0,1,0,9,1,0
8807,408,24,35000,Balanced,2025-11-12,6,Utilities,BigBasket,1426.52,Credit Card,Mobile,0,0,0,0,0,8,0,0
8808,390,43,35000,Aggressive,2025-03-10,19,Investment,Groww,5535.52,UPI,Mobile,0,0,0,1,0,1,3,0
8809,221,19,35000,Conservative,2025-06-25,19,Education,Croma,4733.35,Debit Card,Desktop,0,0,0,1,0,7,2,0
8810,461,28,50000,Conservative,2025-09-26,15,Electronics,Paytm,14082.1,UPI,Mobile,0,0,0,1,1,10,7,1
8811,248,21,35000,Balanced,2025-04-07,10,Travel,Swiggy,10188.6,UPI,Mobile,0,0,0,0,1,4,5,0
8812,85,20,50000,Balanced,2025-12-06,16,Fashion,Myntra,2424.24,UPI,Mobile,0,0,0,1,0,8,0,0
8813,112,37,15000,Conservative,2025-03-24,21,Electronics,BigBasket,22180.54,UPI,Mobile,0,0,1,0,0,4,10,1
8814,277,25,50000,Balanced,2025-03-25,9,Entertainment,Netflix,635.36,Credit Card,Desktop,0,0,1,1,1,9,2,1
8815,93,31,75000,Conservative,2025-03-24,4,Electronics,PhonePe,13683.65,UPI,Mobile,0,0,0,1,1,1,5,1
8816,88,30,35000,Aggressive,2025-05-12,5,Food Delivery,Uber,332.11,Debit Card,Mobile,0,0,0,1,0,6,0,0
8817,144,43,50000,Conservative,2025-04-10,17,Education,BigBasket,4099.8,UPI,Tablet,0,0,0,0,0,5,1,0
8818,118,27,25000,Balanced,2025-04-25,1,Travel,Paytm,9576.59,UPI,Mobile,0,1,0,0,0,8,7,0
8819,68,26,50000,Conservative,2025-05-11,8,Travel,Croma,5538.11,BNPL,Mobile,0,0,0,1,1,9,5,0
8820,390,43,35000,Aggressive,2025-08-07,7,Groceries,Groww,1183.7,UPI,Mobile,0,0,0,0,1,8,0,0
8821,248,21,35000,Balanced,2025-05-17,19,EMI,Flipkart,4760.02,UPI,Desktop,0,0,0,0,0,1,2,0
8822,133,19,25000,Conservative,2025-04-08,2,Health,Flipkart,1524.8,BNPL,Mobile,0,1,0,0,0,7,4,0
8823,247,20,35000,Balanced,2025-08-12,4,Utilities,Amazon,1617.65,UPI,Mobile,0,0,0,1,0,10,0,0
8824,316,19,35000,Balanced,2025-09-28,15,Investment,Zomato,4953.4,Credit Card,Mobile,0,0,1,1,0,2,4,1
8825,362,39,15000,Aggressive,2025-08-06,3,Fashion,Groww,5183.64,BNPL,Desktop,0,0,0,1,0,4,10,1
8826,50,25,35000,Balanced,2025-08-23,22,Investment,Swiggy,4268.45,Cash,Mobile,0,1,1,0,1,3,4,1
8827,85,20,50000,Balanced,2025-01-03,9,Rent,Groww,12046.23,Credit Card,Mobile,1,0,0,0,0,7,4,0
8828,83,21,25000,Conservative,2025-08-17,3,Health,Groww,2725.79,UPI,Mobile,0,0,0,1,1,3,2,0
8829,365,30,50000,Balanced,2025-08-29,4,Food Delivery,PhonePe,340.31,UPI,Mobile,0,0,0,1,0,4,0,0
8830,70,42,15000,Aggressive,2025-10-13,0,Groceries,Netflix,1369.21,UPI,Mobile,0,1,1,0,0,1,3,1
8831,193,30,75000,Aggressive,2025-12-05,8,EMI,Uber,4857.24,Debit Card,Mobile,1,0,0,0,0,8,1,0
8832,78,28,75000,Balanced,2025-01-22,10,Entertainment,Myntra,1342.13,UPI,Mobile,0,0,0,0,1,2,0,0
8833,109,19,15000,Balanced,2025-10-16,0,Electronics,Groww,9779.35,Credit Card,Desktop,0,1,0,1,0,10,10,1
8834,313,38,25000,Aggressive,2025-04-20,10,Groceries,Groww,999.77,UPI,Mobile,0,0,0,1,0,10,0,0
8835,78,28,75000,Balanced,2025-03-03,6,Entertainment,Flipkart,544.44,UPI,Mobile,1,0,0,0,1,3,0,0
8836,432,22,50000,Conservative,2025-04-19,13,Investment,Zomato,4982.65,Credit Card,Mobile,0,0,0,0,1,4,1,0
8837,339,25,15000,Conservative,2025-11-09,2,Rent,Swiggy,12064.7,Credit Card,Mobile,0,1,1,0,1,1,10,1
8838,375,44,35000,Conservative,2025-11-15,2,Health,PhonePe,1950.22,Credit Card,Tablet,0,1,0,0,0,5,1,0
8839,489,36,15000,Conservative,2025-12-11,13,Groceries,BigBasket,850.97,UPI,Mobile,0,0,0,0,0,2,1,0
8840,120,22,25000,Conservative,2025-04-20,8,Groceries,Zomato,208.14,Credit Card,Mobile,0,0,0,0,0,10,0,0
8841,168,19,15000,Conservative,2025-07-14,10,Education,BigBasket,1704.5,Credit Card,Mobile,0,0,0,0,0,8,2,0
8842,107,18,15000,Conservative,2025-10-20,4,Fashion,Uber,4454.9,Cash,Mobile,0,0,1,1,0,9,7,1
8843,378,28,35000,Balanced,2025-12-28,4,Electronics,Zomato,5157.23,Debit Card,Mobile,0,0,1,1,0,7,2,0
8844,283,32,35000,Conservative,2025-10-31,1,Investment,Swiggy,4936.65,UPI,Mobile,0,1,1,0,0,8,2,0
8845,123,39,50000,Balanced,2025-01-30,1,EMI,Netflix,2134.85,Credit Card,Mobile,0,1,0,1,0,7,0,0
8846,408,24,35000,Balanced,2025-07-27,1,Travel,Swiggy,11866.87,UPI,Mobile,0,1,0,1,0,7,6,0
8847,331,21,25000,Aggressive,2025-01-31,5,Groceries,Flipkart,461.06,UPI,Desktop,0,0,0,0,0,10,0,0
8848,152,29,35000,Balanced,2025-03-09,15,Rent,PhonePe,7585.62,UPI,Mobile,0,0,0,0,0,10,4,0
8849,446,38,50000,Conservative,2025-10-14,6,Travel,Amazon,12929.57,UPI,Mobile,0,0,1,0,1,8,5,0
8850,487,28,50000,Aggressive,2025-07-30,14,Groceries,Uber,584.15,Debit Card,Desktop,0,0,0,0,1,8,0,0
8851,488,23,75000,Balanced,2025-09-08,19,Utilities,Groww,1434.92,UPI,Mobile,0,0,1,0,1,10,0,0
8852,356,39,35000,Balanced,2025-04-12,7,Rent,BigBasket,20186.87,UPI,Mobile,0,0,1,1,0,6,10,0
8853,42,30,15000,Conservative,2025-07-10,4,Electronics,Flipkart,11314.99,Credit Card,Mobile,0,0,0,0,0,9,10,1
8854,431,27,50000,Balanced,2025-06-02,16,Electronics,Groww,18412.39,BNPL,Mobile,1,0,1,0,1,2,10,1
8855,495,43,25000,Conservative,2025-09-05,10,Electronics,BigBasket,20211.03,Credit Card,Mobile,1,0,1,1,0,3,10,1
8856,178,41,35000,Balanced,2025-08-25,11,Electronics,Zomato,14586.82,Credit Card,Mobile,0,0,0,1,0,2,10,1
8857,203,20,35000,Balanced,2025-03-12,18,Fashion,Groww,2668.41,UPI,Mobile,0,0,0,1,0,10,1,0
8858,103,28,50000,Balanced,2025-10-28,23,EMI,Zomato,5165.75,Debit Card,Mobile,0,1,1,0,0,3,4,1
8859,417,42,50000,Conservative,2025-04-23,1,Food Delivery,Zomato,199.25,UPI,Mobile,0,1,1,1,0,9,2,1
8860,473,34,50000,Conservative,2025-09-25,15,Electronics,Paytm,1568.55,UPI,Mobile,0,0,0,0,0,2,0,0
8861,230,29,25000,Conservative,2025-11-06,8,Health,Croma,2630.66,Credit Card,Mobile,0,0,1,0,0,10,2,0
8862,330,34,35000,Balanced,2025-10-31,22,Fashion,Netflix,1430.0,Cash,Desktop,0,1,0,1,1,10,2,1
8863,55,24,35000,Conservative,2025-09-27,5,Groceries,Amazon,1463.19,UPI,Mobile,0,0,0,0,0,9,0,0
8864,222,28,35000,Conservative,2025-07-11,21,EMI,Groww,9805.35,BNPL,Desktop,0,0,1,0,1,2,10,1
8865,112,37,15000,Conservative,2025-06-19,9,Education,Flipkart,4131.51,UPI,Mobile,0,0,0,0,0,4,5,0
8866,447,21,35000,Balanced,2025-08-16,14,EMI,PhonePe,2342.58,Credit Card,Mobile,0,0,0,1,0,2,1,0
8867,142,31,15000,Conservative,2025-07-06,12,Electronics,Uber,6631.43,UPI,Mobile,0,0,0,0,1,1,10,1
8868,489,36,15000,Conservative,2025-12-25,13,Fashion,Flipkart,2501.32,Credit Card,Mobile,0,0,1,0,0,1,5,1
8869,275,26,25000,Conservative,2025-02-09,11,Fashion,Croma,4400.85,Debit Card,Mobile,0,0,0,0,1,1,5,1
8870,280,42,75000,Conservative,2025-01-30,18,Utilities,Flipkart,1777.1,Credit Card,Mobile,0,0,0,0,0,1,0,0
8871,171,42,35000,Conservative,2025-07-02,21,EMI,Swiggy,6099.61,UPI,Mobile,1,0,0,1,0,10,3,0
8872,227,43,25000,Aggressive,2025-09-16,19,Electronics,Amazon,12265.52,UPI,Mobile,0,0,1,1,1,4,10,1
8873,139,36,50000,Balanced,2025-03-27,6,Investment,Swiggy,6152.88,UPI,Desktop,0,0,0,1,0,8,2,0
8874,238,31,35000,Balanced,2025-05-18,7,Rent,BigBasket,7379.13,UPI,Mobile,0,0,1,1,0,2,6,1
8875,255,28,15000,Aggressive,2025-08-14,12,EMI,PhonePe,4518.01,UPI,Mobile,0,0,1,0,1,6,6,0
8876,485,38,15000,Conservative,2025-03-23,10,Investment,Netflix,1394.55,Credit Card,Mobile,0,0,1,1,0,6,1,0
8877,30,24,50000,Aggressive,2025-06-09,16,Investment,Groww,2099.12,Credit Card,Mobile,0,0,0,0,0,7,0,0
8878,351,43,50000,Conservative,2025-08-30,14,Fashion,PhonePe,2606.5,Credit Card,Mobile,0,0,0,1,0,7,1,0
8879,37,44,35000,Balanced,2025-01-16,20,Health,Groww,1699.49,UPI,Mobile,0,0,0,1,0,6,0,0
8880,66,44,25000,Balanced,2025-11-30,17,Travel,Myntra,11540.87,Debit Card,Mobile,0,0,0,0,0,6,9,0
8881,307,26,35000,Balanced,2025-03-25,0,EMI,Flipkart,7030.17,UPI,Mobile,0,1,0,1,1,4,6,1
8882,478,29,15000,Aggressive,2025-11-19,6,Travel,Uber,12287.46,UPI,Desktop,0,0,0,0,0,10,10,0
8883,258,41,15000,Conservative,2025-11-25,20,Education,Flipkart,4086.21,Debit Card,Mobile,0,0,0,0,0,3,5,0
8884,179,43,15000,Aggressive,2025-10-06,10,Electronics,Groww,11870.68,Credit Card,Mobile,0,0,1,1,0,2,10,1
8885,136,33,35000,Conservative,2025-11-05,23,Electronics,Swiggy,10825.78,UPI,Mobile,1,1,0,0,0,4,8,1
8886,391,31,15000,Balanced,2025-10-04,2,Investment,Amazon,1403.63,Credit Card,Mobile,1,1,0,1,0,2,3,1
8887,36,43,25000,Conservative,2025-11-01,7,Utilities,Croma,836.95,BNPL,Mobile,1,0,0,0,0,1,3,0
8888,199,42,100000,Aggressive,2025-01-01,21,Electronics,Amazon,16434.21,Debit Card,Mobile,1,0,1,0,0,2,5,1
8889,395,27,35000,Balanced,2025-02-13,1,Groceries,Flipkart,1430.87,Debit Card,Mobile,0,1,0,0,0,7,0,0
8890,373,43,15000,Conservative,2025-04-25,18,Travel,Croma,6896.29,UPI,Mobile,0,0,0,0,1,8,9,0
8891,231,31,25000,Conservative,2025-05-02,10,Entertainment,Netflix,1138.18,Debit Card,Mobile,1,0,0,1,1,5,0,0
8892,122,43,25000,Conservative,2025-07-11,11,Health,Netflix,2109.14,Debit Card,Mobile,0,0,0,0,0,8,1,0
8893,91,33,25000,Conservative,2025-11-11,9,Rent,Paytm,16408.27,Debit Card,Mobile,0,0,0,0,1,6,10,0
8894,494,30,15000,Aggressive,2025-12-12,3,Food Delivery,BigBasket,599.42,UPI,Mobile,0,0,0,1,1,2,2,1
8895,424,34,25000,Conservative,2025-05-01,5,Food Delivery,Flipkart,382.38,UPI,Desktop,1,0,0,1,1,5,0,0
8896,206,36,25000,Conservative,2025-10-14,1,Education,Flipkart,5237.11,Cash,Desktop,0,1,0,0,0,2,6,1
8897,22,25,35000,Balanced,2025-07-19,7,Travel,Myntra,13182.54,UPI,Mobile,0,0,0,0,0,5,7,0
8898,217,42,35000,Balanced,2025-09-15,9,Health,Netflix,896.64,Cash,Desktop,0,0,0,1,0,3,0,0
8899,239,31,15000,Conservative,2025-04-27,13,Entertainment,Amazon,778.21,BNPL,Mobile,0,0,1,1,0,6,6,1
8900,10,32,35000,Balanced,2025-04-21,0,Health,Uber,1207.76,UPI,Mobile,0,1,1,0,0,8,0,0
8901,314,38,35000,Conservative,2025-08-28,14,Health,PhonePe,1499.53,Debit Card,Mobile,0,0,0,1,0,9,0,0
8902,373,43,15000,Conservative,2025-09-28,16,Entertainment,Netflix,1105.94,UPI,Mobile,0,0,0,0,1,9,1,0
8903,25,30,15000,Aggressive,2025-08-02,6,Rent,Amazon,13418.92,UPI,Mobile,1,0,0,0,0,3,10,0
8904,385,38,50000,Balanced,2025-01-18,10,Fashion,Flipkart,2324.23,UPI,Mobile,0,0,1,0,0,7,0,0
8905,396,41,25000,Conservative,2025-08-30,12,Fashion,Uber,2983.82,Credit Card,Mobile,0,0,0,0,1,8,2,0
8906,197,41,25000,Aggressive,2025-11-19,10,Fashion,Groww,2955.92,BNPL,Mobile,0,0,0,0,0,7,5,0
8907,182,36,100000,Balanced,2025-06-15,10,Utilities,Paytm,2769.89,UPI,Mobile,0,0,0,0,0,4,0,0
8908,386,33,50000,Conservative,2025-04-14,9,Utilities,Swiggy,2411.82,UPI,Mobile,0,0,0,1,0,2,0,0
8909,381,29,25000,Conservative,2025-08-22,13,Investment,Paytm,4666.32,UPI,Mobile,0,0,1,0,0,7,3,0
8910,373,43,15000,Conservative,2025-10-27,5,Rent,Groww,9154.95,Debit Card,Mobile,0,0,0,0,0,8,10,0
8911,40,21,75000,Conservative,2025-11-20,6,Groceries,Amazon,990.86,UPI,Desktop,0,0,1,0,1,2,0,0
8912,130,43,35000,Balanced,2025-02-02,0,EMI,Croma,14624.31,Credit Card,Mobile,1,1,1,0,0,5,10,1
8913,177,42,25000,Conservative,2025-09-29,14,Investment,Paytm,7873.41,UPI,Desktop,0,0,1,1,0,1,8,1
8914,460,20,35000,Conservative,2025-09-07,15,Groceries,Myntra,1247.41,UPI,Mobile,0,0,1,0,1,9,0,0
8915,55,24,35000,Conservative,2025-12-04,7,Groceries,Amazon,968.36,Debit Card,Desktop,1,0,1,0,0,1,0,0
8916,105,42,35000,Conservative,2025-08-29,21,Investment,Myntra,5445.95,Credit Card,Mobile,0,0,0,0,0,1,5,1
8917,63,23,25000,Aggressive,2025-08-16,1,Investment,Myntra,7254.32,UPI,Mobile,0,1,1,0,0,8,7,1
8918,112,37,15000,Conservative,2025-02-19,5,Investment,Paytm,6743.72,Cash,Mobile,0,0,1,1,0,4,10,1
8919,5,39,15000,Balanced,2025-08-13,22,Food Delivery,Paytm,262.52,Debit Card,Mobile,0,1,1,0,0,7,2,1
8920,183,26,25000,Conservative,2025-08-03,20,Rent,Uber,9665.94,Credit Card,Mobile,1,0,1,0,0,7,9,1
8921,44,42,15000,Balanced,2025-03-29,5,Utilities,Uber,1841.37,Debit Card,Mobile,0,0,0,0,0,2,2,0
8922,356,39,35000,Balanced,2025-02-16,16,Entertainment,Flipkart,836.96,Debit Card,Mobile,0,0,0,0,1,5,0,0
8923,8,29,15000,Balanced,2025-04-10,21,Food Delivery,Swiggy,280.75,UPI,Mobile,0,0,0,0,0,8,0,0
8924,486,31,100000,Balanced,2025-01-29,4,Health,Swiggy,1639.19,UPI,Mobile,0,0,0,0,0,3,0,0
8925,407,42,50000,Balanced,2025-05-29,10,Utilities,Groww,1856.6,UPI,Mobile,0,0,0,0,1,5,0,0
8926,264,37,35000,Conservative,2025-03-13,21,Utilities,Paytm,1298.44,Debit Card,Mobile,0,0,1,1,1,4,2,1
8927,174,20,25000,Balanced,2025-09-29,3,Education,Zomato,1371.93,Debit Card,Mobile,0,0,1,1,0,6,1,0
8928,499,44,15000,Aggressive,2025-01-09,17,Electronics,Amazon,14484.81,Credit Card,Mobile,0,0,0,1,0,7,10,1
8929,498,34,100000,Conservative,2025-03-29,23,Fashion,Myntra,1271.02,BNPL,Mobile,0,1,0,0,1,1,5,1
8930,49,30,75000,Conservative,2025-11-07,6,Health,Uber,2571.88,Debit Card,Mobile,0,0,0,1,0,7,0,0
8931,331,21,25000,Aggressive,2025-11-29,7,Food Delivery,Zomato,350.15,UPI,Mobile,0,0,1,0,0,5,0,0
8932,272,32,35000,Balanced,2025-06-22,11,Groceries,Groww,1075.98,Debit Card,Mobile,0,0,0,0,0,6,0,0
8933,10,32,35000,Balanced,2025-03-28,9,EMI,Swiggy,6904.76,Debit Card,Mobile,0,0,0,0,0,5,3,0
8934,447,21,35000,Balanced,2025-09-07,12,Health,Netflix,2598.03,BNPL,Mobile,0,0,0,0,1,10,4,0
8935,430,26,15000,Aggressive,2025-03-09,12,Rent,PhonePe,13977.23,UPI,Mobile,0,0,0,1,0,1,10,0
8936,355,19,35000,Conservative,2025-04-25,8,Travel,Croma,15004.7,BNPL,Mobile,0,0,1,0,0,9,10,1
8937,295,41,35000,Balanced,2025-11-20,19,Education,Zomato,4080.16,Credit Card,Mobile,0,0,0,0,0,2,2,0
8938,415,23,100000,Aggressive,2025-08-23,6,Education,Myntra,2331.15,Debit Card,Mobile,0,0,0,0,0,6,0,0
8939,303,18,15000,Aggressive,2025-06-01,17,EMI,Groww,4129.87,Debit Card,Mobile,1,0,1,0,0,3,7,1
8940,464,34,15000,Aggressive,2025-09-19,14,Entertainment,Paytm,1299.21,Debit Card,Mobile,0,0,0,1,0,1,1,0
8941,476,25,50000,Aggressive,2025-11-18,7,Food Delivery,PhonePe,100.0,UPI,Desktop,0,0,0,1,0,6,0,0
8942,361,43,50000,Conservative,2025-07-09,5,Fashion,Flipkart,421.23,Credit Card,Mobile,0,0,1,1,0,1,2,1
8943,5,39,15000,Balanced,2025-05-08,12,Utilities,Paytm,2291.06,Credit Card,Mobile,0,0,1,0,0,9,5,1
8944,337,25,15000,Balanced,2025-10-16,17,Travel,Flipkart,12467.04,UPI,Mobile,0,0,0,1,0,7,10,0
8945,386,33,50000,Conservative,2025-09-19,7,EMI,Zomato,6517.85,UPI,Desktop,0,0,0,0,0,8,2,0
8946,280,42,75000,Conservative,2025-09-24,15,Investment,Croma,5431.73,Debit Card,Mobile,0,0,0,0,0,8,1,0
8947,336,40,25000,Conservative,2025-10-21,1,Entertainment,Groww,1124.58,UPI,Mobile,0,1,1,0,0,6,2,1
8948,295,41,35000,Balanced,2025-07-18,18,Education,Croma,3991.71,Cash,Desktop,0,0,0,1,0,9,2,0
8949,368,21,50000,Conservative,2025-12-28,13,Rent,Uber,3353.6,UPI,Desktop,0,0,0,0,0,3,1,0
8950,429,26,25000,Conservative,2025-08-31,19,Groceries,Swiggy,773.76,Credit Card,Desktop,0,0,0,0,0,9,0,0
8951,22,25,35000,Balanced,2025-01-11,20,EMI,Myntra,10838.98,UPI,Mobile,0,0,0,1,0,1,6,0
8952,233,32,35000,Conservative,2025-01-11,20,Groceries,Amazon,910.8,Debit Card,Mobile,0,0,0,1,0,2,0,0
8953,339,25,15000,Conservative,2025-10-01,13,Food Delivery,Amazon,213.86,UPI,Mobile,1,0,0,1,0,9,0,0
8954,387,42,35000,Balanced,2025-08-16,1,Food Delivery,Paytm,327.97,UPI,Mobile,0,1,0,0,1,10,0,0
8955,297,44,35000,Balanced,2025-01-27,15,Electronics,Netflix,7627.96,UPI,Mobile,0,0,1,0,0,10,6,1
8956,241,32,15000,Aggressive,2025-11-09,20,Groceries,Flipkart,1222.19,Credit Card,Mobile,0,0,1,1,0,5,1,0
8957,305,22,75000,Balanced,2025-06-04,22,Electronics,Flipkart,12304.58,UPI,Desktop,1,1,0,0,0,4,5,1
8958,194,35,35000,Balanced,2025-09-23,15,Groceries,BigBasket,1824.75,Debit Card,Mobile,0,0,0,0,0,7,1,0
8959,310,31,25000,Aggressive,2025-11-20,7,EMI,Amazon,9237.18,UPI,Mobile,0,0,0,0,0,8,7,0
8960,310,31,25000,Aggressive,2025-08-31,14,EMI,Groww,3195.17,Cash,Mobile,0,0,1,1,0,10,2,0
8961,171,42,35000,Conservative,2025-07-06,1,Groceries,Myntra,1421.69,UPI,Tablet,0,1,1,0,0,1,2,1
8962,140,18,100000,Aggressive,2025-05-11,10,Investment,Amazon,4746.44,UPI,Mobile,0,0,0,0,0,2,0,0
8963,251,43,35000,Conservative,2025-05-16,10,Groceries,Croma,2289.13,UPI,Mobile,0,0,0,0,0,8,1,0
8964,379,20,50000,Balanced,2025-01-01,16,Entertainment,Myntra,100.0,BNPL,Mobile,1,0,1,1,0,10,5,1
8965,391,31,15000,Balanced,2025-03-30,18,Health,BigBasket,1088.74,UPI,Desktop,0,0,0,0,1,5,1,0
8966,42,30,15000,Conservative,2025-12-25,23,Groceries,Uber,1739.06,Cash,Mobile,0,1,0,0,0,9,2,0
8967,13,38,35000,Conservative,2025-09-17,1,Rent,Groww,9561.21,BNPL,Tablet,0,1,1,1,1,2,10,1
8968,457,39,25000,Balanced,2025-11-06,8,Groceries,Zomato,1547.85,UPI,Mobile,0,0,0,0,0,10,1,0
8969,229,38,35000,Balanced,2025-08-07,19,Investment,Netflix,1831.54,Debit Card,Mobile,0,0,0,0,0,4,1,0
8970,73,34,25000,Conservative,2025-01-09,1,Food Delivery,Netflix,496.94,Debit Card,Mobile,0,1,0,1,0,2,2,1
8971,6,23,15000,Aggressive,2025-02-14,7,EMI,Zomato,3492.55,Credit Card,Desktop,0,0,0,0,1,2,6,1
8972,8,29,15000,Balanced,2025-02-21,23,Entertainment,PhonePe,592.5,UPI,Desktop,0,1,0,1,0,9,0,0
8973,455,21,15000,Conservative,2025-10-27,2,Entertainment,Myntra,151.71,Cash,Mobile,0,1,1,0,0,2,2,1
8974,87,39,25000,Aggressive,2025-11-21,12,Entertainment,Groww,398.29,Credit Card,Mobile,0,0,0,0,0,10,0,0
8975,58,22,25000,Balanced,2025-02-01,5,Electronics,Netflix,13509.7,UPI,Mobile,1,0,1,0,0,5,10,1
8976,312,25,35000,Conservative,2025-11-05,14,Investment,BigBasket,8491.36,Credit Card,Desktop,1,0,0,0,1,1,6,1
8977,266,23,35000,Conservative,2025-03-15,5,Travel,Myntra,6651.68,Credit Card,Mobile,0,0,1,0,0,8,5,1
8978,159,38,15000,Balanced,2025-01-01,6,Food Delivery,BigBasket,520.22,BNPL,Mobile,1,0,0,0,0,1,5,1
8979,218,40,35000,Balanced,2025-03-18,8,Education,Swiggy,3486.88,Debit Card,Tablet,0,0,0,1,0,5,1,0
8980,449,31,25000,Balanced,2025-11-15,19,Groceries,Uber,1784.08,Cash,Mobile,0,0,0,1,0,6,1,0
8981,6,23,15000,Aggressive,2025-12-07,19,Fashion,Amazon,2584.45,Debit Card,Mobile,0,0,0,0,0,5,3,0
8982,163,43,35000,Aggressive,2025-10-27,0,Investment,Paytm,5279.61,UPI,Mobile,0,1,0,0,0,1,5,1
8983,416,41,35000,Balanced,2025-11-03,22,Food Delivery,PhonePe,545.91,UPI,Desktop,1,1,0,1,0,5,0,0
8984,366,43,35000,Conservative,2025-06-06,16,Education,Amazon,3268.41,Debit Card,Mobile,0,0,0,0,0,9,1,0
8985,76,33,50000,Aggressive,2025-04-06,19,Food Delivery,Amazon,529.75,UPI,Tablet,0,0,1,0,0,1,2,1
8986,39,24,35000,Balanced,2025-01-24,15,Electronics,Zomato,9225.61,Credit Card,Desktop,0,0,0,0,0,2,7,1
8987,152,29,35000,Balanced,2025-07-14,2,Travel,Myntra,3525.86,Credit Card,Desktop,0,1,0,1,0,2,4,1
8988,7,18,25000,Balanced,2025-05-24,2,Electronics,Flipkart,12411.45,Credit Card,Desktop,0,1,1,0,0,1,10,1
8989,396,41,25000,Conservative,2025-01-28,10,Food Delivery,Groww,360.85,Debit Card,Mobile,0,0,1,0,1,1,2,1
8990,61,28,25000,Conservative,2025-03-22,2,Travel,Paytm,13715.45,Credit Card,Desktop,0,1,0,0,0,1,10,1
8991,95,31,100000,Aggressive,2025-07-17,12,Investment,Croma,3744.26,Debit Card,Mobile,0,0,0,0,0,3,0,0
8992,79,25,35000,Conservative,2025-02-20,9,Health,Swiggy,1805.04,UPI,Mobile,0,0,0,0,0,7,1,0
8993,413,41,15000,Aggressive,2025-06-01,18,Health,PhonePe,1355.08,BNPL,Mobile,1,0,1,0,0,2,6,1
8994,462,36,25000,Conservative,2025-02-08,18,Food Delivery,PhonePe,446.93,UPI,Mobile,0,0,0,1,0,5,0,0
8995,276,18,50000,Balanced,2025-11-21,4,Investment,Swiggy,4276.7,UPI,Mobile,0,0,0,1,0,10,1,0
8996,283,32,35000,Conservative,2025-07-16,2,Entertainment,Zomato,811.96,Debit Card,Mobile,0,1,0,1,0,10,0,0
8997,351,43,50000,Conservative,2025-05-22,8,Health,Uber,3235.82,UPI,Mobile,0,0,0,0,0,1,1,0
8998,50,25,35000,Balanced,2025-10-19,0,Food Delivery,Amazon,419.45,Debit Card,Mobile,0,1,0,0,0,2,2,1
8999,433,32,15000,Balanced,2025-07-25,23,Groceries,Netflix,1232.73,UPI,Mobile,0,1,1,0,1,2,3,1
9000,391,31,15000,Balanced,2025-03-30,2,Education,Uber,4569.59,UPI,Desktop,0,1,1,0,1,10,8,1
9001,29,20,50000,Conservative,2025-11-18,14,Health,Groww,2212.93,UPI,Mobile,0,0,0,0,0,8,0,0
9002,386,33,50000,Conservative,2025-01-25,21,Rent,Myntra,10060.2,UPI,Desktop,0,0,0,1,0,7,4,0
9003,127,39,15000,Conservative,2025-10-16,19,Groceries,Swiggy,1311.76,Credit Card,Mobile,0,0,0,1,0,1,1,0
9004,185,33,50000,Aggressive,2025-11-26,3,Travel,Croma,5786.63,Cash,Mobile,0,0,0,0,0,7,2,0
9005,219,21,35000,Aggressive,2025-11-29,11,Entertainment,Flipkart,1293.73,Credit Card,Tablet,0,0,0,0,0,5,0,0
9006,249,25,35000,Balanced,2025-04-07,4,EMI,PhonePe,226.36,Credit Card,Desktop,0,0,0,1,0,1,0,0
9007,436,34,15000,Aggressive,2025-04-19,14,Entertainment,Flipkart,1209.79,BNPL,Mobile,0,0,1,1,0,9,6,1
9008,355,19,35000,Conservative,2025-08-19,5,Entertainment,PhonePe,1019.33,UPI,Mobile,0,0,0,0,0,10,0,0
9009,404,20,15000,Conservative,2025-05-13,20,Food Delivery,Uber,292.01,UPI,Desktop,0,0,0,0,0,10,0,0
9010,233,32,35000,Conservative,2025-10-19,1,EMI,PhonePe,6132.37,UPI,Mobile,0,1,0,0,0,6,3,0
9011,195,42,35000,Aggressive,2025-09-28,13,Electronics,Netflix,6847.82,UPI,Desktop,0,0,0,1,0,7,3,0
9012,493,18,35000,Conservative,2025-05-24,16,Groceries,PhonePe,1765.27,UPI,Desktop,0,0,0,0,1,4,1,0
9013,84,37,25000,Balanced,2025-02-12,15,Utilities,Netflix,1942.79,UPI,Mobile,0,0,0,0,0,9,1,0
9014,239,31,15000,Conservative,2025-09-16,1,Rent,Swiggy,13194.38,BNPL,Mobile,0,1,0,1,1,5,10,1
9015,20,35,50000,Aggressive,2025-10-14,22,Food Delivery,Amazon,171.26,UPI,Mobile,0,1,0,1,0,6,0,0
9016,389,27,35000,Aggressive,2025-03-29,5,Rent,BigBasket,4394.24,UPI,Desktop,0,0,1,1,0,4,2,0
9017,373,43,15000,Conservative,2025-08-13,14,Fashion,Paytm,2638.08,Cash,Mobile,0,0,0,0,0,4,5,1
9018,295,41,35000,Balanced,2025-02-04,23,Travel,Paytm,7961.98,UPI,Mobile,1,1,0,0,0,4,6,1
9019,89,44,50000,Balanced,2025-03-11,0,Education,Groww,5090.82,Debit Card,Desktop,0,1,1,0,1,7,2,0
9020,165,26,50000,Balanced,2025-03-19,5,Health,Myntra,1800.57,Debit Card,Mobile,0,0,0,0,0,1,0,0
9021,175,43,50000,Balanced,2025-10-22,18,Electronics,Groww,7823.27,Credit Card,Tablet,0,0,0,0,0,5,5,1
9022,300,23,25000,Balanced,2025-04-21,11,EMI,Paytm,6545.6,UPI,Mobile,0,0,1,0,0,5,5,0
9023,145,36,25000,Conservative,2025-08-24,5,Electronics,PhonePe,16073.98,Credit Card,Mobile,0,0,0,0,0,7,10,1
9024,414,22,50000,Conservative,2025-05-25,8,Entertainment,Amazon,1313.41,Credit Card,Mobile,0,0,0,0,0,7,0,0
9025,362,39,15000,Aggressive,2025-10-04,20,Groceries,Amazon,974.14,UPI,Tablet,1,0,0,0,0,5,1,0
9026,247,20,35000,Balanced,2025-03-30,16,Rent,Zomato,10506.67,UPI,Mobile,0,0,1,1,0,5,6,0
9027,56,34,100000,Conservative,2025-12-21,9,Rent,Amazon,8104.67,UPI,Mobile,0,0,0,0,1,3,1,0
9028,458,44,75000,Aggressive,2025-02-18,22,Entertainment,Groww,397.3,BNPL,Mobile,0,1,0,1,0,1,5,1
9029,46,28,25000,Conservative,2025-10-29,22,Rent,Myntra,7646.32,BNPL,Mobile,0,1,0,0,1,10,10,1
9030,279,44,35000,Aggressive,2025-10-21,15,Groceries,Netflix,767.95,Credit Card,Tablet,0,0,0,1,0,8,0,0
9031,292,19,50000,Aggressive,2025-11-27,18,Health,Croma,2405.46,Credit Card,Mobile,0,0,1,0,0,1,2,1
9032,199,42,100000,Aggressive,2025-01-23,6,Utilities,Croma,2868.36,Credit Card,Desktop,0,0,0,0,0,8,0,0
9033,28,28,25000,Balanced,2025-07-27,22,Travel,Croma,8526.48,Debit Card,Mobile,0,1,0,0,0,7,6,0
9034,239,31,15000,Conservative,2025-11-13,4,Electronics,Paytm,11331.42,UPI,Mobile,0,0,1,0,1,9,10,1
9035,313,38,25000,Aggressive,2025-10-04,2,Travel,Amazon,3752.75,Cash,Mobile,1,1,1,1,0,3,5,1
9036,87,39,25000,Aggressive,2025-05-02,0,Investment,Amazon,5361.72,Credit Card,Mobile,1,1,0,0,0,6,6,1
9037,309,18,15000,Aggressive,2025-12-18,15,Education,Flipkart,2969.42,Credit Card,Mobile,0,0,0,0,0,1,5,1
9038,89,44,50000,Balanced,2025-08-11,9,Health,Groww,1714.6,BNPL,Mobile,0,0,0,1,1,4,5,1
9039,167,27,25000,Aggressive,2025-02-01,5,Entertainment,Swiggy,803.84,UPI,Mobile,1,0,0,0,0,3,0,0
9040,15,26,15000,Conservative,2025-12-25,10,Electronics,Swiggy,2681.36,Credit Card,Mobile,0,0,0,1,0,10,5,1
9041,401,33,35000,Aggressive,2025-12-03,17,EMI,Groww,3704.79,UPI,Mobile,1,0,0,0,0,2,2,0
9042,290,42,25000,Conservative,2025-08-22,12,EMI,PhonePe,8081.62,UPI,Mobile,0,0,1,0,0,7,6,0
9043,35,32,50000,Balanced,2025-05-26,0,Rent,PhonePe,8961.4,UPI,Mobile,0,1,0,1,0,6,3,0
9044,377,25,50000,Balanced,2025-12-12,15,Groceries,Netflix,1226.12,Credit Card,Mobile,0,0,0,1,0,4,0,0
9045,71,27,25000,Balanced,2025-04-15,4,Rent,PhonePe,6311.22,UPI,Mobile,0,0,0,0,0,5,5,0
9046,182,36,100000,Balanced,2025-08-19,18,Utilities,Netflix,1552.72,UPI,Mobile,0,0,0,0,1,7,0,0
9047,252,44,100000,Balanced,2025-04-15,7,Utilities,Flipkart,1653.68,UPI,Desktop,0,0,0,1,1,4,0,0
9048,417,42,50000,Conservative,2025-03-04,20,Electronics,Swiggy,18912.45,Cash,Mobile,1,0,1,0,0,9,9,1
9049,14,42,100000,Aggressive,2025-06-18,11,EMI,PhonePe,9141.89,Cash,Mobile,0,0,1,0,0,5,1,0
9050,88,30,35000,Aggressive,2025-06-18,22,Groceries,Netflix,733.66,UPI,Mobile,0,1,1,0,1,8,0,0
9051,471,20,25000,Conservative,2025-01-03,3,Health,Netflix,2055.53,UPI,Desktop,1,0,0,0,1,1,1,0
9052,333,36,35000,Balanced,2025-03-27,9,Travel,BigBasket,9110.41,Debit Card,Tablet,0,0,0,1,0,8,5,0
9053,427,41,50000,Conservative,2025-10-12,10,Entertainment,Uber,882.88,Debit Card,Mobile,0,0,1,1,0,4,2,1
9054,301,43,75000,Conservative,2025-03-29,21,Utilities,Groww,1744.8,Cash,Tablet,0,0,1,1,1,5,0,0
9055,84,37,25000,Balanced,2025-09-05,1,Electronics,BigBasket,10367.88,UPI,Mobile,1,1,0,0,0,10,10,1
9056,267,21,25000,Balanced,2025-11-14,10,Investment,Paytm,3840.49,Credit Card,Mobile,0,0,1,0,0,10,5,1
9057,388,26,75000,Conservative,2025-09-25,7,Health,BigBasket,994.91,BNPL,Mobile,0,0,1,1,0,5,3,0
9058,215,35,35000,Conservative,2025-03-08,10,Utilities,Croma,2394.01,UPI,Tablet,0,0,0,1,0,8,1,0
9059,120,22,25000,Conservative,2025-11-16,17,Health,Groww,2748.91,Credit Card,Desktop,0,0,0,0,0,10,2,0
9060,392,36,75000,Aggressive,2025-01-09,20,Fashion,Groww,3031.12,Debit Card,Mobile,0,0,0,1,0,4,0,0
9061,280,42,75000,Conservative,2025-01-24,1,Investment,Groww,3173.66,UPI,Mobile,0,1,1,0,0,7,0,0
9062,366,43,35000,Conservative,2025-07-16,22,Entertainment,Netflix,393.19,UPI,Mobile,0,1,0,0,0,7,0,0
9063,112,37,15000,Conservative,2025-06-05,4,Rent,Groww,11065.06,UPI,Mobile,1,0,1,1,0,3,10,1
9064,243,42,50000,Conservative,2025-11-26,23,Utilities,Uber,1976.82,Credit Card,Mobile,0,1,1,0,0,6,2,1
9065,438,19,35000,Aggressive,2025-08-12,12,Fashion,Groww,3275.82,UPI,Mobile,0,0,1,1,0,5,1,0
9066,395,27,35000,Balanced,2025-10-28,18,Health,Amazon,928.82,Credit Card,Mobile,0,0,0,0,0,10,0,0
9067,458,44,75000,Aggressive,2025-02-28,0,Entertainment,Myntra,377.01,UPI,Mobile,0,1,1,0,0,9,2,1
9068,415,23,100000,Aggressive,2025-10-13,19,EMI,PhonePe,7045.81,UPI,Desktop,0,0,0,0,0,6,1,0
9069,288,32,35000,Balanced,2025-08-16,8,Fashion,Netflix,1310.19,UPI,Mobile,0,0,0,0,1,6,0,0
9070,33,22,50000,Balanced,2025-06-16,20,Electronics,Uber,17388.03,Debit Card,Mobile,0,0,1,0,0,8,8,1
9071,158,37,35000,Balanced,2025-04-29,7,Rent,Croma,2397.15,Credit Card,Mobile,0,0,0,0,0,1,1,0
9072,127,39,15000,Conservative,2025-11-01,19,Entertainment,Paytm,627.94,Credit Card,Mobile,1,0,1,0,0,10,2,1
9073,284,32,25000,Balanced,2025-04-26,5,Food Delivery,Groww,410.77,UPI,Mobile,0,0,0,0,0,1,0,0
9074,478,29,15000,Aggressive,2025-05-09,10,EMI,BigBasket,6979.76,UPI,Mobile,0,0,0,1,1,8,9,0
9075,148,42,35000,Balanced,2025-05-10,11,Entertainment,Netflix,850.83,Debit Card,Mobile,0,0,1,1,0,9,0,0
9076,287,25,50000,Conservative,2025-10-08,13,Investment,Zomato,7709.65,UPI,Mobile,0,0,0,1,0,5,3,0
9077,411,42,25000,Aggressive,2025-02-12,7,Food Delivery,Amazon,393.82,Debit Card,Tablet,0,0,0,0,0,6,0,0
9078,21,21,35000,Aggressive,2025-03-05,2,Food Delivery,PhonePe,496.6,BNPL,Mobile,1,1,0,1,1,1,5,1
9079,37,44,35000,Balanced,2025-01-06,0,Investment,Netflix,9322.05,UPI,Mobile,0,1,0,0,0,6,5,0
9080,19,23,25000,Balanced,2025-10-21,18,Fashion,Flipkart,1981.35,UPI,Mobile,0,0,0,0,0,4,1,0
9081,170,39,50000,Aggressive,2025-07-29,1,Education,BigBasket,1936.41,BNPL,Mobile,0,1,0,0,0,6,3,0
9082,17,25,15000,Aggressive,2025-07-18,14,Health,Croma,894.04,Credit Card,Mobile,0,0,1,0,0,5,1,0
9083,488,23,75000,Balanced,2025-11-03,19,Travel,Croma,8576.55,Credit Card,Mobile,1,0,0,0,0,2,2,0
9084,404,20,15000,Conservative,2025-12-03,8,Groceries,Zomato,1972.42,UPI,Desktop,1,0,0,1,0,6,2,0
9085,231,31,25000,Conservative,2025-03-12,3,Electronics,Swiggy,17403.28,Credit Card,Desktop,0,0,0,0,0,1,10,1
9086,345,36,35000,Balanced,2025-01-30,19,Fashion,Swiggy,2412.97,UPI,Desktop,0,0,1,0,0,1,3,1
9087,272,32,35000,Balanced,2025-09-14,15,Fashion,Paytm,1849.95,UPI,Desktop,0,0,1,1,0,1,3,1
9088,414,22,50000,Conservative,2025-06-18,23,Entertainment,BigBasket,529.17,UPI,Mobile,0,1,1,0,0,10,2,1
9089,472,23,25000,Conservative,2025-02-13,11,Travel,Amazon,15045.96,UPI,Mobile,0,0,0,0,0,8,10,0
9090,67,36,25000,Conservative,2025-11-15,6,Education,Paytm,3121.32,UPI,Mobile,0,0,0,0,0,9,2,0
9091,125,22,35000,Balanced,2025-06-11,3,Entertainment,PhonePe,578.89,UPI,Mobile,0,0,1,0,0,9,0,0
9092,53,41,50000,Conservative,2025-07-22,14,Travel,Groww,11520.49,BNPL,Desktop,0,0,0,0,1,3,9,1
9093,415,23,100000,Aggressive,2025-01-29,23,Fashion,Myntra,2450.16,Credit Card,Mobile,0,1,0,0,0,6,2,1
9094,26,18,15000,Balanced,2025-05-25,10,EMI,Netflix,3693.35,UPI,Mobile,0,0,0,1,0,8,4,0
9095,497,32,25000,Conservative,2025-02-26,11,Food Delivery,Netflix,380.66,UPI,Desktop,0,0,0,0,0,10,0,0
9096,408,24,35000,Balanced,2025-04-03,10,Health,Netflix,1993.98,UPI,Mobile,1,0,0,1,0,8,1,0
9097,312,25,35000,Conservative,2025-09-10,2,Electronics,PhonePe,12590.67,UPI,Mobile,0,1,1,0,1,2,9,1
9098,23,25,50000,Balanced,2025-12-20,5,Rent,Netflix,6996.66,Credit Card,Mobile,0,0,0,1,0,10,2,0
9099,440,25,25000,Conservative,2025-06-03,22,Groceries,Swiggy,1120.78,UPI,Desktop,1,1,0,0,0,5,0,0
9100,347,28,25000,Conservative,2025-12-23,16,Fashion,Groww,1710.77,UPI,Desktop,0,0,0,0,0,7,1,0
9101,349,22,35000,Balanced,2025-01-04,10,Health,BigBasket,1504.54,BNPL,Desktop,1,0,0,0,0,4,3,0
9102,326,41,75000,Conservative,2025-09-25,19,Electronics,Groww,6598.2,BNPL,Mobile,0,0,1,0,0,7,6,1
9103,70,42,15000,Aggressive,2025-02-14,17,Rent,PhonePe,8014.46,Credit Card,Mobile,0,0,1,0,0,9,10,1
9104,386,33,50000,Conservative,2025-08-22,15,Electronics,Amazon,16423.31,Credit Card,Mobile,0,0,0,0,0,3,8,1
9105,327,34,15000,Balanced,2025-10-05,20,Electronics,Croma,15113.62,Credit Card,Mobile,1,0,1,0,1,2,10,1
9106,247,20,35000,Balanced,2025-05-06,11,Entertainment,Croma,863.93,Debit Card,Desktop,0,0,0,0,0,9,0,0
9107,168,19,15000,Conservative,2025-09-14,8,Utilities,Flipkart,1916.95,UPI,Mobile,0,0,0,0,0,10,2,0
9108,412,32,35000,Conservative,2025-08-07,1,Entertainment,Myntra,627.71,Credit Card,Mobile,0,1,0,0,0,6,2,1
9109,213,31,50000,Conservative,2025-03-20,16,Rent,Croma,13043.78,UPI,Desktop,0,0,0,0,0,9,5,0
9110,435,33,50000,Conservative,2025-06-21,18,Investment,Flipkart,6139.5,Credit Card,Mobile,0,0,0,1,1,1,4,1
9111,57,19,35000,Conservative,2025-05-14,0,Utilities,Groww,1316.4,BNPL,Mobile,0,1,0,0,0,8,3,0
9112,498,34,100000,Conservative,2025-02-02,7,EMI,Flipkart,3608.63,Credit Card,Desktop,1,0,0,1,0,10,0,0
9113,332,24,50000,Conservative,2025-09-04,18,Electronics,Myntra,14974.47,Debit Card,Mobile,1,0,0,0,0,8,5,0
9114,195,42,35000,Aggressive,2025-11-10,17,EMI,Netflix,9098.23,UPI,Mobile,0,0,0,0,1,1,5,0
9115,489,36,15000,Conservative,2025-05-31,20,EMI,Flipkart,6428.09,UPI,Desktop,0,0,0,0,1,4,8,0
9116,453,19,25000,Balanced,2025-02-13,4,Electronics,Groww,6054.02,Credit Card,Mobile,0,0,0,1,1,9,6,1
9117,356,39,35000,Balanced,2025-05-29,19,Groceries,Paytm,1631.75,Debit Card,Desktop,0,0,1,0,0,5,0,0
9118,269,40,35000,Conservative,2025-03-30,13,Fashion,Paytm,2880.67,UPI,Mobile,0,0,1,0,0,6,1,0
9119,136,33,35000,Conservative,2025-11-01,11,Electronics,Myntra,8394.45,UPI,Desktop,1,0,0,1,0,1,6,1
9120,261,42,50000,Balanced,2025-11-13,16,Travel,Zomato,7714.44,Credit Card,Mobile,0,0,1,0,0,9,5,1
9121,110,39,25000,Conservative,2025-01-19,6,Education,Zomato,2153.67,UPI,Desktop,0,0,0,0,1,9,1,0
9122,451,41,50000,Conservative,2025-11-22,16,Health,Zomato,2910.0,UPI,Mobile,0,0,0,1,0,1,1,0
9123,317,44,35000,Conservative,2025-05-16,4,EMI,Groww,6717.69,UPI,Mobile,0,0,1,0,1,7,3,0
9124,67,36,25000,Conservative,2025-04-09,9,Fashion,Amazon,405.71,UPI,Mobile,0,0,1,0,0,8,0,0
9125,207,18,50000,Balanced,2025-09-24,20,Fashion,BigBasket,3025.82,UPI,Mobile,0,0,0,1,1,10,1,0
9126,315,37,35000,Aggressive,2025-02-23,16,Groceries,Netflix,796.4,Debit Card,Mobile,0,0,0,0,0,3,0,0
9127,371,39,35000,Balanced,2025-09-02,12,Investment,Croma,4554.89,Credit Card,Mobile,1,0,0,0,0,10,2,0
9128,497,32,25000,Conservative,2025-03-10,1,EMI,Myntra,7556.29,Credit Card,Mobile,0,1,0,0,0,9,8,1
9129,482,42,25000,Balanced,2025-05-31,14,Entertainment,Croma,1021.18,UPI,Desktop,0,0,1,1,1,8,2,1
9130,89,44,50000,Balanced,2025-10-25,20,Utilities,Croma,2277.58,Cash,Desktop,0,0,0,0,0,7,0,0
9131,294,32,50000,Conservative,2025-06-02,2,Groceries,Uber,1316.28,UPI,Mobile,1,1,1,0,0,10,0,0
9132,163,43,35000,Aggressive,2025-07-15,2,Fashion,Amazon,4131.73,UPI,Mobile,0,1,1,0,0,7,4,1
9133,411,42,25000,Aggressive,2025-11-14,11,Food Delivery,Uber,713.53,UPI,Desktop,0,0,1,0,0,9,0,0
9134,384,33,75000,Balanced,2025-08-09,15,Fashion,PhonePe,2068.46,BNPL,Tablet,0,0,0,0,1,9,3,0
9135,383,42,35000,Conservative,2025-07-07,0,EMI,Swiggy,9190.62,Debit Card,Mobile,0,1,0,1,1,1,7,1
9136,251,43,35000,Conservative,2025-11-15,14,Investment,Swiggy,4644.19,Credit Card,Mobile,0,0,1,0,0,6,2,0
9137,117,25,50000,Aggressive,2025-12-20,0,Entertainment,Swiggy,466.33,Credit Card,Mobile,0,1,0,1,0,10,2,1
9138,484,28,100000,Conservative,2025-12-02,5,EMI,Swiggy,5017.81,UPI,Mobile,1,0,0,0,0,3,1,0
9139,395,27,35000,Balanced,2025-09-27,19,Electronics,Zomato,14559.89,Credit Card,Mobile,0,0,0,0,0,10,10,1
9140,7,18,25000,Balanced,2025-12-17,23,Education,PhonePe,2711.03,BNPL,Tablet,0,1,1,0,0,4,7,1
9141,163,43,35000,Aggressive,2025-12-08,1,Fashion,Amazon,3245.29,Credit Card,Mobile,0,1,1,0,0,9,3,1
9142,48,42,35000,Conservative,2025-06-22,16,Education,BigBasket,2405.62,Debit Card,Desktop,0,0,0,0,1,9,1,0
9143,452,36,50000,Balanced,2025-11-07,19,Rent,Myntra,16522.74,Credit Card,Mobile,0,0,0,0,0,10,6,0
9144,148,42,35000,Balanced,2025-11-09,15,Investment,Netflix,7126.15,Cash,Mobile,0,0,0,0,0,10,4,0
9145,197,41,25000,Aggressive,2025-06-18,12,Travel,Paytm,6961.4,UPI,Mobile,0,0,0,0,1,6,5,0
9146,314,38,35000,Conservative,2025-06-07,10,EMI,Netflix,7995.8,UPI,Mobile,0,0,0,0,0,10,4,0
9147,134,36,35000,Aggressive,2025-11-12,3,Food Delivery,BigBasket,877.71,Credit Card,Mobile,0,0,1,0,1,6,2,1
9148,450,25,25000,Balanced,2025-07-08,23,EMI,Flipkart,9449.14,UPI,Desktop,0,1,0,0,0,2,9,1
9149,35,32,50000,Balanced,2025-07-19,23,Utilities,Uber,2138.79,UPI,Mobile,0,1,0,0,1,7,0,0
9150,366,43,35000,Conservative,2025-08-13,3,Education,Paytm,3955.42,UPI,Desktop,0,0,0,1,1,6,2,0
9151,80,42,50000,Conservative,2025-06-05,7,Entertainment,Netflix,620.43,UPI,Desktop,1,0,0,0,1,1,0,0
9152,165,26,50000,Balanced,2025-12-22,16,Fashion,Zomato,3236.3,UPI,Mobile,0,0,0,0,0,2,1,0
9153,10,32,35000,Balanced,2025-10-18,13,Travel,Swiggy,9981.43,BNPL,Mobile,0,0,0,1,1,2,10,1
9154,211,44,35000,Conservative,2025-06-05,22,Fashion,Zomato,591.53,Cash,Desktop,1,1,0,1,0,2,2,1
9155,312,25,35000,Conservative,2025-02-09,17,Travel,Croma,1324.79,UPI,Mobile,0,0,0,0,0,2,0,0
9156,320,41,25000,Balanced,2025-02-28,15,Electronics,BigBasket,10657.64,Credit Card,Mobile,0,0,1,1,0,1,10,1
9157,291,40,15000,Conservative,2025-08-07,23,Health,Groww,1474.47,UPI,Mobile,0,1,0,1,0,2,1,0
9158,334,40,100000,Aggressive,2025-10-20,2,Entertainment,Zomato,896.18,UPI,Mobile,0,1,0,0,1,3,2,1
9159,479,20,25000,Balanced,2025-03-16,4,Education,Paytm,5116.68,BNPL,Mobile,0,0,0,0,0,5,7,0
9160,302,30,15000,Conservative,2025-11-16,13,EMI,Croma,7313.18,UPI,Mobile,0,0,0,1,0,1,9,0
9161,461,28,50000,Conservative,2025-06-27,19,Travel,PhonePe,7301.36,UPI,Mobile,0,0,0,1,1,5,2,0
9162,256,41,75000,Conservative,2025-06-05,22,Health,Amazon,3196.49,Debit Card,Desktop,1,1,0,0,0,3,0,0
9163,108,31,75000,Conservative,2025-03-29,15,Utilities,Swiggy,1985.6,UPI,Mobile,0,0,0,0,0,8,0,0
9164,312,25,35000,Conservative,2025-10-02,21,Utilities,Paytm,2743.94,Debit Card,Tablet,1,0,0,1,1,2,1,0
9165,444,28,100000,Balanced,2025-10-30,3,Travel,Uber,7443.79,Credit Card,Mobile,0,0,0,1,0,7,1,0
9166,291,40,15000,Conservative,2025-04-21,13,Groceries,Netflix,1859.85,Credit Card,Mobile,0,0,0,1,0,9,2,0
9167,53,41,50000,Conservative,2025-06-07,13,Health,Myntra,1503.91,UPI,Mobile,0,0,0,1,0,3,0,0
9168,293,18,15000,Balanced,2025-08-28,17,Travel,Swiggy,8016.43,BNPL,Desktop,0,0,0,0,1,3,10,1
9169,263,23,100000,Balanced,2025-01-28,4,Health,BigBasket,2570.48,Debit Card,Tablet,0,0,1,1,0,3,0,0
9170,317,44,35000,Conservative,2025-05-24,9,Education,Uber,2540.04,UPI,Mobile,0,0,0,1,0,2,1,0
9171,203,20,35000,Balanced,2025-03-16,6,Groceries,Groww,424.38,Credit Card,Mobile,0,0,0,1,1,3,2,1
9172,369,28,25000,Conservative,2025-10-03,10,Fashion,Uber,2478.95,Credit Card,Mobile,1,0,0,0,0,5,1,0
9173,184,18,35000,Balanced,2025-03-26,9,Fashion,Amazon,2555.82,UPI,Mobile,0,0,0,1,0,8,1,0
9174,227,43,25000,Aggressive,2025-03-24,7,Travel,Paytm,11932.55,UPI,Mobile,0,0,1,0,0,3,10,1
9175,70,42,15000,Aggressive,2025-10-01,0,Utilities,Myntra,3061.87,Credit Card,Mobile,1,1,1,0,1,6,6,1
9176,443,44,50000,Conservative,2025-01-14,22,Travel,Flipkart,8537.93,UPI,Mobile,0,1,0,1,1,6,5,1
9177,168,19,15000,Conservative,2025-07-25,10,Groceries,Swiggy,1421.02,BNPL,Desktop,0,0,0,1,0,3,4,0
9178,325,30,25000,Balanced,2025-12-06,14,Groceries,Groww,451.39,UPI,Mobile,0,0,1,1,1,6,0,0
9179,439,18,75000,Balanced,2025-08-17,18,Education,Swiggy,5405.82,UPI,Mobile,0,0,1,0,1,3,1,0
9180,388,26,75000,Conservative,2025-06-03,10,Food Delivery,Zomato,695.29,Debit Card,Mobile,1,0,1,1,0,4,2,1
9181,242,23,35000,Conservative,2025-12-10,15,Utilities,Netflix,1370.56,UPI,Mobile,0,0,1,1,1,8,0,0
9182,22,25,35000,Balanced,2025-10-02,23,EMI,PhonePe,6930.94,Debit Card,Mobile,1,1,0,0,0,1,5,1
9183,11,36,25000,Aggressive,2025-03-26,11,Utilities,Paytm,2128.12,Debit Card,Mobile,0,0,0,0,0,8,1,0
9184,186,27,100000,Aggressive,2025-09-23,2,Fashion,Uber,2709.56,Credit Card,Mobile,0,1,1,0,1,5,2,1
9185,394,37,50000,Conservative,2025-01-08,14,Electronics,BigBasket,3415.36,UPI,Desktop,0,0,1,1,0,6,1,0
9186,2,25,35000,Conservative,2025-10-23,8,Education,Paytm,2630.72,Credit Card,Mobile,0,0,1,0,0,7,1,0
9187,198,32,25000,Balanced,2025-01-28,10,Fashion,Netflix,2474.64,Credit Card,Tablet,0,0,1,0,1,7,3,1
9188,6,23,15000,Aggressive,2025-02-06,18,EMI,Swiggy,6854.97,Credit Card,Mobile,0,0,0,0,1,1,10,1
9189,452,36,50000,Balanced,2025-02-28,12,Fashion,BigBasket,3665.21,BNPL,Mobile,0,0,0,1,0,5,4,0
9190,351,43,50000,Conservative,2025-07-01,8,Fashion,Uber,2530.29,UPI,Desktop,1,0,0,0,1,10,1,0
9191,315,37,35000,Aggressive,2025-01-30,15,Food Delivery,Croma,536.34,Credit Card,Mobile,0,0,0,1,0,4,2,1
9192,34,44,35000,Conservative,2025-12-06,15,Entertainment,Paytm,601.87,UPI,Mobile,0,0,0,0,1,8,0,0
9193,200,30,15000,Conservative,2025-08-10,4,Investment,Netflix,2695.95,BNPL,Mobile,0,0,0,0,0,8,6,0
9194,59,19,35000,Balanced,2025-10-05,4,Investment,Croma,6791.78,Credit Card,Tablet,1,0,1,1,0,10,5,1
9195,218,40,35000,Balanced,2025-06-21,16,Investment,Swiggy,3582.81,BNPL,Mobile,0,0,0,0,0,7,5,0
9196,298,21,50000,Balanced,2025-07-09,0,Food Delivery,Croma,533.53,UPI,Desktop,0,1,0,0,0,10,0,0
9197,255,28,15000,Aggressive,2025-02-16,17,Food Delivery,Amazon,368.79,BNPL,Mobile,0,0,0,0,0,7,3,0
9198,366,43,35000,Conservative,2025-12-21,21,Food Delivery,Amazon,469.06,BNPL,Tablet,0,0,0,0,0,1,5,1
9199,107,18,15000,Conservative,2025-08-09,7,Electronics,Groww,13518.72,Credit Card,Mobile,0,0,0,0,0,5,10,1
9200,88,30,35000,Aggressive,2025-11-11,0,Rent,Swiggy,12926.76,Credit Card,Desktop,0,1,0,0,1,3,9,1
9201,330,34,35000,Balanced,2025-01-05,6,EMI,Paytm,985.68,Debit Card,Mobile,1,0,0,1,0,9,0,0
9202,132,43,35000,Balanced,2025-03-25,14,Health,Paytm,2973.86,Credit Card,Desktop,0,0,0,0,0,6,1,0
9203,74,29,35000,Aggressive,2025-06-26,22,EMI,Uber,2612.63,Credit Card,Desktop,0,1,0,0,0,10,1,0
9204,183,26,25000,Conservative,2025-11-18,8,Travel,Amazon,9240.82,Credit Card,Mobile,0,0,0,0,1,2,9,1
9205,350,19,75000,Conservative,2025-12-19,12,Rent,Flipkart,5633.45,Credit Card,Mobile,0,0,0,1,0,1,1,0
9206,393,40,50000,Balanced,2025-01-18,2,Investment,BigBasket,2735.99,BNPL,Mobile,0,1,0,1,0,10,4,0
9207,368,21,50000,Conservative,2025-05-26,16,Education,PhonePe,3509.83,UPI,Mobile,0,0,1,0,0,4,1,0
9208,465,32,50000,Balanced,2025-03-22,6,Rent,Myntra,11167.86,UPI,Mobile,0,0,0,0,1,8,4,0
9209,108,31,75000,Conservative,2025-02-01,6,Health,Swiggy,2412.53,UPI,Mobile,1,0,0,1,1,7,0,0
9210,351,43,50000,Conservative,2025-11-14,9,Investment,Amazon,7963.73,Credit Card,Mobile,0,0,0,0,0,1,5,1
9211,146,38,25000,Aggressive,2025-12-08,10,Fashion,Amazon,1659.61,BNPL,Mobile,0,0,0,0,0,1,6,1
9212,442,42,75000,Conservative,2025-07-27,15,Electronics,Paytm,11117.87,UPI,Mobile,0,0,0,1,0,7,2,0
9213,480,31,35000,Balanced,2025-08-13,4,Education,Swiggy,2813.82,UPI,Mobile,0,0,0,0,0,2,1,0
9214,471,20,25000,Conservative,2025-12-18,1,Groceries,Groww,1504.89,Cash,Mobile,0,1,1,1,0,6,1,0
9215,66,44,25000,Balanced,2025-08-08,21,Entertainment,Paytm,223.22,UPI,Mobile,0,0,1,1,0,9,0,0
9216,151,41,75000,Balanced,2025-06-19,2,Rent,PhonePe,17579.22,Credit Card,Mobile,0,1,0,0,0,7,6,1
9217,423,34,35000,Balanced,2025-07-15,23,Food Delivery,Uber,340.89,Debit Card,Desktop,0,1,0,0,1,2,2,1
9218,113,28,15000,Balanced,2025-12-26,7,Utilities,Myntra,2062.68,BNPL,Mobile,0,0,0,1,1,4,7,1
9219,330,34,35000,Balanced,2025-12-08,22,EMI,Paytm,7017.75,Cash,Mobile,0,1,0,1,1,1,6,1
9220,82,33,100000,Conservative,2025-05-26,13,Investment,Croma,3273.04,Credit Card,Tablet,0,0,1,1,0,10,0,0
9221,238,31,35000,Balanced,2025-01-04,22,Investment,Swiggy,4259.97,UPI,Mobile,1,1,0,1,0,8,2,0
9222,349,22,35000,Balanced,2025-01-22,0,Utilities,Uber,1413.87,UPI,Mobile,0,1,1,0,0,4,2,1
9223,328,25,35000,Conservative,2025-06-01,10,Health,Flipkart,1871.31,Credit Card,Mobile,1,0,1,1,1,9,3,1
9224,342,38,35000,Conservative,2025-05-24,9,Groceries,Netflix,1360.06,Cash,Mobile,0,0,0,0,0,7,0,0
9225,269,40,35000,Conservative,2025-06-25,22,Health,Netflix,2841.03,Debit Card,Mobile,0,1,0,0,0,10,1,0
9226,336,40,25000,Conservative,2025-12-28,5,Travel,Netflix,8448.46,Credit Card,Mobile,0,0,1,0,0,2,8,1
9227,435,33,50000,Conservative,2025-07-28,8,Fashion,Netflix,3342.54,UPI,Desktop,0,0,0,1,0,8,1,0
9228,348,40,15000,Aggressive,2025-11-26,1,Entertainment,Paytm,463.96,UPI,Mobile,0,1,0,0,1,5,0,0
9229,147,41,50000,Aggressive,2025-05-11,7,Utilities,Amazon,1133.86,Credit Card,Mobile,0,0,1,1,1,9,2,1
9230,443,44,50000,Conservative,2025-03-18,3,Education,Croma,2583.23,Debit Card,Mobile,0,0,0,0,1,10,1,0
9231,342,38,35000,Conservative,2025-05-06,19,Food Delivery,Amazon,406.75,BNPL,Mobile,0,0,0,0,0,4,5,1
9232,255,28,15000,Aggressive,2025-09-01,21,EMI,Paytm,6906.41,Debit Card,Mobile,1,0,0,0,0,9,9,0
9233,141,29,25000,Conservative,2025-11-03,3,Utilities,Paytm,1344.31,Debit Card,Mobile,1,0,0,0,1,10,1,0
9234,50,25,35000,Balanced,2025-08-23,22,Food Delivery,BigBasket,234.21,Debit Card,Mobile,0,1,0,0,1,7,0,0
9235,66,44,25000,Balanced,2025-08-24,3,Entertainment,Groww,318.81,Cash,Mobile,0,0,1,0,0,10,0,0
9236,32,33,25000,Balanced,2025-02-19,5,Fashion,Uber,3752.88,Debit Card,Mobile,0,0,1,0,0,8,5,1
9237,437,36,50000,Conservative,2025-04-13,2,Education,Swiggy,5155.55,UPI,Mobile,0,1,0,0,0,3,2,0
9238,52,32,25000,Conservative,2025-12-17,14,Investment,BigBasket,3512.53,UPI,Mobile,0,0,0,0,0,8,2,0
9239,296,32,35000,Balanced,2025-02-26,21,EMI,Zomato,8821.51,Credit Card,Mobile,0,0,1,0,1,4,7,1
9240,145,36,25000,Conservative,2025-03-22,5,Rent,Uber,12921.57,Credit Card,Mobile,0,0,0,0,1,10,10,0
9241,142,31,15000,Conservative,2025-07-15,3,Entertainment,Swiggy,118.76,Debit Card,Desktop,0,0,0,0,0,9,0,0
9242,157,29,25000,Aggressive,2025-12-12,20,Rent,Swiggy,12919.25,Debit Card,Mobile,0,0,0,1,1,9,10,0
9243,119,36,35000,Conservative,2025-02-08,4,Health,PhonePe,1516.84,Credit Card,Mobile,0,0,0,1,1,1,2,1
9244,151,41,75000,Balanced,2025-03-02,18,Electronics,Myntra,19188.21,Debit Card,Tablet,1,0,0,1,0,3,7,1
9245,343,35,15000,Conservative,2025-12-05,6,EMI,BigBasket,4036.78,UPI,Mobile,1,0,0,1,1,10,5,0
9246,497,32,25000,Conservative,2025-09-16,19,Fashion,Uber,3026.04,Credit Card,Mobile,0,0,0,0,0,1,4,1
9247,409,34,15000,Conservative,2025-12-26,7,Health,PhonePe,1721.58,Credit Card,Mobile,0,0,1,0,0,7,2,0
9248,197,41,25000,Aggressive,2025-05-05,20,Investment,Uber,7154.21,Credit Card,Mobile,1,0,0,1,0,2,7,1
9249,343,35,15000,Conservative,2025-01-12,2,EMI,Croma,4973.15,Debit Card,Mobile,0,1,1,1,0,10,8,1
9250,28,28,25000,Balanced,2025-05-22,5,Rent,Groww,12820.67,UPI,Mobile,0,0,1,0,0,6,10,0
9251,476,25,50000,Aggressive,2025-01-22,4,Utilities,Flipkart,1543.6,UPI,Mobile,0,0,1,0,0,5,0,0
9252,346,19,75000,Balanced,2025-10-20,18,Fashion,Groww,3211.62,UPI,Mobile,0,0,0,0,0,6,0,0
9253,356,39,35000,Balanced,2025-09-27,18,Travel,Myntra,1746.54,BNPL,Mobile,0,0,1,0,1,3,5,1
9254,464,34,15000,Aggressive,2025-12-19,3,Health,Swiggy,3342.95,UPI,Mobile,0,0,0,0,0,4,4,0
9255,341,33,25000,Balanced,2025-06-04,4,Fashion,Uber,2986.39,BNPL,Mobile,1,0,0,0,1,1,7,1
9256,192,38,50000,Balanced,2025-05-04,23,Health,Groww,2159.97,BNPL,Desktop,1,1,1,1,0,7,5,1
9257,94,26,100000,Conservative,2025-10-19,21,Entertainment,Myntra,766.34,UPI,Mobile,0,0,0,0,0,3,0,0
9258,474,32,35000,Balanced,2025-08-19,4,Fashion,Amazon,1178.99,UPI,Mobile,0,0,1,1,0,2,2,1
9259,378,28,35000,Balanced,2025-03-09,5,Electronics,Myntra,14595.16,Debit Card,Mobile,0,0,0,0,0,7,8,0
9260,136,33,35000,Conservative,2025-06-13,7,Education,Paytm,4149.46,Credit Card,Mobile,0,0,0,0,0,8,2,0
9261,35,32,50000,Balanced,2025-12-31,8,Rent,Netflix,20784.75,BNPL,Desktop,0,0,1,1,1,5,10,1
9262,428,21,35000,Conservative,2025-02-27,5,Rent,Netflix,13962.36,Debit Card,Desktop,0,0,0,1,0,8,7,0
9263,69,35,50000,Balanced,2025-12-09,0,Groceries,Groww,1081.96,UPI,Mobile,0,1,0,1,0,1,0,0
9264,158,37,35000,Balanced,2025-09-12,16,Education,Myntra,3342.99,UPI,Mobile,0,0,0,0,0,3,1,0
9265,236,37,25000,Conservative,2025-08-05,22,Groceries,Uber,1994.28,UPI,Mobile,1,1,0,1,0,2,1,0
9266,31,26,35000,Conservative,2025-06-20,20,Investment,BigBasket,3551.21,Debit Card,Mobile,0,0,0,0,0,2,2,0
9267,174,20,25000,Balanced,2025-01-16,23,Travel,PhonePe,11760.07,UPI,Desktop,0,1,0,0,0,4,10,1
9268,225,25,50000,Balanced,2025-12-11,5,Food Delivery,PhonePe,765.56,Credit Card,Desktop,0,0,1,0,0,7,2,1
9269,38,27,35000,Conservative,2025-03-01,2,Travel,Croma,9329.49,Cash,Mobile,1,1,1,1,1,6,7,1
9270,172,36,50000,Balanced,2025-03-10,12,Electronics,Zomato,18766.3,UPI,Tablet,0,0,0,1,0,4,9,1
9271,279,44,35000,Aggressive,2025-12-21,20,Rent,Zomato,6898.62,UPI,Mobile,0,0,0,0,0,7,3,0
9272,127,39,15000,Conservative,2025-03-02,20,Food Delivery,Zomato,351.79,Credit Card,Mobile,1,0,0,1,0,4,2,1
9273,355,19,35000,Conservative,2025-05-08,10,Electronics,Flipkart,10019.49,UPI,Tablet,0,0,0,0,0,7,5,0
9274,80,42,50000,Conservative,2025-07-01,16,EMI,Netflix,5373.43,UPI,Mobile,1,0,0,0,0,8,2,0
9275,439,18,75000,Balanced,2025-08-01,5,Travel,Paytm,6374.38,UPI,Mobile,1,0,0,1,0,1,1,0
9276,391,31,15000,Balanced,2025-02-21,5,Education,Flipkart,2916.42,UPI,Desktop,0,0,0,0,0,4,3,0
9277,314,38,35000,Conservative,2025-08-21,8,Health,Swiggy,3059.08,Debit Card,Mobile,0,0,1,1,0,8,1,0
9278,231,31,25000,Conservative,2025-12-18,5,EMI,PhonePe,3604.86,Debit Card,Mobile,0,0,0,1,1,10,2,0
9279,201,18,15000,Conservative,2025-07-27,6,Travel,Groww,9316.62,UPI,Mobile,0,0,1,0,0,2,10,1
9280,161,40,50000,Conservative,2025-07-16,6,Fashion,Flipkart,560.68,Credit Card,Mobile,0,0,0,0,0,9,0,0
9281,151,41,75000,Balanced,2025-05-29,23,Entertainment,Croma,873.17,UPI,Mobile,0,1,0,0,1,1,2,1
9282,223,32,15000,Conservative,2025-07-05,23,Entertainment,Netflix,856.04,UPI,Tablet,1,1,0,1,0,7,1,0
9283,54,34,25000,Conservative,2025-10-17,5,Health,Amazon,1393.78,UPI,Mobile,0,0,0,0,1,4,1,0
9284,401,33,35000,Aggressive,2025-07-17,11,Food Delivery,Groww,263.86,UPI,Desktop,0,0,1,1,0,10,0,0
9285,483,38,25000,Balanced,2025-03-12,1,Health,Uber,2821.05,UPI,Mobile,0,1,0,0,0,3,2,0
9286,490,42,35000,Conservative,2025-11-16,6,Utilities,Croma,2694.13,UPI,Mobile,0,0,0,0,0,9,1,0
9287,82,33,100000,Conservative,2025-02-02,23,Investment,BigBasket,3910.53,UPI,Mobile,1,1,1,0,0,9,0,0
9288,114,38,25000,Aggressive,2025-09-07,7,Groceries,Groww,718.09,UPI,Mobile,0,0,1,0,0,9,0,0
9289,71,27,25000,Balanced,2025-04-22,16,Education,BigBasket,2960.54,Debit Card,Desktop,0,0,0,0,1,6,2,0
9290,9,27,15000,Aggressive,2025-02-19,1,Rent,Groww,15924.39,Credit Card,Mobile,0,1,0,0,1,3,10,1
9291,407,42,50000,Balanced,2025-05-08,8,Investment,Zomato,3418.86,Cash,Mobile,0,0,0,0,0,3,1,0
9292,247,20,35000,Balanced,2025-03-16,12,Travel,BigBasket,2039.01,Credit Card,Mobile,0,0,0,1,0,3,1,0
9293,376,43,35000,Conservative,2025-10-14,0,Entertainment,Paytm,939.43,Debit Card,Desktop,0,1,0,0,1,5,0,0
9294,308,25,50000,Aggressive,2025-06-02,18,Electronics,Myntra,12270.83,UPI,Mobile,1,0,0,0,0,2,6,1
9295,140,18,100000,Aggressive,2025-10-28,2,Utilities,Zomato,1132.86,UPI,Mobile,0,1,0,1,0,8,0,0
9296,205,38,35000,Conservative,2025-06-14,1,Travel,Flipkart,8020.07,Credit Card,Mobile,0,1,0,0,0,10,6,1
9297,63,23,25000,Aggressive,2025-01-23,0,Rent,Paytm,18792.83,Debit Card,Desktop,0,1,0,0,1,10,10,0
9298,249,25,35000,Balanced,2025-11-08,7,Electronics,Swiggy,13370.04,Cash,Mobile,0,0,0,0,0,2,9,1
9299,416,41,35000,Balanced,2025-07-15,22,Rent,Croma,7338.89,Credit Card,Desktop,0,1,0,0,0,2,6,1
9300,244,24,25000,Conservative,2025-12-08,17,Food Delivery,BigBasket,483.39,BNPL,Mobile,0,0,1,0,0,7,5,1
9301,493,18,35000,Conservative,2025-03-27,16,Entertainment,Groww,258.93,UPI,Desktop,0,0,0,0,0,7,0,0
9302,294,32,50000,Conservative,2025-10-17,23,Rent,Myntra,11660.81,Debit Card,Tablet,0,1,0,0,0,10,4,0
9303,10,32,35000,Balanced,2025-02-11,20,Health,Groww,1076.15,Credit Card,Mobile,0,0,0,1,0,9,0,0
9304,160,37,50000,Balanced,2025-01-31,20,Education,Myntra,1232.95,Credit Card,Mobile,0,0,0,0,0,2,0,0
9305,105,42,35000,Conservative,2025-11-13,14,Food Delivery,Myntra,419.07,UPI,Mobile,0,0,0,1,1,5,0,0
9306,106,24,35000,Balanced,2025-10-17,20,Education,BigBasket,3684.87,Debit Card,Mobile,0,0,0,1,0,2,2,0
9307,226,20,35000,Aggressive,2025-05-02,15,Health,PhonePe,2288.87,Credit Card,Mobile,1,0,0,0,0,2,1,0
9308,173,44,25000,Conservative,2025-05-26,0,Utilities,Uber,1737.46,UPI,Tablet,0,1,0,1,0,1,1,0
9309,312,25,35000,Conservative,2025-08-06,5,Rent,Paytm,11245.85,Credit Card,Mobile,0,0,0,1,0,6,6,0
9310,73,34,25000,Conservative,2025-08-14,9,Fashion,PhonePe,397.48,Credit Card,Mobile,0,0,0,0,1,10,0,0
9311,243,42,50000,Conservative,2025-10-20,9,Education,BigBasket,4394.37,UPI,Mobile,0,0,1,0,0,7,1,0
9312,245,43,35000,Conservative,2025-02-11,0,Health,BigBasket,2138.29,UPI,Desktop,0,1,0,0,0,9,1,0
9313,338,20,75000,Balanced,2025-08-16,8,Food Delivery,BigBasket,495.94,Credit Card,Mobile,0,0,1,0,0,6,2,1
9314,49,30,75000,Conservative,2025-08-13,18,Travel,BigBasket,11066.01,UPI,Desktop,0,0,0,1,1,10,2,0
9315,458,44,75000,Aggressive,2025-05-03,7,Entertainment,Zomato,816.4,Debit Card,Mobile,1,0,0,0,0,4,0,0
9316,252,44,100000,Balanced,2025-01-15,2,Travel,Uber,7190.21,UPI,Desktop,0,1,0,0,1,6,1,0
9317,175,43,50000,Balanced,2025-09-07,21,Fashion,PhonePe,1155.59,UPI,Mobile,0,0,0,0,0,3,0,0
9318,59,19,35000,Balanced,2025-05-22,5,Utilities,PhonePe,888.36,UPI,Tablet,0,0,1,0,1,10,0,0
9319,134,36,35000,Aggressive,2025-08-05,1,Groceries,Myntra,1623.3,Credit Card,Mobile,1,1,1,0,1,6,2,1
9320,205,38,35000,Conservative,2025-02-04,0,Entertainment,Paytm,740.61,Credit Card,Tablet,1,1,0,0,0,7,2,1
9321,70,42,15000,Aggressive,2025-11-25,4,Health,Paytm,1422.23,Cash,Mobile,0,0,1,0,0,6,1,0
9322,194,35,35000,Balanced,2025-12-04,2,Fashion,Zomato,3505.34,Debit Card,Mobile,1,1,1,0,0,1,4,1
9323,455,21,15000,Conservative,2025-12-17,5,Entertainment,Swiggy,555.35,Cash,Mobile,0,0,0,0,0,7,0,0
9324,467,37,50000,Conservative,2025-07-29,1,Health,BigBasket,3699.13,Debit Card,Mobile,0,1,1,0,1,10,1,0
9325,322,38,35000,Aggressive,2025-07-17,10,Health,Uber,1770.61,UPI,Mobile,0,0,1,0,0,1,1,0
9326,268,23,25000,Conservative,2025-09-09,17,Electronics,Zomato,6996.23,UPI,Mobile,0,0,1,1,0,10,7,1
9327,412,32,35000,Conservative,2025-08-24,1,Electronics,Swiggy,5800.29,BNPL,Mobile,0,1,0,0,0,4,8,1
9328,32,33,25000,Balanced,2025-03-13,13,Health,BigBasket,2323.81,UPI,Mobile,0,0,0,0,0,4,1,0
9329,174,20,25000,Balanced,2025-11-22,4,Education,Croma,2779.14,Debit Card,Desktop,0,0,0,0,0,6,2,0
9330,225,25,50000,Balanced,2025-12-15,0,Education,Myntra,2958.52,Credit Card,Desktop,0,1,0,1,0,2,3,1
9331,135,22,50000,Balanced,2025-03-31,21,Fashion,Uber,100.0,Credit Card,Desktop,0,0,0,0,0,10,0,0
9332,20,35,50000,Aggressive,2025-08-15,18,Education,Netflix,3653.15,Credit Card,Mobile,0,0,1,0,0,1,3,1
9333,179,43,15000,Aggressive,2025-05-31,21,Investment,Swiggy,3225.13,Debit Card,Mobile,0,0,0,1,0,6,4,0
9334,32,33,25000,Balanced,2025-01-24,7,Rent,Paytm,3934.41,Debit Card,Desktop,0,0,0,0,1,1,3,0
9335,112,37,15000,Conservative,2025-04-07,13,Investment,Flipkart,2912.09,UPI,Mobile,0,0,0,1,0,2,3,0
9336,341,33,25000,Balanced,2025-06-12,12,Entertainment,Paytm,593.86,Credit Card,Mobile,0,0,0,1,1,2,2,1
9337,231,31,25000,Conservative,2025-01-14,10,Investment,PhonePe,5044.92,UPI,Desktop,0,0,0,1,0,1,4,0
9338,70,42,15000,Aggressive,2025-10-22,15,Utilities,Uber,2287.37,Credit Card,Mobile,0,0,0,0,0,2,5,1
9339,469,38,75000,Aggressive,2025-09-04,3,Education,Myntra,5762.57,BNPL,Mobile,1,0,1,0,0,10,4,0
9340,412,32,35000,Conservative,2025-11-15,4,Electronics,PhonePe,8628.89,UPI,Desktop,0,0,0,1,0,8,4,0
9341,491,39,35000,Balanced,2025-02-23,13,Fashion,Uber,3182.61,Debit Card,Mobile,0,0,0,1,0,7,1,0
9342,75,40,25000,Conservative,2025-02-19,16,Health,PhonePe,1716.61,UPI,Mobile,0,0,0,0,0,8,1,0
9343,412,32,35000,Conservative,2025-05-14,0,Electronics,Uber,20712.0,UPI,Desktop,0,1,0,0,0,5,10,1
9344,189,43,25000,Conservative,2025-05-30,16,Investment,Myntra,7379.32,BNPL,Mobile,0,0,0,0,0,5,8,0
9345,114,38,25000,Aggressive,2025-03-24,1,Investment,Uber,6125.39,UPI,Desktop,0,1,0,1,0,8,4,0
9346,473,34,50000,Conservative,2025-09-17,7,Entertainment,Myntra,836.25,Credit Card,Mobile,0,0,1,0,1,1,2,1
9347,455,21,15000,Conservative,2025-04-08,22,Food Delivery,Myntra,431.34,Debit Card,Desktop,0,1,0,0,0,9,0,0
9348,218,40,35000,Balanced,2025-04-22,22,Electronics,Amazon,12988.66,Credit Card,Desktop,0,1,0,0,1,4,9,1
9349,33,22,50000,Balanced,2025-08-31,15,Utilities,Croma,2647.89,UPI,Mobile,0,0,0,0,1,8,1,0
9350,89,44,50000,Balanced,2025-02-28,6,Entertainment,Groww,638.55,Credit Card,Desktop,0,0,1,0,0,6,2,1
9351,481,37,35000,Conservative,2025-03-09,6,Health,Uber,2644.25,Credit Card,Mobile,0,0,0,0,0,1,1,0
9352,409,34,15000,Conservative,2025-10-27,9,Education,Croma,640.88,UPI,Mobile,0,0,1,0,0,1,0,0
9353,392,36,75000,Aggressive,2025-06-05,4,Health,Amazon,1742.83,UPI,Mobile,1,0,0,0,1,5,0,0
9354,335,24,50000,Conservative,2025-10-12,21,Investment,Amazon,3298.63,Credit Card,Desktop,0,0,0,0,1,3,1,0
9355,464,34,15000,Aggressive,2025-03-06,7,Groceries,Paytm,662.08,Credit Card,Mobile,0,0,0,1,0,3,0,0
9356,38,27,35000,Conservative,2025-09-18,10,Fashion,Croma,2087.44,UPI,Mobile,0,0,0,0,0,7,1,0
9357,328,25,35000,Conservative,2025-09-04,10,EMI,PhonePe,6586.88,UPI,Mobile,1,0,0,0,0,3,3,0
9358,317,44,35000,Conservative,2025-01-23,13,Food Delivery,Amazon,658.12,Debit Card,Desktop,0,0,0,1,1,4,2,1
9359,96,18,15000,Conservative,2025-09-07,11,EMI,Groww,8652.0,UPI,Mobile,0,0,0,0,0,6,10,0
9360,425,35,35000,Aggressive,2025-09-29,9,Investment,Flipkart,3113.4,Credit Card,Mobile,0,0,0,0,0,4,1,0
9361,129,37,25000,Conservative,2025-06-21,16,Utilities,Amazon,1872.27,UPI,Mobile,0,0,1,0,0,2,1,0
9362,211,44,35000,Conservative,2025-03-19,0,Travel,Flipkart,5371.12,Credit Card,Mobile,0,1,0,0,0,4,5,1
9363,177,42,25000,Conservative,2025-12-21,3,Fashion,Myntra,1032.11,UPI,Mobile,0,0,0,1,1,1,2,1
9364,170,39,50000,Aggressive,2025-02-03,21,Entertainment,Croma,778.04,UPI,Mobile,1,0,1,1,1,6,2,1
9365,321,28,35000,Conservative,2025-08-20,21,Groceries,Amazon,553.14,Debit Card,Mobile,0,0,0,0,0,2,0,0
9366,270,25,50000,Conservative,2025-10-29,16,Rent,Groww,9791.85,UPI,Mobile,0,0,0,1,0,5,3,0
9367,63,23,25000,Aggressive,2025-11-28,12,Travel,Zomato,8101.17,Credit Card,Mobile,0,0,1,1,0,3,8,1
9368,51,18,15000,Conservative,2025-08-29,4,Health,BigBasket,100.0,Credit Card,Mobile,0,0,0,0,1,2,0,0
9369,463,19,25000,Aggressive,2025-09-20,12,Electronics,Zomato,5911.88,Credit Card,Mobile,0,0,0,0,1,8,6,1
9370,346,19,75000,Balanced,2025-11-02,18,Groceries,Flipkart,1019.01,UPI,Mobile,1,0,0,0,0,9,0,0
9371,338,20,75000,Balanced,2025-08-23,9,Entertainment,Uber,1766.36,UPI,Mobile,0,0,0,0,0,9,0,0
9372,204,22,50000,Conservative,2025-02-12,15,Groceries,Flipkart,934.15,Credit Card,Mobile,0,0,0,1,0,2,0,0
9373,49,30,75000,Conservative,2025-03-02,23,Entertainment,BigBasket,272.48,BNPL,Desktop,1,1,0,0,0,7,5,1
9374,199,42,100000,Aggressive,2025-10-03,9,Food Delivery,Zomato,511.16,UPI,Mobile,1,0,0,1,0,7,0,0
9375,267,21,25000,Balanced,2025-06-11,8,Electronics,Myntra,7265.56,Debit Card,Mobile,0,0,1,1,0,8,7,1
9376,427,41,50000,Conservative,2025-12-15,3,Electronics,Netflix,12258.79,UPI,Desktop,0,0,1,0,0,3,6,1
9377,231,31,25000,Conservative,2025-11-21,7,Rent,Paytm,11211.39,UPI,Mobile,0,0,0,0,1,1,8,0
9378,442,42,75000,Conservative,2025-08-03,3,Groceries,Uber,946.2,Credit Card,Mobile,1,0,0,0,0,6,0,0
9379,287,25,50000,Conservative,2025-01-31,22,Fashion,Netflix,3198.58,UPI,Desktop,0,1,0,0,0,3,3,1
9380,435,33,50000,Conservative,2025-03-14,3,Travel,Flipkart,13518.88,Cash,Desktop,0,0,1,0,0,9,5,0
9381,151,41,75000,Balanced,2025-12-05,18,EMI,Croma,2087.68,UPI,Mobile,1,0,1,1,0,7,0,0
9382,448,29,15000,Conservative,2025-05-29,11,EMI,Myntra,9503.62,UPI,Mobile,0,0,1,0,0,5,10,0
9383,67,36,25000,Conservative,2025-01-11,12,Food Delivery,Zomato,446.41,UPI,Mobile,0,0,0,0,1,7,0,0
9384,431,27,50000,Balanced,2025-08-11,10,Education,Zomato,2598.81,Debit Card,Mobile,0,0,1,1,0,9,1,0
9385,404,20,15000,Conservative,2025-03-09,11,Rent,BigBasket,12545.45,Credit Card,Desktop,0,0,1,0,0,5,10,1
9386,160,37,50000,Balanced,2025-08-27,18,Rent,Paytm,10454.2,BNPL,Desktop,0,0,0,0,1,4,9,1
9387,390,43,35000,Aggressive,2025-07-08,4,EMI,PhonePe,3623.27,BNPL,Desktop,0,0,1,0,0,1,7,1
9388,499,44,15000,Aggressive,2025-07-18,20,Food Delivery,Paytm,299.8,UPI,Mobile,0,0,0,0,0,3,0,0
9389,73,34,25000,Conservative,2025-09-02,17,Utilities,Swiggy,2573.01,Debit Card,Desktop,1,0,0,0,0,7,2,0
9390,127,39,15000,Conservative,2025-09-09,17,EMI,Myntra,10026.52,UPI,Mobile,0,0,0,0,0,10,10,0
9391,290,42,25000,Conservative,2025-01-05,9,Entertainment,PhonePe,638.17,Debit Card,Mobile,1,0,1,0,0,4,2,1
9392,379,20,50000,Balanced,2025-01-30,21,Electronics,Amazon,9845.87,BNPL,Mobile,0,0,1,1,0,8,8,1
9393,84,37,25000,Balanced,2025-12-29,21,Electronics,Zomato,18472.73,Debit Card,Mobile,0,0,1,0,0,9,10,1
9394,177,42,25000,Conservative,2025-12-31,9,EMI,Swiggy,6060.65,Credit Card,Mobile,0,0,1,0,0,9,6,1
9395,197,41,25000,Aggressive,2025-11-08,8,Investment,Netflix,2867.91,UPI,Mobile,0,0,0,0,0,8,2,0
9396,406,42,35000,Conservative,2025-08-05,1,Fashion,Paytm,1934.51,UPI,Mobile,1,1,0,0,0,6,1,0
9397,255,28,15000,Aggressive,2025-08-29,5,Entertainment,Swiggy,934.96,UPI,Mobile,0,0,0,0,0,9,1,0
9398,23,25,50000,Balanced,2025-07-05,14,Food Delivery,Zomato,431.88,UPI,Mobile,1,0,0,1,0,6,0,0
9399,23,25,50000,Balanced,2025-06-08,3,Fashion,Flipkart,2805.89,UPI,Mobile,0,0,1,1,0,1,3,1
9400,432,22,50000,Conservative,2025-04-10,14,Investment,Uber,3717.99,UPI,Mobile,0,0,0,0,0,2,1,0
9401,146,38,25000,Aggressive,2025-09-08,8,Food Delivery,Zomato,437.1,Credit Card,Mobile,0,0,1,0,1,5,2,1
9402,337,25,15000,Balanced,2025-10-11,2,EMI,Flipkart,6153.94,UPI,Mobile,0,1,0,0,0,2,10,1
9403,101,19,25000,Conservative,2025-09-23,4,Electronics,Groww,18515.65,Credit Card,Tablet,0,0,0,1,0,2,10,1
9404,40,21,75000,Conservative,2025-04-01,15,Education,Paytm,2572.01,UPI,Mobile,1,0,0,1,1,8,0,0
9405,494,30,15000,Aggressive,2025-09-18,12,Utilities,Uber,2363.86,Debit Card,Mobile,0,0,0,1,0,9,3,0
9406,338,20,75000,Balanced,2025-09-21,13,EMI,Groww,5595.3,Credit Card,Desktop,0,0,0,0,1,6,1,0
9407,161,40,50000,Conservative,2025-04-10,20,Rent,Groww,7253.16,Debit Card,Mobile,0,0,0,0,0,3,2,0
9408,134,36,35000,Aggressive,2025-11-18,12,Education,Swiggy,2715.34,UPI,Desktop,0,0,1,1,0,7,1,0
9409,168,19,15000,Conservative,2025-06-01,1,Health,Groww,2306.46,UPI,Mobile,1,1,1,0,0,9,5,1
9410,42,30,15000,Conservative,2025-08-01,1,Fashion,PhonePe,3088.6,UPI,Mobile,1,1,1,0,0,2,6,1
9411,58,22,25000,Balanced,2025-02-05,6,Investment,Netflix,5341.6,UPI,Mobile,1,0,0,0,0,8,4,0
9412,280,42,75000,Conservative,2025-01-20,2,Entertainment,BigBasket,977.47,Credit Card,Mobile,0,1,0,1,0,6,2,1
9413,204,22,50000,Conservative,2025-08-11,10,Groceries,BigBasket,1961.03,BNPL,Mobile,0,0,1,1,0,10,3,0
9414,159,38,15000,Balanced,2025-11-29,11,Investment,BigBasket,4486.95,Debit Card,Mobile,0,0,1,1,0,5,5,0
9415,199,42,100000,Aggressive,2025-12-17,19,Investment,Swiggy,4685.28,UPI,Mobile,0,0,0,1,0,9,0,0
9416,478,29,15000,Aggressive,2025-09-23,2,Education,Paytm,2548.08,UPI,Tablet,0,1,0,1,0,6,3,0
9417,136,33,35000,Conservative,2025-09-26,18,Travel,Flipkart,10829.46,Debit Card,Mobile,0,0,1,0,1,2,8,1
9418,475,31,25000,Conservative,2025-10-07,8,Entertainment,Netflix,298.95,Debit Card,Mobile,0,0,0,0,0,7,0,0
9419,429,26,25000,Conservative,2025-02-12,7,EMI,Swiggy,4126.63,UPI,Mobile,0,0,0,0,1,1,3,0
9420,185,33,50000,Aggressive,2025-10-04,22,Travel,Zomato,5941.24,UPI,Mobile,1,1,0,1,0,6,2,0
9421,81,31,35000,Balanced,2025-04-13,22,Electronics,Swiggy,13991.18,UPI,Mobile,0,1,0,1,0,2,9,1
9422,412,32,35000,Conservative,2025-08-19,23,Rent,Swiggy,7733.68,Debit Card,Desktop,0,1,1,1,0,4,6,1
9423,97,40,25000,Balanced,2025-12-09,19,Investment,Groww,9127.1,UPI,Mobile,0,0,0,0,0,6,7,0
9424,408,24,35000,Balanced,2025-01-22,0,Fashion,Uber,3365.71,UPI,Mobile,0,1,0,1,0,3,3,1
9425,468,34,100000,Conservative,2025-03-14,14,Investment,Croma,7696.76,UPI,Mobile,0,0,0,0,0,9,1,0
9426,258,41,15000,Conservative,2025-11-16,10,Groceries,Groww,521.95,Credit Card,Desktop,0,0,0,0,0,9,0,0
9427,110,39,25000,Conservative,2025-02-20,20,Fashion,Groww,1912.73,BNPL,Mobile,0,0,0,0,1,1,6,1
9428,336,40,25000,Conservative,2025-01-30,4,Entertainment,Zomato,400.41,BNPL,Mobile,0,0,1,1,0,2,5,1
9429,359,38,50000,Balanced,2025-09-29,13,Rent,Groww,19157.21,Credit Card,Mobile,0,0,1,0,0,8,9,1
9430,246,30,35000,Balanced,2025-07-22,21,Travel,Swiggy,5982.56,Debit Card,Mobile,0,0,1,1,1,6,5,1
9431,91,33,25000,Conservative,2025-08-09,5,Fashion,Paytm,917.46,UPI,Desktop,0,0,0,0,0,3,0,0
9432,59,19,35000,Balanced,2025-08-09,10,Education,Paytm,1592.11,UPI,Mobile,0,0,0,1,1,3,0,0
9433,422,22,15000,Aggressive,2025-02-25,15,Entertainment,Flipkart,668.23,UPI,Mobile,0,0,0,0,0,9,0,0
9434,420,28,25000,Conservative,2025-03-21,0,Fashion,Myntra,3295.51,Cash,Mobile,0,1,1,1,0,5,4,1
9435,352,27,35000,Aggressive,2025-12-29,18,Groceries,Swiggy,1569.45,UPI,Mobile,0,0,1,1,0,5,0,0
9436,408,24,35000,Balanced,2025-04-20,8,Electronics,Uber,18625.35,UPI,Desktop,0,0,0,0,0,6,10,0
9437,313,38,25000,Aggressive,2025-09-27,13,Travel,Croma,5204.62,Debit Card,Mobile,0,0,0,0,0,1,4,0
9438,86,29,35000,Balanced,2025-02-07,1,Food Delivery,Uber,603.73,UPI,Mobile,0,1,1,1,0,5,2,1
9439,58,22,25000,Balanced,2025-02-05,9,Travel,Flipkart,6790.72,UPI,Mobile,1,0,1,1,0,8,5,0
9440,71,27,25000,Balanced,2025-07-08,17,Education,Myntra,5094.64,UPI,Mobile,0,0,0,0,0,7,4,0
9441,47,42,25000,Conservative,2025-08-27,16,Health,Croma,1704.57,UPI,Desktop,0,0,0,0,0,10,1,0
9442,68,26,50000,Conservative,2025-10-17,0,Entertainment,Paytm,465.74,Credit Card,Desktop,0,1,0,0,0,4,2,1
9443,57,19,35000,Conservative,2025-09-06,23,Food Delivery,Netflix,606.54,UPI,Mobile,0,1,0,0,1,9,0,0
9444,110,39,25000,Conservative,2025-08-01,5,Fashion,Paytm,977.64,UPI,Mobile,1,0,0,0,0,6,0,0
9445,206,36,25000,Conservative,2025-07-10,0,Electronics,Myntra,6559.99,Credit Card,Mobile,0,1,0,1,0,3,7,1
9446,196,35,35000,Conservative,2025-08-14,17,Electronics,Paytm,14954.41,Credit Card,Mobile,0,0,0,1,0,6,10,1
9447,179,43,15000,Aggressive,2025-05-16,10,Rent,Myntra,18627.09,UPI,Mobile,0,0,1,0,0,6,10,0
9448,136,33,35000,Conservative,2025-12-13,8,Electronics,Uber,13879.56,Debit Card,Mobile,0,0,0,0,1,1,9,1
9449,479,20,25000,Balanced,2025-05-14,5,Health,Swiggy,2172.04,Debit Card,Mobile,0,0,0,1,0,5,1,0
9450,292,19,50000,Aggressive,2025-12-16,7,EMI,PhonePe,2183.98,UPI,Mobile,0,0,1,1,1,2,2,1
9451,205,38,35000,Conservative,2025-07-22,9,Health,PhonePe,2735.37,Credit Card,Mobile,0,0,1,1,0,4,3,1
9452,257,36,15000,Balanced,2025-04-28,23,Electronics,Amazon,14083.89,Credit Card,Mobile,0,1,0,1,1,8,10,1
9453,98,35,35000,Aggressive,2025-12-02,13,Utilities,BigBasket,2222.09,UPI,Mobile,1,0,0,1,1,4,1,0
9454,382,44,100000,Balanced,2025-02-26,9,Electronics,Swiggy,9001.14,UPI,Mobile,0,0,0,1,0,6,1,0
9455,465,32,50000,Balanced,2025-01-29,12,Travel,Zomato,7360.15,Credit Card,Desktop,0,0,0,0,1,10,2,0
9456,21,21,35000,Aggressive,2025-07-19,4,Travel,PhonePe,9787.9,Credit Card,Mobile,0,0,0,0,1,7,5,0
9457,106,24,35000,Balanced,2025-04-16,15,Travel,Flipkart,6870.64,Credit Card,Mobile,0,0,1,0,0,3,5,1
9458,125,22,35000,Balanced,2025-03-29,19,Utilities,Uber,1707.11,Debit Card,Mobile,0,0,1,0,1,8,0,0
9459,152,29,35000,Balanced,2025-08-21,5,Utilities,Amazon,2234.71,UPI,Mobile,0,0,0,1,0,9,1,0
9460,103,28,50000,Balanced,2025-10-26,20,Entertainment,Myntra,456.47,Credit Card,Mobile,0,0,0,0,0,3,2,1
9461,430,26,15000,Aggressive,2025-08-16,2,EMI,PhonePe,4169.99,UPI,Desktop,0,1,0,1,0,6,5,0
9462,195,42,35000,Aggressive,2025-12-24,4,Education,Groww,4108.79,Credit Card,Mobile,0,0,0,0,0,10,2,0
9463,113,28,15000,Balanced,2025-12-04,13,EMI,PhonePe,7810.57,BNPL,Mobile,1,0,0,0,1,10,10,0
9464,10,32,35000,Balanced,2025-04-23,1,EMI,Netflix,2450.33,Debit Card,Tablet,0,1,1,0,0,9,1,0
9465,318,29,75000,Conservative,2025-12-01,18,Food Delivery,PhonePe,283.93,Debit Card,Mobile,1,0,1,1,0,8,0,0
9466,383,42,35000,Conservative,2025-12-14,23,Groceries,Amazon,1327.35,BNPL,Tablet,0,1,0,0,0,5,3,0
9467,24,32,50000,Conservative,2025-03-02,4,Entertainment,Groww,1061.63,Credit Card,Mobile,1,0,0,0,0,9,0,0
9468,209,39,50000,Balanced,2025-04-09,2,Travel,Flipkart,4737.91,UPI,Desktop,0,1,1,0,0,4,3,1
9469,182,36,100000,Balanced,2025-09-27,23,Groceries,Amazon,854.87,Debit Card,Mobile,0,1,1,1,0,9,0,0
9470,192,38,50000,Balanced,2025-01-24,14,Rent,PhonePe,6302.06,BNPL,Mobile,0,0,0,0,1,10,5,0
9471,420,28,25000,Conservative,2025-10-22,22,Fashion,Zomato,2959.04,BNPL,Mobile,0,1,0,1,0,10,7,1
9472,92,34,15000,Aggressive,2025-07-30,13,Investment,Zomato,5129.74,UPI,Mobile,0,0,0,0,0,6,6,0
9473,396,41,25000,Conservative,2025-12-02,5,Education,Netflix,3457.41,UPI,Desktop,1,0,0,0,0,9,2,0
9474,454,22,15000,Aggressive,2025-12-04,3,Travel,Croma,9541.89,UPI,Desktop,1,0,0,1,0,4,10,0
9475,64,33,50000,Conservative,2025-01-20,2,Education,Uber,3572.94,UPI,Mobile,0,1,0,0,0,5,1,0
9476,146,38,25000,Aggressive,2025-10-07,0,Investment,Groww,7326.45,UPI,Mobile,0,1,0,0,0,1,7,1
9477,49,30,75000,Conservative,2025-02-21,21,Health,PhonePe,2121.2,UPI,Mobile,0,0,0,0,0,8,0,0
9478,351,43,50000,Conservative,2025-01-31,16,Education,Swiggy,3241.53,UPI,Mobile,0,0,1,0,0,1,1,0
9479,335,24,50000,Conservative,2025-01-19,1,Groceries,Zomato,1911.29,UPI,Mobile,0,1,0,0,0,1,0,0
9480,476,25,50000,Aggressive,2025-03-08,23,Education,Croma,2969.78,UPI,Mobile,0,1,1,1,1,9,3,1
9481,459,32,100000,Balanced,2025-09-30,15,Health,Uber,1710.43,UPI,Mobile,0,0,0,0,1,4,0,0
9482,339,25,15000,Conservative,2025-06-28,14,Entertainment,Paytm,983.48,Debit Card,Mobile,0,0,0,0,0,4,1,0
9483,500,24,35000,Conservative,2025-01-26,7,Health,Netflix,954.16,Cash,Mobile,0,0,0,0,0,7,0,0
9484,204,22,50000,Conservative,2025-12-14,23,Entertainment,Netflix,787.79,UPI,Mobile,0,1,1,0,0,2,2,1
9485,462,36,25000,Conservative,2025-04-25,1,Groceries,Paytm,202.77,UPI,Desktop,0,1,0,1,1,6,0,0
9486,54,34,25000,Conservative,2025-05-01,21,EMI,BigBasket,4730.25,UPI,Mobile,1,0,0,0,1,7,3,0
9487,152,29,35000,Balanced,2025-04-15,3,Travel,Amazon,6273.08,Credit Card,Mobile,0,0,0,1,0,6,3,0
9488,155,39,25000,Conservative,2025-03-14,23,Rent,Swiggy,4250.36,UPI,Mobile,0,1,0,0,0,9,3,0
9489,414,22,50000,Conservative,2025-10-19,17,Education,Paytm,1345.68,UPI,Desktop,0,0,0,1,0,3,0,0
9490,166,23,15000,Balanced,2025-03-30,0,Fashion,Zomato,2776.32,UPI,Mobile,0,1,0,0,0,7,5,1
9491,162,38,35000,Conservative,2025-02-05,14,Electronics,Croma,16216.96,BNPL,Mobile,1,0,1,1,0,4,10,1
9492,294,32,50000,Conservative,2025-08-23,22,Investment,Amazon,8853.85,Debit Card,Mobile,0,1,0,0,0,9,3,0
9493,245,43,35000,Conservative,2025-05-05,14,Groceries,Netflix,583.03,UPI,Mobile,1,0,0,1,0,9,0,0
9494,119,36,35000,Conservative,2025-03-11,15,Entertainment,PhonePe,1180.71,UPI,Desktop,0,0,0,0,0,2,0,0
9495,23,25,50000,Balanced,2025-02-06,11,Electronics,Amazon,14466.16,Credit Card,Mobile,0,0,0,0,0,10,7,1
9496,90,32,35000,Conservative,2025-01-13,7,Utilities,Groww,1987.38,UPI,Desktop,0,0,1,0,0,9,1,0
9497,353,40,50000,Balanced,2025-04-15,6,Rent,Netflix,9989.14,Debit Card,Mobile,0,0,0,0,0,4,3,0
9498,292,19,50000,Aggressive,2025-01-08,12,Travel,Croma,6938.84,UPI,Mobile,0,0,0,0,0,1,2,0
9499,246,30,35000,Balanced,2025-11-25,1,Education,Paytm,4880.93,Credit Card,Mobile,0,1,0,0,0,1,4,1
9500,464,34,15000,Aggressive,2025-09-07,11,Education,PhonePe,1087.81,UPI,Mobile,0,0,0,1,0,2,1,0
9501,416,41,35000,Balanced,2025-03-01,9,Groceries,Swiggy,1448.93,UPI,Mobile,1,0,0,1,0,6,0,0
9502,432,22,50000,Conservative,2025-10-10,10,Travel,Swiggy,4006.38,UPI,Desktop,0,0,0,1,0,10,1,0
9503,412,32,35000,Conservative,2025-01-08,6,Electronics,BigBasket,14157.92,Credit Card,Desktop,0,0,0,0,0,5,10,1
9504,228,35,25000,Conservative,2025-11-26,12,Rent,Amazon,9698.8,UPI,Tablet,0,0,1,1,0,6,7,0
9505,95,31,100000,Aggressive,2025-08-31,17,Entertainment,Croma,342.36,UPI,Mobile,0,0,1,0,0,8,0,0
9506,430,26,15000,Aggressive,2025-04-28,8,Fashion,Amazon,2465.49,UPI,Desktop,0,0,0,1,0,3,5,1
9507,359,38,50000,Balanced,2025-05-21,1,Health,Uber,2773.26,UPI,Mobile,0,1,0,0,0,4,1,0
9508,246,30,35000,Balanced,2025-12-23,10,Fashion,Zomato,2984.66,Debit Card,Mobile,0,0,0,0,0,9,1,0
9509,14,42,100000,Aggressive,2025-11-24,6,Food Delivery,Croma,457.4,Credit Card,Mobile,0,0,1,0,0,5,2,1
9510,443,44,50000,Conservative,2025-09-30,2,Entertainment,Swiggy,1252.8,Debit Card,Mobile,0,1,0,1,0,1,2,1
9511,116,37,35000,Balanced,2025-10-17,23,Travel,Uber,8201.66,UPI,Desktop,0,1,0,0,0,10,4,0
9512,477,37,15000,Balanced,2025-11-25,11,Electronics,Uber,10514.98,Debit Card,Desktop,0,0,0,0,0,9,10,0
9513,194,35,35000,Balanced,2025-12-03,19,Health,PhonePe,757.28,Credit Card,Mobile,1,0,0,0,0,9,0,0
9514,198,32,25000,Balanced,2025-03-03,19,Health,Myntra,2005.36,UPI,Desktop,1,0,1,0,0,3,1,0
9515,300,23,25000,Balanced,2025-09-04,20,Travel,Netflix,10345.98,Credit Card,Mobile,1,0,0,0,1,10,8,0
9516,35,32,50000,Balanced,2025-03-20,4,Food Delivery,Zomato,352.39,UPI,Desktop,0,0,0,0,0,4,0,0
9517,436,34,15000,Aggressive,2025-02-19,21,Health,BigBasket,2069.96,UPI,Mobile,0,0,0,0,1,3,2,0
9518,275,26,25000,Conservative,2025-10-27,5,Travel,Netflix,7534.72,UPI,Mobile,0,0,0,1,0,2,6,0
9519,345,36,35000,Balanced,2025-03-13,14,Electronics,Myntra,11662.63,Credit Card,Desktop,0,0,0,0,1,2,8,1
9520,32,33,25000,Balanced,2025-12-07,10,Groceries,Swiggy,895.45,Debit Card,Mobile,0,0,0,0,1,2,0,0
9521,315,37,35000,Aggressive,2025-11-04,18,Health,Paytm,748.43,UPI,Mobile,1,0,0,0,0,1,0,0
9522,500,24,35000,Conservative,2025-09-16,16,Investment,Myntra,4628.33,Cash,Mobile,0,0,0,0,0,1,2,0
9523,256,41,75000,Conservative,2025-03-17,7,Groceries,Myntra,1351.8,UPI,Mobile,0,0,1,0,0,1,0,0
9524,84,37,25000,Balanced,2025-07-31,1,Food Delivery,Uber,100.0,Credit Card,Mobile,0,1,0,0,0,10,2,1
9525,158,37,35000,Balanced,2025-10-10,14,Entertainment,Swiggy,1015.25,Debit Card,Mobile,0,0,0,1,0,6,0,0
9526,188,43,25000,Balanced,2025-02-24,11,Investment,Croma,6167.98,UPI,Desktop,0,0,0,1,0,8,4,0
9527,194,35,35000,Balanced,2025-05-16,2,Travel,Myntra,11158.39,UPI,Mobile,0,1,1,0,0,2,8,1
9528,214,23,35000,Aggressive,2025-09-07,11,Groceries,Zomato,616.47,UPI,Mobile,0,0,0,1,0,1,0,0
9529,172,36,50000,Balanced,2025-08-21,11,Health,Groww,3393.08,UPI,Mobile,0,0,0,1,0,5,1,0
9530,43,39,75000,Balanced,2025-05-28,18,Groceries,Myntra,1314.75,UPI,Desktop,0,0,0,1,0,10,0,0
9531,76,33,50000,Aggressive,2025-02-03,14,Food Delivery,Uber,443.11,UPI,Mobile,1,0,1,0,0,2,2,1
9532,64,33,50000,Conservative,2025-01-29,7,Investment,Croma,6707.26,UPI,Mobile,0,0,0,1,0,6,2,0
9533,366,43,35000,Conservative,2025-04-13,1,Utilities,Croma,465.7,Debit Card,Mobile,0,1,1,0,0,5,0,0
9534,310,31,25000,Aggressive,2025-09-05,10,Rent,Myntra,18541.98,UPI,Desktop,1,0,0,1,1,4,10,1
9535,191,39,15000,Conservative,2025-02-23,5,Travel,Uber,3927.88,BNPL,Mobile,0,0,1,1,1,3,10,1
9536,436,34,15000,Aggressive,2025-01-17,17,Travel,Swiggy,5775.96,Debit Card,Desktop,0,0,1,0,0,10,7,0
9537,281,25,35000,Balanced,2025-03-15,1,Food Delivery,Croma,334.08,Credit Card,Mobile,0,1,1,0,1,9,2,1
9538,360,19,35000,Balanced,2025-03-31,15,Fashion,Swiggy,2260.94,Credit Card,Mobile,0,0,0,1,1,3,3,1
9539,301,43,75000,Conservative,2025-12-19,8,Food Delivery,Uber,484.16,Debit Card,Desktop,0,0,0,0,0,2,0,0
9540,190,22,100000,Aggressive,2025-02-28,11,Investment,Groww,1019.2,Credit Card,Tablet,0,0,0,0,0,9,0,0
9541,410,35,25000,Conservative,2025-06-23,10,Investment,BigBasket,4547.55,Credit Card,Desktop,0,0,0,0,0,2,5,1
9542,35,32,50000,Balanced,2025-06-11,19,Fashion,BigBasket,4442.88,BNPL,Mobile,0,0,1,1,0,8,6,1
9543,266,23,35000,Conservative,2025-08-19,3,Education,Amazon,4283.58,UPI,Mobile,0,0,1,0,0,9,2,0
9544,7,18,25000,Balanced,2025-12-10,16,Investment,Netflix,8340.56,UPI,Mobile,0,0,1,0,0,6,6,0
9545,274,35,15000,Balanced,2025-04-02,18,Education,Uber,2664.31,UPI,Mobile,1,0,0,0,0,1,3,0
9546,261,42,50000,Balanced,2025-06-01,15,Electronics,PhonePe,14932.03,UPI,Desktop,1,0,0,0,0,10,5,0
9547,296,32,35000,Balanced,2025-01-17,18,Groceries,BigBasket,1228.18,Debit Card,Desktop,0,0,0,1,0,9,0,0
9548,130,43,35000,Balanced,2025-01-24,0,Entertainment,Netflix,1083.79,UPI,Mobile,0,1,0,1,0,3,2,1
9549,395,27,35000,Balanced,2025-02-28,20,Entertainment,Swiggy,418.8,UPI,Mobile,0,0,0,1,0,6,0,0
9550,429,26,25000,Conservative,2025-11-13,16,Food Delivery,PhonePe,286.46,BNPL,Mobile,0,0,0,1,0,3,5,1
9551,336,40,25000,Conservative,2025-10-15,10,Utilities,Amazon,594.96,BNPL,Desktop,0,0,0,0,0,6,3,0
9552,66,44,25000,Balanced,2025-08-03,23,EMI,Netflix,9490.2,UPI,Tablet,1,1,1,1,1,6,9,1
9553,418,25,75000,Balanced,2025-01-28,12,Health,Myntra,607.76,UPI,Mobile,0,0,0,1,0,6,0,0
9554,459,32,100000,Balanced,2025-03-12,11,Entertainment,Swiggy,699.26,Cash,Mobile,0,0,0,0,0,8,0,0
9555,407,42,50000,Balanced,2025-09-18,17,Health,PhonePe,939.31,UPI,Mobile,0,0,0,0,0,5,0,0
9556,134,36,35000,Aggressive,2025-08-06,8,Fashion,Uber,1862.59,UPI,Mobile,0,0,0,0,0,8,1,0
9557,338,20,75000,Balanced,2025-02-09,18,EMI,Amazon,8486.27,UPI,Mobile,0,0,0,0,0,9,2,0
9558,253,18,15000,Conservative,2025-05-28,18,Groceries,Swiggy,1251.46,BNPL,Mobile,0,0,0,1,1,6,4,0
9559,36,43,25000,Conservative,2025-11-04,12,Investment,Flipkart,5956.59,Credit Card,Desktop,1,0,1,0,0,2,6,1
9560,171,42,35000,Conservative,2025-07-13,7,Rent,Zomato,14585.3,UPI,Mobile,0,0,0,1,0,2,8,0
9561,176,26,50000,Balanced,2025-09-23,22,Food Delivery,Croma,651.18,UPI,Mobile,0,1,0,1,1,8,2,1
9562,89,44,50000,Balanced,2025-08-06,17,Entertainment,Myntra,1023.55,UPI,Desktop,0,0,0,0,0,2,0,0
9563,482,42,25000,Balanced,2025-07-28,23,Groceries,Zomato,776.98,Credit Card,Mobile,0,1,1,1,0,2,2,1
9564,213,31,50000,Conservative,2025-09-20,8,Entertainment,Croma,659.96,Credit Card,Mobile,0,0,0,0,0,5,0,0
9565,431,27,50000,Balanced,2025-05-14,8,Utilities,Swiggy,1533.95,Credit Card,Mobile,0,0,1,1,0,2,2,1
9566,129,37,25000,Conservative,2025-11-28,9,Investment,Zomato,6941.09,Credit Card,Desktop,0,0,0,0,1,8,5,0
9567,268,23,25000,Conservative,2025-10-07,13,Groceries,PhonePe,556.06,UPI,Mobile,0,0,0,0,0,8,0,0
9568,152,29,35000,Balanced,2025-07-29,9,EMI,Swiggy,5741.71,Credit Card,Mobile,0,0,0,0,1,7,3,0
9569,455,21,15000,Conservative,2025-11-29,16,Investment,Amazon,6174.9,UPI,Mobile,0,0,0,0,0,9,8,0
9570,376,43,35000,Conservative,2025-03-19,17,Entertainment,Uber,470.79,Debit Card,Mobile,0,0,1,1,0,8,0,0
9571,358,40,50000,Aggressive,2025-01-14,9,Fashion,Paytm,2379.72,UPI,Mobile,0,0,0,0,0,1,0,0
9572,28,28,25000,Balanced,2025-11-30,19,Electronics,BigBasket,8839.81,UPI,Desktop,0,0,0,0,1,6,7,0
9573,49,30,75000,Conservative,2025-12-27,14,Travel,Flipkart,9537.73,Debit Card,Mobile,0,0,0,0,1,6,2,0
9574,304,29,15000,Aggressive,2025-11-12,4,Rent,Myntra,19000.13,Credit Card,Mobile,0,0,0,1,0,4,10,1
9575,413,41,15000,Aggressive,2025-07-04,19,Rent,Myntra,18694.22,UPI,Mobile,1,0,1,0,0,4,10,1
9576,229,38,35000,Balanced,2025-05-15,20,Electronics,BigBasket,15875.08,UPI,Tablet,0,0,1,1,0,9,10,1
9577,463,19,25000,Aggressive,2025-12-31,14,Health,Myntra,1294.76,UPI,Mobile,0,0,0,0,0,8,1,0
9578,476,25,50000,Aggressive,2025-12-27,14,Food Delivery,Amazon,347.96,UPI,Mobile,0,0,1,0,1,4,2,1
9579,330,34,35000,Balanced,2025-08-04,23,Travel,Swiggy,5288.52,UPI,Mobile,1,1,1,0,1,10,5,1
9580,358,40,50000,Aggressive,2025-07-27,19,Education,BigBasket,3439.33,UPI,Mobile,0,0,0,0,0,7,1,0
9581,172,36,50000,Balanced,2025-06-21,19,Health,Amazon,1759.69,Credit Card,Mobile,0,0,0,0,0,6,0,0
9582,132,43,35000,Balanced,2025-02-20,1,Electronics,BigBasket,12406.49,Credit Card,Mobile,0,1,0,1,0,8,9,1
9583,180,32,75000,Balanced,2025-03-23,2,Travel,Swiggy,7742.66,Debit Card,Mobile,0,1,1,0,0,8,2,0
9584,110,39,25000,Conservative,2025-08-21,2,Fashion,Croma,2050.2,UPI,Mobile,0,1,1,1,0,9,3,1
9585,184,18,35000,Balanced,2025-10-06,11,Electronics,Myntra,13271.78,UPI,Mobile,0,0,1,0,0,6,9,1
9586,236,37,25000,Conservative,2025-04-25,7,EMI,Swiggy,4967.71,Credit Card,Mobile,0,0,0,1,0,3,5,1
9587,111,39,35000,Conservative,2025-08-20,7,Entertainment,Paytm,833.68,UPI,Mobile,0,0,0,0,1,1,0,0
9588,142,31,15000,Conservative,2025-04-09,8,EMI,BigBasket,9526.84,Debit Card,Mobile,0,0,0,0,0,3,10,0
9589,479,20,25000,Balanced,2025-04-09,0,Investment,Zomato,6061.39,Cash,Mobile,0,1,0,1,0,4,6,1
9590,44,42,15000,Balanced,2025-05-26,11,Entertainment,Croma,945.39,UPI,Mobile,0,0,0,0,0,10,1,0
9591,226,20,35000,Aggressive,2025-10-16,6,Rent,Myntra,9982.72,Credit Card,Mobile,0,0,0,0,1,7,5,0
9592,94,26,100000,Conservative,2025-08-01,13,Utilities,Croma,2321.67,UPI,Tablet,1,0,1,0,1,6,0,0
9593,437,36,50000,Conservative,2025-03-27,1,Investment,Myntra,4079.51,Cash,Desktop,0,1,1,0,0,8,1,0
9594,239,31,15000,Conservative,2025-04-08,23,Groceries,Uber,1417.97,Credit Card,Mobile,0,1,1,0,0,3,3,1
9595,246,30,35000,Balanced,2025-02-14,7,EMI,Paytm,7054.01,Credit Card,Mobile,0,0,0,1,0,1,6,1
9596,135,22,50000,Balanced,2025-06-07,9,Food Delivery,Netflix,523.28,UPI,Mobile,0,0,1,1,0,4,2,1
9597,134,36,35000,Aggressive,2025-06-13,5,Rent,BigBasket,3754.76,UPI,Mobile,0,0,1,0,0,5,2,0
9598,414,22,50000,Conservative,2025-05-21,23,Fashion,Flipkart,1638.23,UPI,Mobile,0,1,1,0,0,9,2,1
9599,459,32,100000,Balanced,2025-08-22,21,Food Delivery,Myntra,510.78,UPI,Mobile,0,0,0,0,0,4,0,0
9600,79,25,35000,Conservative,2025-11-11,15,Groceries,BigBasket,1497.66,Credit Card,Desktop,0,0,0,0,0,3,0,0
9601,343,35,15000,Conservative,2025-04-22,14,Entertainment,Paytm,821.3,Credit Card,Mobile,0,0,0,0,0,5,1,0
9602,371,39,35000,Balanced,2025-08-15,13,Electronics,Flipkart,11268.21,UPI,Mobile,0,0,0,1,0,8,6,0
9603,496,24,25000,Balanced,2025-10-04,9,Groceries,Flipkart,462.14,Credit Card,Mobile,1,0,1,0,0,1,2,1
9604,135,22,50000,Balanced,2025-02-10,7,Fashion,Uber,2231.45,UPI,Desktop,0,0,0,1,1,7,0,0
9605,428,21,35000,Conservative,2025-12-25,12,Travel,Flipkart,6287.79,Debit Card,Desktop,0,0,1,1,1,1,5,1
9606,41,30,35000,Conservative,2025-09-09,6,Groceries,Uber,482.57,BNPL,Mobile,0,0,0,1,0,9,3,0
9607,460,20,35000,Conservative,2025-11-05,16,Investment,Flipkart,2941.93,Cash,Mobile,1,0,1,0,0,9,1,0
9608,248,21,35000,Balanced,2025-04-03,5,Utilities,Groww,1632.04,UPI,Desktop,1,0,0,0,0,6,0,0
9609,162,38,35000,Conservative,2025-05-13,13,Health,Flipkart,310.54,Credit Card,Mobile,0,0,0,1,0,1,0,0
9610,351,43,50000,Conservative,2025-09-11,7,Utilities,BigBasket,1409.37,Credit Card,Mobile,0,0,0,0,0,2,0,0
9611,207,18,50000,Balanced,2025-05-16,7,Travel,Paytm,6090.99,UPI,Mobile,0,0,0,1,0,8,2,0
9612,175,43,50000,Balanced,2025-07-02,14,Investment,Myntra,2141.06,UPI,Mobile,1,0,1,1,0,10,0,0
9613,23,25,50000,Balanced,2025-03-14,12,Utilities,Flipkart,2491.84,Debit Card,Mobile,0,0,1,0,0,2,0,0
9614,153,42,25000,Conservative,2025-08-25,10,Food Delivery,Myntra,479.21,Credit Card,Mobile,0,0,0,0,0,9,0,0
9615,382,44,100000,Balanced,2025-11-30,5,Education,Zomato,2054.81,BNPL,Mobile,0,0,1,1,0,6,3,0
9616,462,36,25000,Conservative,2025-12-28,8,Rent,Flipkart,10518.49,UPI,Desktop,0,0,0,0,0,6,8,0
9617,390,43,35000,Aggressive,2025-02-19,12,Rent,PhonePe,4166.92,Credit Card,Mobile,0,0,0,1,1,5,2,0
9618,65,23,50000,Aggressive,2025-10-19,8,EMI,Paytm,1581.17,UPI,Mobile,0,0,1,0,0,10,0,0
9619,201,18,15000,Conservative,2025-09-04,7,Electronics,Swiggy,16218.3,Cash,Mobile,1,0,0,1,1,1,10,1
9620,189,43,25000,Conservative,2025-09-13,18,Groceries,Croma,679.14,BNPL,Desktop,0,0,0,0,0,7,3,0
9621,259,28,75000,Aggressive,2025-07-27,14,Education,Croma,2945.66,UPI,Desktop,0,0,0,1,0,1,0,0
9622,42,30,15000,Conservative,2025-11-09,10,Education,Zomato,4352.33,UPI,Mobile,0,0,0,0,1,3,5,0
9623,391,31,15000,Balanced,2025-12-15,22,Education,Paytm,1131.6,Credit Card,Desktop,0,1,0,0,0,3,3,1
9624,249,25,35000,Balanced,2025-09-15,16,Groceries,BigBasket,1174.36,UPI,Mobile,0,0,1,0,0,1,0,0
9625,380,29,100000,Conservative,2025-07-16,0,Utilities,Swiggy,1879.7,BNPL,Mobile,0,1,1,1,0,4,5,1
9626,240,20,75000,Balanced,2025-05-13,3,Rent,Paytm,12487.39,UPI,Mobile,0,0,0,0,1,9,3,0
9627,4,38,35000,Balanced,2025-04-26,11,Electronics,Netflix,9286.11,Credit Card,Desktop,0,0,1,0,0,5,7,1
9628,188,43,25000,Balanced,2025-04-18,1,Entertainment,BigBasket,609.44,Cash,Mobile,0,1,0,1,0,6,0,0
9629,218,40,35000,Balanced,2025-05-23,8,Entertainment,BigBasket,741.66,Credit Card,Mobile,0,0,1,1,0,4,2,1
9630,470,37,25000,Conservative,2025-08-11,7,Fashion,Uber,100.0,UPI,Desktop,0,0,0,1,1,2,2,1
9631,72,43,100000,Balanced,2025-03-27,7,Entertainment,Uber,694.86,BNPL,Mobile,0,0,0,1,1,8,5,1
9632,464,34,15000,Aggressive,2025-08-13,13,Electronics,PhonePe,6565.97,UPI,Mobile,0,0,1,1,0,4,10,1
9633,304,29,15000,Aggressive,2025-02-20,2,Fashion,Groww,3145.8,UPI,Desktop,0,1,0,0,0,2,6,1
9634,85,20,50000,Balanced,2025-01-25,21,Investment,Zomato,723.61,UPI,Desktop,0,0,0,0,0,10,0,0
9635,359,38,50000,Balanced,2025-03-13,14,Groceries,Netflix,213.62,Credit Card,Desktop,0,0,0,1,1,6,0,0
9636,79,25,35000,Conservative,2025-06-02,13,Fashion,Amazon,1882.33,UPI,Mobile,1,0,0,0,1,2,1,0
9637,16,32,50000,Balanced,2025-11-20,19,Entertainment,PhonePe,1512.04,UPI,Mobile,0,0,0,0,1,10,0,0
9638,63,23,25000,Aggressive,2025-02-04,2,Travel,Uber,4552.93,Credit Card,Desktop,1,1,1,0,0,7,5,1
9639,481,37,35000,Conservative,2025-08-05,17,Food Delivery,Uber,646.3,Debit Card,Mobile,1,0,0,1,0,3,0,0
9640,217,42,35000,Balanced,2025-03-01,6,Entertainment,Swiggy,1121.02,UPI,Mobile,1,0,0,0,0,7,0,0
9641,145,36,25000,Conservative,2025-12-01,4,Electronics,Croma,18522.52,UPI,Mobile,1,0,0,0,1,4,10,1
9642,72,43,100000,Balanced,2025-10-11,5,Rent,Flipkart,5605.83,Debit Card,Mobile,0,0,0,1,1,1,1,0
9643,245,43,35000,Conservative,2025-04-17,12,Health,PhonePe,2893.09,Credit Card,Mobile,0,0,0,1,0,6,1,0
9644,275,26,25000,Conservative,2025-04-16,17,Electronics,Netflix,13904.26,BNPL,Mobile,0,0,0,1,0,1,10,1
9645,383,42,35000,Conservative,2025-04-20,11,Fashion,Amazon,3306.85,UPI,Mobile,0,0,0,1,1,4,3,1
9646,451,41,50000,Conservative,2025-05-02,2,Food Delivery,PhonePe,519.35,Credit Card,Mobile,1,1,0,0,0,7,2,1
9647,368,21,50000,Conservative,2025-09-07,3,Fashion,Flipkart,2285.82,Credit Card,Desktop,0,0,1,1,0,6,2,1
9648,219,21,35000,Aggressive,2025-10-09,21,Food Delivery,Paytm,288.43,UPI,Desktop,0,0,1,0,1,10,0,0
9649,320,41,25000,Balanced,2025-10-14,11,Groceries,Paytm,1974.0,UPI,Mobile,0,0,1,0,0,10,1,0
9650,122,43,25000,Conservative,2025-12-31,2,Investment,Uber,4734.37,UPI,Mobile,0,1,0,0,0,9,3,0
9651,315,37,35000,Aggressive,2025-01-07,0,Electronics,Myntra,7103.85,Credit Card,Mobile,0,1,0,1,0,3,6,1
9652,495,43,25000,Conservative,2025-02-16,11,Rent,Croma,2112.64,Debit Card,Desktop,0,0,1,1,1,5,1,0
9653,470,37,25000,Conservative,2025-06-18,21,Rent,Zomato,15008.75,Debit Card,Desktop,0,0,1,0,1,9,10,0
9654,233,32,35000,Conservative,2025-09-10,3,Fashion,Amazon,914.83,Credit Card,Desktop,0,0,0,0,0,4,2,1
9655,164,28,50000,Aggressive,2025-11-26,0,Food Delivery,Netflix,440.38,Credit Card,Tablet,0,1,1,1,0,5,2,1
9656,294,32,50000,Conservative,2025-09-19,16,Investment,Amazon,4819.84,Credit Card,Mobile,0,0,0,1,0,6,1,0
9657,231,31,25000,Conservative,2025-03-09,4,Electronics,Amazon,9395.08,UPI,Mobile,0,0,0,0,0,10,7,0
9658,225,25,50000,Balanced,2025-10-20,6,EMI,Netflix,3853.48,Debit Card,Mobile,0,0,0,1,1,5,1,0
9659,187,29,15000,Conservative,2025-04-07,1,Travel,Paytm,7430.47,Credit Card,Mobile,0,1,0,0,0,10,10,1
9660,164,28,50000,Aggressive,2025-05-29,14,Food Delivery,Groww,200.08,UPI,Mobile,0,0,0,1,0,5,0,0
9661,70,42,15000,Aggressive,2025-04-14,22,Fashion,Myntra,2619.6,UPI,Mobile,0,1,0,1,1,5,5,1
9662,477,37,15000,Balanced,2025-06-25,3,Education,PhonePe,3652.4,BNPL,Desktop,0,0,0,0,0,6,7,0
9663,271,22,15000,Conservative,2025-08-12,3,Investment,Flipkart,5690.03,UPI,Mobile,0,0,1,0,0,7,7,0
9664,118,27,25000,Balanced,2025-09-12,22,Fashion,Uber,3059.28,UPI,Mobile,0,1,0,0,0,8,2,0
9665,105,42,35000,Conservative,2025-11-10,7,Food Delivery,Zomato,251.11,Credit Card,Mobile,0,0,0,1,0,8,0,0
9666,276,18,50000,Balanced,2025-10-24,4,Education,Flipkart,2001.82,BNPL,Mobile,0,0,0,0,0,4,3,0
9667,220,34,25000,Balanced,2025-07-19,6,Education,Zomato,3283.95,Credit Card,Desktop,0,0,0,0,0,7,2,0
9668,133,19,25000,Conservative,2025-08-19,13,Education,Zomato,4952.61,Debit Card,Mobile,0,0,0,0,0,3,3,0
9669,484,28,100000,Conservative,2025-12-23,5,Utilities,Croma,1254.0,UPI,Mobile,0,0,1,0,1,4,0,0
9670,306,27,50000,Conservative,2025-07-08,19,Food Delivery,Paytm,587.31,Credit Card,Mobile,0,0,1,0,0,10,2,1
9671,266,23,35000,Conservative,2025-11-08,21,Food Delivery,Croma,290.11,UPI,Mobile,0,0,0,1,1,2,2,1
9672,112,37,15000,Conservative,2025-04-27,21,Electronics,Paytm,22760.83,Debit Card,Mobile,0,0,0,0,0,4,10,1
9673,64,33,50000,Conservative,2025-06-05,13,Food Delivery,Amazon,172.19,Credit Card,Desktop,1,0,0,0,1,7,0,0
9674,178,41,35000,Balanced,2025-01-08,21,Food Delivery,Myntra,334.43,UPI,Mobile,0,0,1,1,0,3,2,1
9675,243,42,50000,Conservative,2025-07-24,7,Entertainment,PhonePe,965.23,UPI,Mobile,0,0,0,0,0,6,0,0
9676,165,26,50000,Balanced,2025-04-14,2,Electronics,PhonePe,20078.56,UPI,Mobile,0,1,0,0,0,4,10,1
9677,151,41,75000,Balanced,2025-07-25,9,Rent,Zomato,9466.11,Cash,Desktop,0,0,0,1,1,3,2,0
9678,68,26,50000,Conservative,2025-03-06,21,Fashion,Groww,4518.0,UPI,Mobile,0,0,1,1,1,9,3,1
9679,156,21,15000,Aggressive,2025-03-22,6,Fashion,Croma,1953.84,UPI,Mobile,0,0,0,0,0,4,2,0
9680,106,24,35000,Balanced,2025-12-14,1,Utilities,Paytm,1174.1,UPI,Mobile,0,1,0,0,0,7,0,0
9681,52,32,25000,Conservative,2025-10-01,1,Education,PhonePe,3833.05,Credit Card,Desktop,1,1,0,0,0,4,5,1
9682,119,36,35000,Conservative,2025-09-30,1,Investment,PhonePe,5161.13,Debit Card,Tablet,0,1,0,0,0,3,2,0
9683,166,23,15000,Balanced,2025-11-10,23,Groceries,BigBasket,1451.58,Cash,Mobile,0,1,1,0,0,3,3,1
9684,299,37,25000,Aggressive,2025-12-29,10,Rent,Paytm,17314.72,Debit Card,Mobile,0,0,0,0,0,1,10,0
9685,290,42,25000,Conservative,2025-07-25,22,Health,BigBasket,2142.54,Credit Card,Mobile,0,1,0,0,0,6,1,0
9686,135,22,50000,Balanced,2025-12-01,6,Food Delivery,Uber,546.69,UPI,Mobile,1,0,1,1,1,1,2,1
9687,28,28,25000,Balanced,2025-09-08,2,Fashion,PhonePe,2007.98,Credit Card,Tablet,0,1,0,1,0,10,3,1
9688,211,44,35000,Conservative,2025-11-22,17,Fashion,Uber,1078.73,Credit Card,Mobile,0,0,0,1,1,2,2,1
9689,295,41,35000,Balanced,2025-06-19,18,Travel,Zomato,10742.65,UPI,Desktop,0,0,0,1,0,4,6,0
9690,325,30,25000,Balanced,2025-07-05,6,Investment,Zomato,5412.94,UPI,Mobile,1,0,0,0,0,6,4,0
9691,468,34,100000,Conservative,2025-06-13,13,Investment,Flipkart,9674.3,Credit Card,Mobile,0,0,0,0,0,10,1,0
9692,476,25,50000,Aggressive,2025-05-03,2,Electronics,PhonePe,8320.8,Credit Card,Mobile,1,1,0,0,0,9,5,1
9693,148,42,35000,Balanced,2025-03-14,6,Investment,BigBasket,6499.02,Debit Card,Mobile,0,0,0,0,0,1,3,0
9694,217,42,35000,Balanced,2025-10-04,13,EMI,Amazon,8157.5,Credit Card,Mobile,1,0,0,0,0,8,4,0
9695,75,40,25000,Conservative,2025-09-08,17,Groceries,Myntra,1519.19,UPI,Mobile,0,0,0,0,0,5,1,0
9696,295,41,35000,Balanced,2025-07-19,0,Utilities,Amazon,1940.27,Credit Card,Desktop,0,1,0,0,0,1,3,1
9697,198,32,25000,Balanced,2025-10-14,20,Investment,BigBasket,3969.8,UPI,Mobile,0,0,0,0,0,5,3,0
9698,202,34,35000,Balanced,2025-07-14,21,Utilities,Zomato,1954.88,UPI,Mobile,0,0,1,1,1,8,1,0
9699,263,23,100000,Balanced,2025-06-02,18,Fashion,Uber,2768.02,UPI,Mobile,1,0,1,0,0,2,2,1
9700,70,42,15000,Aggressive,2025-12-05,5,Entertainment,Amazon,1448.1,UPI,Desktop,1,0,0,1,1,3,3,1
9701,492,27,50000,Aggressive,2025-01-01,18,EMI,Croma,6462.17,Debit Card,Mobile,1,0,1,0,1,4,2,0
9702,123,39,50000,Balanced,2025-07-08,2,Groceries,Swiggy,1531.7,UPI,Mobile,0,1,1,1,0,2,2,1
9703,270,25,50000,Conservative,2025-01-09,3,Health,Netflix,2757.18,Debit Card,Desktop,0,0,0,0,0,2,1,0
9704,412,32,35000,Conservative,2025-12-22,0,Utilities,Groww,1270.7,BNPL,Desktop,0,1,0,0,0,9,3,0
9705,128,22,15000,Conservative,2025-03-11,9,Entertainment,BigBasket,539.4,UPI,Mobile,0,0,0,0,0,5,0,0
9706,268,23,25000,Conservative,2025-05-06,18,Rent,PhonePe,11975.93,UPI,Desktop,0,0,0,0,0,2,9,0
9707,477,37,15000,Balanced,2025-11-30,5,Entertainment,Swiggy,921.65,Debit Card,Mobile,0,0,1,0,0,1,3,1
9708,68,26,50000,Conservative,2025-11-25,16,Electronics,Paytm,19738.22,Debit Card,Mobile,0,0,1,0,1,10,9,1
9709,493,18,35000,Conservative,2025-09-18,3,Education,Swiggy,4106.17,Credit Card,Mobile,0,0,1,1,0,5,2,0
9710,212,32,35000,Balanced,2025-03-28,9,Groceries,PhonePe,913.16,UPI,Desktop,0,0,0,0,0,3,0,0
9711,53,41,50000,Conservative,2025-04-16,16,Food Delivery,Swiggy,260.29,Credit Card,Mobile,0,0,0,1,0,8,0,0
9712,464,34,15000,Aggressive,2025-08-02,20,Rent,Paytm,11457.58,UPI,Mobile,1,0,0,0,0,2,10,0
9713,289,24,35000,Aggressive,2025-10-01,15,Education,Groww,2958.64,UPI,Mobile,1,0,0,1,0,6,1,0
9714,462,36,25000,Conservative,2025-10-17,10,Electronics,Zomato,6403.35,Credit Card,Mobile,0,0,0,0,0,4,7,1
9715,342,38,35000,Conservative,2025-12-29,14,Rent,Croma,8797.86,Credit Card,Mobile,0,0,0,1,0,6,5,0
9716,424,34,25000,Conservative,2025-05-21,8,Electronics,Groww,17175.27,UPI,Mobile,0,0,0,0,0,8,10,0
9717,129,37,25000,Conservative,2025-06-30,12,Travel,Groww,8217.83,UPI,Mobile,0,0,0,1,1,3,8,1
9718,421,34,100000,Aggressive,2025-06-09,23,Groceries,Paytm,1006.05,Credit Card,Mobile,0,1,1,1,0,8,2,1
9719,340,31,35000,Aggressive,2025-10-18,19,Investment,Zomato,1191.7,Debit Card,Mobile,0,0,0,0,1,2,0,0
9720,32,33,25000,Balanced,2025-05-16,15,EMI,Myntra,5911.96,Debit Card,Mobile,0,0,1,1,1,9,6,1
9721,231,31,25000,Conservative,2025-10-13,15,Health,Swiggy,1383.6,Credit Card,Mobile,0,0,0,0,0,1,1,0
9722,28,28,25000,Balanced,2025-01-10,16,EMI,Netflix,6994.92,Credit Card,Mobile,0,0,0,0,0,9,5,0
9723,137,44,50000,Balanced,2025-02-09,2,Travel,Amazon,8838.76,Debit Card,Mobile,0,1,0,1,0,4,5,1
9724,212,32,35000,Balanced,2025-03-12,12,Electronics,Zomato,13189.56,UPI,Desktop,0,0,1,0,0,5,9,1
9725,18,21,25000,Balanced,2025-02-08,8,Education,Amazon,1272.88,Debit Card,Desktop,0,0,0,0,0,10,1,0
9726,308,25,50000,Aggressive,2025-01-22,1,Food Delivery,PhonePe,655.03,BNPL,Mobile,0,1,1,1,0,10,5,1
9727,486,31,100000,Balanced,2025-12-09,14,Health,Zomato,726.03,UPI,Mobile,0,0,0,1,1,7,0,0
9728,217,42,35000,Balanced,2025-06-12,19,Electronics,Uber,14502.64,UPI,Mobile,0,0,0,0,0,4,10,1
9729,110,39,25000,Conservative,2025-12-18,14,Fashion,Swiggy,2900.06,UPI,Mobile,0,0,0,0,1,1,2,0
9730,27,18,25000,Conservative,2025-09-27,19,Entertainment,Zomato,1304.13,UPI,Desktop,0,0,0,1,0,2,1,0
9731,112,37,15000,Conservative,2025-08-20,16,Entertainment,Myntra,538.11,Cash,Mobile,0,0,1,1,1,9,2,1
9732,76,33,50000,Aggressive,2025-06-23,21,Electronics,Myntra,6557.82,BNPL,Desktop,0,0,1,0,1,6,7,1
9733,277,25,50000,Balanced,2025-07-18,21,Fashion,Netflix,1905.84,UPI,Desktop,0,0,0,0,0,9,0,0
9734,100,35,35000,Aggressive,2025-06-11,17,Groceries,Zomato,1774.33,BNPL,Mobile,0,0,1,0,0,1,6,1
9735,362,39,15000,Aggressive,2025-07-24,4,Electronics,Amazon,12127.35,BNPL,Mobile,0,0,0,1,0,6,10,1
9736,343,35,15000,Conservative,2025-12-11,2,Travel,Paytm,12414.54,Credit Card,Desktop,0,1,0,0,0,1,10,1
9737,344,40,50000,Conservative,2025-10-12,22,Investment,PhonePe,4356.35,Debit Card,Desktop,0,1,0,0,0,4,1,0
9738,273,34,75000,Balanced,2025-06-09,9,EMI,Amazon,5508.92,UPI,Desktop,0,0,1,0,0,8,1,0
9739,419,38,50000,Conservative,2025-08-25,6,Rent,BigBasket,12955.65,BNPL,Mobile,0,0,0,0,1,4,10,1
9740,280,42,75000,Conservative,2025-04-01,21,Travel,Amazon,8035.5,Credit Card,Tablet,1,0,1,0,0,5,2,0
9741,254,23,25000,Conservative,2025-10-01,13,Education,Netflix,4291.72,Credit Card,Desktop,1,0,1,1,0,5,5,1
9742,4,38,35000,Balanced,2025-05-07,9,Food Delivery,Netflix,451.16,Credit Card,Mobile,0,0,0,0,0,5,0,0
9743,436,34,15000,Aggressive,2025-05-12,0,Education,Amazon,3707.52,Debit Card,Mobile,0,1,0,0,0,5,4,0
9744,500,24,35000,Conservative,2025-03-21,16,Electronics,Croma,13561.55,UPI,Mobile,0,0,0,0,1,5,7,0
9745,479,20,25000,Balanced,2025-07-13,17,Utilities,Swiggy,1958.77,Credit Card,Desktop,0,0,0,1,0,9,1,0
9746,119,36,35000,Conservative,2025-10-10,22,Travel,Amazon,10068.52,UPI,Mobile,0,1,0,0,0,4,7,1
9747,202,34,35000,Balanced,2025-06-20,14,Entertainment,Flipkart,335.84,Debit Card,Mobile,0,0,1,1,1,4,2,1
9748,80,42,50000,Conservative,2025-01-21,21,Entertainment,Amazon,1097.66,Credit Card,Mobile,0,0,0,0,0,2,2,1
9749,128,22,15000,Conservative,2025-11-18,8,Fashion,Paytm,1619.09,UPI,Mobile,0,0,1,0,0,6,2,0
9750,345,36,35000,Balanced,2025-02-28,23,Fashion,Zomato,3071.74,BNPL,Mobile,0,1,0,0,0,10,6,1
9751,115,24,15000,Conservative,2025-05-04,16,Food Delivery,Flipkart,493.15,Debit Card,Mobile,1,0,0,0,0,7,0,0
9752,52,32,25000,Conservative,2025-07-06,2,Entertainment,Uber,708.6,UPI,Mobile,0,1,0,0,0,5,0,0
9753,472,23,25000,Conservative,2025-04-13,20,Groceries,Netflix,1000.58,Credit Card,Mobile,0,0,0,0,0,5,0,0
9754,32,33,25000,Balanced,2025-07-28,8,Health,Uber,2269.4,UPI,Tablet,0,0,0,0,0,3,1,0
9755,462,36,25000,Conservative,2025-11-03,11,Investment,Netflix,5174.03,UPI,Mobile,1,0,0,1,1,7,4,0
9756,337,25,15000,Balanced,2025-03-08,17,Entertainment,Flipkart,1080.75,Cash,Mobile,0,0,0,1,0,6,1,0
9757,346,19,75000,Balanced,2025-07-21,1,Electronics,PhonePe,13213.12,UPI,Mobile,0,1,0,1,0,1,5,1
9758,261,42,50000,Balanced,2025-05-31,18,EMI,Zomato,4264.23,UPI,Desktop,0,0,0,0,0,8,1,0
9759,242,23,35000,Conservative,2025-02-09,17,Education,Zomato,2340.08,UPI,Mobile,0,0,0,0,0,8,1,0
9760,63,23,25000,Aggressive,2025-08-04,20,Travel,Amazon,6337.81,UPI,Mobile,1,0,1,0,0,9,5,0
9761,345,36,35000,Balanced,2025-09-30,19,Rent,BigBasket,15375.96,BNPL,Mobile,0,0,1,1,0,3,10,1
9762,230,29,25000,Conservative,2025-09-12,11,Travel,Flipkart,9342.17,Credit Card,Mobile,0,0,1,0,0,3,9,1
9763,430,26,15000,Aggressive,2025-10-07,12,EMI,Myntra,5749.43,UPI,Mobile,0,0,0,0,0,4,7,0
9764,159,38,15000,Balanced,2025-02-04,2,Electronics,Zomato,7929.05,BNPL,Tablet,1,1,1,0,0,1,10,1
9765,57,19,35000,Conservative,2025-12-20,18,Entertainment,Groww,1389.64,UPI,Mobile,0,0,0,1,1,10,0,0
9766,351,43,50000,Conservative,2025-12-28,0,Entertainment,Groww,758.86,UPI,Desktop,0,1,1,1,0,9,2,1
9767,64,33,50000,Conservative,2025-10-27,13,Education,Swiggy,4433.98,Credit Card,Mobile,0,0,0,0,0,4,1,0
9768,66,44,25000,Balanced,2025-12-15,18,Food Delivery,Netflix,470.91,UPI,Mobile,0,0,0,0,0,2,0,0
9769,54,34,25000,Conservative,2025-03-26,4,Electronics,BigBasket,13347.08,Debit Card,Mobile,0,0,0,1,0,9,10,0
9770,435,33,50000,Conservative,2025-09-19,20,Rent,Amazon,15339.61,Credit Card,Mobile,0,0,0,0,1,4,8,1
9771,260,34,35000,Balanced,2025-12-19,16,Education,Swiggy,3004.88,Debit Card,Mobile,0,0,0,0,0,7,1,0
9772,295,41,35000,Balanced,2025-01-08,17,Groceries,BigBasket,1325.61,UPI,Mobile,0,0,0,0,0,8,0,0
9773,310,31,25000,Aggressive,2025-07-16,19,Education,Groww,4194.43,Credit Card,Mobile,0,0,0,0,1,9,3,0
9774,83,21,25000,Conservative,2025-11-20,3,Food Delivery,Amazon,425.23,BNPL,Mobile,0,0,0,0,0,3,5,1
9775,428,21,35000,Conservative,2025-03-27,12,Travel,Netflix,10635.12,UPI,Desktop,0,0,1,0,0,4,8,1
9776,400,39,25000,Balanced,2025-06-29,14,Utilities,Zomato,2091.32,UPI,Desktop,0,0,1,0,0,2,1,0
9777,13,38,35000,Conservative,2025-12-18,21,Utilities,Swiggy,2630.05,BNPL,Desktop,0,0,1,0,0,7,4,0
9778,400,39,25000,Balanced,2025-02-08,5,Education,Swiggy,3229.56,Debit Card,Desktop,0,0,0,1,0,7,2,0
9779,125,22,35000,Balanced,2025-05-03,19,Rent,Myntra,15146.36,UPI,Mobile,1,0,0,0,1,6,8,0
9780,398,43,50000,Conservative,2025-07-23,8,Education,Croma,1850.92,Cash,Desktop,0,0,0,1,0,5,0,0
9781,75,40,25000,Conservative,2025-03-21,16,Education,Netflix,5355.46,Credit Card,Mobile,0,0,0,1,1,2,6,1
9782,270,25,50000,Conservative,2025-01-05,19,Rent,Amazon,21159.76,Credit Card,Mobile,1,0,0,0,0,7,8,0
9783,500,24,35000,Conservative,2025-06-08,23,Groceries,BigBasket,2326.68,UPI,Mobile,0,1,1,0,0,5,1,0
9784,220,34,25000,Balanced,2025-11-26,15,Rent,Swiggy,4995.32,UPI,Mobile,0,0,0,0,0,6,3,0
9785,326,41,75000,Conservative,2025-08-25,8,Fashion,Flipkart,1516.1,UPI,Mobile,0,0,0,0,1,1,0,0
9786,201,18,15000,Conservative,2025-09-21,20,Health,Swiggy,2372.15,Debit Card,Mobile,0,0,1,1,0,1,5,1
9787,112,37,15000,Conservative,2025-06-16,15,Rent,Amazon,14448.12,UPI,Mobile,0,0,0,0,0,7,10,0
9788,82,33,100000,Conservative,2025-05-07,1,Food Delivery,PhonePe,408.42,Credit Card,Mobile,0,1,0,1,0,1,2,1
9789,72,43,100000,Balanced,2025-08-24,10,Electronics,BigBasket,26968.29,UPI,Mobile,0,0,0,0,0,9,5,0
9790,353,40,50000,Balanced,2025-01-05,20,EMI,Croma,12410.23,BNPL,Mobile,1,0,0,0,0,6,7,0
9791,6,23,15000,Aggressive,2025-05-23,11,Groceries,PhonePe,1327.88,UPI,Mobile,0,0,0,0,1,5,1,0
9792,236,37,25000,Conservative,2025-02-03,3,Groceries,Flipkart,623.26,UPI,Tablet,1,0,0,0,0,10,0,0
9793,205,38,35000,Conservative,2025-06-11,20,Utilities,Swiggy,2707.18,BNPL,Mobile,0,0,0,1,0,7,4,0
9794,431,27,50000,Balanced,2025-08-10,8,Rent,Groww,14292.49,Cash,Desktop,0,0,0,0,0,1,5,0
9795,279,44,35000,Aggressive,2025-11-02,6,Fashion,Flipkart,2510.69,Debit Card,Mobile,1,0,0,0,0,10,1,0
9796,167,27,25000,Aggressive,2025-01-02,0,Groceries,Myntra,797.58,UPI,Tablet,1,1,1,0,0,4,2,1
9797,131,18,35000,Balanced,2025-04-02,23,Education,Netflix,3638.45,UPI,Mobile,1,1,0,0,1,7,2,0
9798,345,36,35000,Balanced,2025-04-24,23,Investment,Croma,3877.48,Debit Card,Mobile,0,1,0,0,1,1,2,0
9799,132,43,35000,Balanced,2025-10-08,12,Electronics,BigBasket,12797.28,BNPL,Mobile,0,0,1,0,1,5,10,1
9800,428,21,35000,Conservative,2025-12-14,22,Fashion,Myntra,574.8,Credit Card,Mobile,0,1,1,1,0,5,2,1
9801,220,34,25000,Balanced,2025-11-20,9,Fashion,Netflix,2966.48,UPI,Desktop,0,0,1,0,0,8,2,0
9802,419,38,50000,Conservative,2025-01-21,13,Education,Croma,1985.32,UPI,Mobile,0,0,0,0,0,2,0,0
9803,196,35,35000,Conservative,2025-04-30,3,Groceries,Flipkart,1514.85,UPI,Mobile,0,0,1,0,0,9,0,0
9804,184,18,35000,Balanced,2025-02-21,6,Groceries,Groww,992.41,BNPL,Desktop,0,0,1,1,0,3,5,1
9805,455,21,15000,Conservative,2025-09-27,21,Entertainment,Groww,898.45,UPI,Mobile,0,0,1,1,0,1,3,1
9806,45,29,25000,Aggressive,2025-04-30,6,Rent,Myntra,17145.49,UPI,Desktop,0,0,0,0,0,6,10,0
9807,221,19,35000,Conservative,2025-09-12,10,Fashion,Flipkart,1683.89,UPI,Mobile,0,0,1,0,0,4,2,1
9808,21,21,35000,Aggressive,2025-02-22,18,Groceries,PhonePe,357.4,UPI,Mobile,0,0,0,0,1,5,0,0
9809,53,41,50000,Conservative,2025-08-08,16,Electronics,Croma,7809.73,UPI,Mobile,0,0,0,0,0,5,3,0
9810,3,36,15000,Balanced,2025-04-13,6,Electronics,Groww,7756.45,UPI,Mobile,0,0,0,0,0,4,10,1
9811,281,25,35000,Balanced,2025-11-24,18,Fashion,Flipkart,2461.29,BNPL,Mobile,0,0,1,1,0,2,6,1
9812,256,41,75000,Conservative,2025-09-08,13,Health,Flipkart,1615.43,Credit Card,Mobile,0,0,0,0,1,5,0,0
9813,108,31,75000,Conservative,2025-01-18,7,Utilities,PhonePe,2281.47,UPI,Mobile,0,0,0,1,0,2,0,0
9814,193,30,75000,Aggressive,2025-07-29,9,Travel,Zomato,11469.05,Credit Card,Mobile,0,0,0,0,1,3,5,1
9815,413,41,15000,Aggressive,2025-10-03,13,Groceries,Myntra,1376.22,UPI,Mobile,1,0,1,0,0,1,1,0
9816,252,44,100000,Balanced,2025-08-18,23,Investment,Swiggy,2459.83,Debit Card,Mobile,0,1,0,1,1,2,2,1
9817,247,20,35000,Balanced,2025-10-09,21,Rent,Groww,15922.36,Credit Card,Mobile,0,0,0,0,0,6,9,0
9818,231,31,25000,Conservative,2025-01-28,7,Rent,PhonePe,12190.68,Debit Card,Mobile,0,0,0,0,0,1,9,0
9819,367,39,50000,Conservative,2025-01-07,20,Rent,Zomato,14274.48,Credit Card,Mobile,0,0,1,0,0,5,7,1
9820,233,32,35000,Conservative,2025-01-25,10,Rent,Uber,11875.12,UPI,Mobile,0,0,1,0,0,7,6,0
9821,478,29,15000,Aggressive,2025-05-17,6,Travel,BigBasket,3900.23,UPI,Mobile,0,0,0,1,1,4,7,1
9822,442,42,75000,Conservative,2025-01-17,18,Groceries,Swiggy,1485.59,BNPL,Desktop,0,0,0,0,0,8,3,0
9823,419,38,50000,Conservative,2025-01-26,20,Groceries,Amazon,1762.0,Credit Card,Desktop,0,0,0,0,0,8,0,0
9824,52,32,25000,Conservative,2025-07-08,7,Food Delivery,Zomato,308.5,UPI,Mobile,0,0,0,0,1,7,0,0
9825,408,24,35000,Balanced,2025-08-31,17,Health,BigBasket,2000.66,BNPL,Desktop,0,0,0,0,0,9,4,0
9826,198,32,25000,Balanced,2025-12-03,2,Utilities,Swiggy,2864.29,Credit Card,Mobile,1,1,0,0,1,2,4,1
9827,435,33,50000,Conservative,2025-03-19,4,Food Delivery,Swiggy,316.58,UPI,Mobile,0,0,1,0,0,2,2,1
9828,210,29,50000,Aggressive,2025-01-26,20,Health,Myntra,483.34,UPI,Mobile,0,0,0,0,0,6,0,0
9829,108,31,75000,Conservative,2025-05-06,3,Education,Swiggy,3323.81,Credit Card,Mobile,0,0,0,0,0,2,0,0
9830,392,36,75000,Aggressive,2025-02-25,8,Food Delivery,Croma,384.08,UPI,Desktop,0,0,1,0,0,2,2,1
9831,4,38,35000,Balanced,2025-05-30,12,Utilities,Zomato,2058.62,UPI,Mobile,0,0,0,0,1,5,1,0
9832,50,25,35000,Balanced,2025-09-12,14,Electronics,Netflix,14435.67,BNPL,Mobile,0,0,1,0,0,6,10,1
9833,112,37,15000,Conservative,2025-10-03,17,Health,BigBasket,1717.64,Credit Card,Mobile,1,0,1,0,0,7,2,0
9834,421,34,100000,Aggressive,2025-09-19,10,Investment,Swiggy,4987.99,UPI,Mobile,0,0,0,0,0,4,0,0
9835,372,39,15000,Balanced,2025-02-28,11,Investment,Netflix,5487.94,Cash,Mobile,0,0,0,0,1,7,7,0
9836,289,24,35000,Aggressive,2025-03-29,7,Fashion,Paytm,2451.48,Credit Card,Desktop,0,0,0,1,0,1,3,1
9837,468,34,100000,Conservative,2025-04-14,19,Entertainment,BigBasket,840.27,Cash,Desktop,0,0,0,0,0,7,0,0
9838,49,30,75000,Conservative,2025-10-18,20,Groceries,Croma,1274.35,Cash,Mobile,0,0,1,0,1,10,0,0
9839,461,28,50000,Conservative,2025-05-29,8,Health,BigBasket,426.29,UPI,Mobile,0,0,0,0,1,7,0,0
9840,21,21,35000,Aggressive,2025-01-24,10,Entertainment,Croma,474.14,UPI,Mobile,0,0,1,1,0,4,2,1
9841,305,22,75000,Balanced,2025-04-30,17,Travel,Flipkart,3801.61,Credit Card,Mobile,0,0,1,0,1,5,1,0
9842,198,32,25000,Balanced,2025-09-25,21,Rent,Croma,11319.8,UPI,Mobile,0,0,0,1,0,1,9,0
9843,320,41,25000,Balanced,2025-05-31,12,EMI,Netflix,8822.42,UPI,Desktop,0,0,0,0,0,1,7,0
9844,129,37,25000,Conservative,2025-08-11,5,Food Delivery,Netflix,474.89,UPI,Mobile,0,0,1,0,0,1,2,1
9845,335,24,50000,Conservative,2025-12-31,6,Utilities,BigBasket,2064.92,UPI,Mobile,0,0,1,0,0,10,0,0
9846,219,21,35000,Aggressive,2025-01-08,17,Health,Groww,1710.46,UPI,Mobile,0,0,0,0,0,9,0,0
9847,273,34,75000,Balanced,2025-08-18,19,Fashion,PhonePe,274.9,UPI,Desktop,0,0,1,0,0,10,0,0
9848,415,23,100000,Aggressive,2025-08-15,21,Food Delivery,PhonePe,540.25,Credit Card,Mobile,0,0,0,1,1,3,2,1
9849,131,18,35000,Balanced,2025-06-03,22,Health,Myntra,1278.84,UPI,Mobile,1,1,0,0,0,10,0,0
9850,164,28,50000,Aggressive,2025-09-06,5,Food Delivery,Myntra,527.76,BNPL,Mobile,0,0,1,1,0,9,5,1
9851,94,26,100000,Conservative,2025-01-22,23,EMI,Croma,7696.41,Cash,Mobile,0,1,0,0,0,10,1,0
9852,156,21,15000,Aggressive,2025-11-10,23,Utilities,Groww,2284.38,UPI,Mobile,0,1,0,0,0,8,3,0
9853,226,20,35000,Aggressive,2025-10-03,11,Fashion,Amazon,1615.76,Debit Card,Mobile,1,0,0,0,0,8,0,0
9854,197,41,25000,Aggressive,2025-04-24,0,Groceries,Croma,1019.71,Cash,Mobile,0,1,0,0,0,9,0,0
9855,404,20,15000,Conservative,2025-03-28,4,Utilities,Croma,2152.99,BNPL,Mobile,0,0,0,0,0,2,5,0
9856,407,42,50000,Balanced,2025-06-08,18,Fashion,Paytm,2891.11,UPI,Mobile,0,0,1,0,1,2,3,1
9857,341,33,25000,Balanced,2025-01-04,13,Rent,Myntra,18185.07,UPI,Mobile,1,0,1,1,0,4,10,1
9858,351,43,50000,Conservative,2025-10-05,10,Entertainment,Groww,607.65,BNPL,Desktop,1,0,1,0,0,1,5,1
9859,339,25,15000,Conservative,2025-02-18,1,Utilities,Groww,2365.33,UPI,Mobile,0,1,1,1,0,2,5,1
9860,7,18,25000,Balanced,2025-09-17,4,Utilities,Croma,1711.63,Credit Card,Mobile,0,0,0,0,0,6,1,0
9861,330,34,35000,Balanced,2025-01-22,11,Education,Groww,2550.28,UPI,Mobile,0,0,1,0,0,6,1,0
9862,97,40,25000,Balanced,2025-08-05,22,Utilities,Groww,1282.91,Cash,Mobile,1,1,0,0,1,2,1,0
9863,258,41,15000,Conservative,2025-05-23,20,Fashion,Swiggy,1767.66,UPI,Mobile,0,0,0,0,0,1,2,0
9864,24,32,50000,Conservative,2025-09-10,8,Entertainment,Amazon,759.35,Credit Card,Mobile,0,0,0,1,0,9,0,0
9865,280,42,75000,Conservative,2025-04-10,13,Fashion,Uber,1720.12,UPI,Mobile,0,0,0,0,0,5,0,0
9866,242,23,35000,Conservative,2025-05-05,1,Fashion,Paytm,1527.44,UPI,Mobile,1,1,0,0,1,10,0,0
9867,188,43,25000,Balanced,2025-01-30,11,Fashion,Swiggy,2920.46,UPI,Mobile,0,0,0,0,0,4,2,0
9868,61,28,25000,Conservative,2025-07-13,14,Fashion,BigBasket,3602.01,Credit Card,Mobile,0,0,0,1,1,5,4,1
9869,113,28,15000,Balanced,2025-11-18,14,Education,Myntra,4102.39,BNPL,Mobile,0,0,0,0,0,8,8,0
9870,203,20,35000,Balanced,2025-12-27,17,EMI,Amazon,9600.55,Credit Card,Mobile,0,0,0,0,0,6,5,0
9871,472,23,25000,Conservative,2025-01-10,5,Rent,PhonePe,13575.18,UPI,Mobile,0,0,1,0,0,4,10,1
9872,177,42,25000,Conservative,2025-10-13,1,Entertainment,Paytm,1201.74,UPI,Desktop,0,1,0,1,0,8,0,0
9873,289,24,35000,Aggressive,2025-12-29,4,EMI,Paytm,5758.44,Credit Card,Mobile,0,0,0,0,0,6,3,0
9874,351,43,50000,Conservative,2025-01-07,8,Food Delivery,Swiggy,220.57,UPI,Mobile,0,0,1,1,1,10,2,1
9875,182,36,100000,Balanced,2025-04-23,23,Groceries,Uber,1134.81,UPI,Desktop,0,1,0,1,0,2,0,0
9876,271,22,15000,Conservative,2025-07-07,9,Food Delivery,Netflix,422.53,Debit Card,Desktop,0,0,0,0,0,6,0,0
9877,333,36,35000,Balanced,2025-04-02,13,EMI,Netflix,8894.37,BNPL,Mobile,1,0,0,1,0,6,8,0
9878,252,44,100000,Balanced,2025-02-24,19,Electronics,Swiggy,8503.97,Credit Card,Mobile,0,0,0,0,0,5,1,0
9879,476,25,50000,Aggressive,2025-01-30,12,Entertainment,Netflix,1142.87,Credit Card,Mobile,0,0,1,1,0,10,2,1
9880,402,19,15000,Aggressive,2025-10-11,0,Food Delivery,Swiggy,406.94,UPI,Mobile,0,1,0,1,0,2,2,1
9881,155,39,25000,Conservative,2025-03-02,16,Investment,Netflix,6494.61,UPI,Mobile,1,0,0,1,0,6,5,0
9882,456,34,50000,Balanced,2025-07-28,21,Food Delivery,Myntra,100.0,BNPL,Desktop,0,0,0,1,0,8,3,0
9883,437,36,50000,Conservative,2025-05-31,22,Travel,Flipkart,11657.51,Credit Card,Mobile,0,1,1,0,0,10,6,1
9884,201,18,15000,Conservative,2025-05-17,3,Education,Swiggy,513.56,UPI,Mobile,0,0,0,0,0,10,0,0
9885,268,23,25000,Conservative,2025-07-18,0,Entertainment,Uber,809.03,UPI,Tablet,0,1,1,0,0,3,2,1
9886,25,30,15000,Aggressive,2025-08-07,20,Utilities,Groww,1847.22,Credit Card,Desktop,0,0,0,0,0,6,2,0
9887,253,18,15000,Conservative,2025-03-08,16,Utilities,Uber,1613.32,UPI,Mobile,0,0,0,0,0,4,2,0
9888,471,20,25000,Conservative,2025-10-06,16,Travel,Swiggy,4152.37,UPI,Mobile,0,0,0,1,1,9,3,0
9889,239,31,15000,Conservative,2025-12-08,4,Travel,BigBasket,8348.82,Debit Card,Mobile,0,0,0,1,0,9,10,0
9890,312,25,35000,Conservative,2025-07-16,1,Electronics,PhonePe,7634.04,UPI,Mobile,0,1,0,0,0,8,6,1
9891,245,43,35000,Conservative,2025-12-01,11,Fashion,Croma,3665.2,UPI,Mobile,1,0,0,0,0,3,2,0
9892,404,20,15000,Conservative,2025-12-23,16,Travel,Paytm,10691.91,UPI,Mobile,0,0,1,0,0,2,10,1
9893,247,20,35000,Balanced,2025-05-30,10,Utilities,PhonePe,1512.11,Credit Card,Mobile,0,0,1,0,1,7,0,0
9894,464,34,15000,Aggressive,2025-02-06,15,Groceries,Netflix,1382.19,UPI,Desktop,0,0,0,0,0,9,1,0
9895,234,33,15000,Conservative,2025-01-06,7,Travel,PhonePe,4814.18,Debit Card,Mobile,0,0,0,1,0,3,6,0
9896,489,36,15000,Conservative,2025-12-19,10,Groceries,Myntra,1410.17,UPI,Mobile,0,0,1,0,0,1,1,0
9897,397,19,75000,Balanced,2025-09-07,1,EMI,Groww,6298.2,Credit Card,Desktop,0,1,0,0,1,5,1,0
9898,17,25,15000,Aggressive,2025-02-20,21,Rent,PhonePe,14029.03,Debit Card,Desktop,0,0,0,0,0,5,10,0
9899,378,28,35000,Balanced,2025-01-09,8,Utilities,Paytm,2701.08,Credit Card,Mobile,0,0,0,0,0,5,1,0
9900,203,20,35000,Balanced,2025-12-18,23,Health,Zomato,798.78,UPI,Desktop,0,1,0,0,1,9,0,0
9901,469,38,75000,Aggressive,2025-11-04,22,Electronics,Groww,5826.24,UPI,Mobile,1,1,0,0,0,7,1,0
9902,71,27,25000,Balanced,2025-08-23,21,Investment,Flipkart,100.0,UPI,Mobile,0,0,0,0,0,10,0,0
9903,91,33,25000,Conservative,2025-11-19,14,EMI,Netflix,3217.96,UPI,Mobile,0,0,1,1,0,6,2,0
9904,445,40,15000,Aggressive,2025-03-13,19,EMI,Paytm,3635.69,UPI,Mobile,0,0,0,0,0,8,4,0
9905,228,35,25000,Conservative,2025-10-02,5,Groceries,Zomato,1187.47,UPI,Desktop,1,0,0,1,0,10,0,0
9906,6,23,15000,Aggressive,2025-08-09,2,Utilities,BigBasket,1681.89,Credit Card,Mobile,0,1,0,1,0,6,2,0
9907,377,25,50000,Balanced,2025-12-22,9,Electronics,PhonePe,14200.12,Cash,Desktop,0,0,0,1,0,4,7,1
9908,57,19,35000,Conservative,2025-12-12,18,Electronics,Swiggy,15734.16,UPI,Desktop,0,0,0,1,0,10,8,0
9909,28,28,25000,Balanced,2025-10-22,6,Groceries,Paytm,1355.21,UPI,Mobile,0,0,0,1,1,3,1,0
9910,46,28,25000,Conservative,2025-05-30,14,Entertainment,BigBasket,515.07,UPI,Mobile,0,0,0,0,0,6,0,0
9911,258,41,15000,Conservative,2025-02-22,22,Groceries,Groww,1776.21,BNPL,Mobile,0,1,0,0,0,5,5,0
9912,438,19,35000,Aggressive,2025-02-17,17,Education,PhonePe,3434.96,UPI,Mobile,0,0,1,0,0,2,1,0
9913,156,21,15000,Aggressive,2025-10-05,11,Education,Paytm,1950.0,UPI,Mobile,1,0,0,1,1,2,2,0
9914,219,21,35000,Aggressive,2025-07-07,22,EMI,Netflix,7463.29,Cash,Mobile,0,1,0,0,1,4,6,1
9915,223,32,15000,Conservative,2025-05-06,17,Food Delivery,Swiggy,445.19,Cash,Desktop,0,0,1,0,1,4,2,1
9916,127,39,15000,Conservative,2025-01-13,6,Rent,Paytm,10907.45,UPI,Mobile,0,0,1,1,0,8,10,0
9917,479,20,25000,Balanced,2025-03-09,17,EMI,PhonePe,3508.26,UPI,Desktop,0,0,0,0,0,9,2,0
9918,229,38,35000,Balanced,2025-11-05,19,Education,Swiggy,1620.5,Debit Card,Mobile,1,0,0,1,0,10,0,0
9919,378,28,35000,Balanced,2025-01-28,23,Health,Zomato,2197.82,Cash,Mobile,0,1,0,0,0,8,1,0
9920,188,43,25000,Balanced,2025-04-21,23,Health,BigBasket,2003.85,UPI,Mobile,0,1,1,1,0,9,1,0
9921,34,44,35000,Conservative,2025-07-22,15,Food Delivery,Amazon,100.0,UPI,Mobile,0,0,0,0,0,9,0,0
9922,42,30,15000,Conservative,2025-08-16,4,Fashion,Amazon,3415.29,Credit Card,Mobile,0,0,1,0,0,2,6,1
9923,24,32,50000,Conservative,2025-12-25,12,Entertainment,Uber,895.68,Credit Card,Mobile,0,0,0,0,1,3,2,1
9924,450,25,25000,Balanced,2025-11-22,16,Education,Zomato,3030.84,Credit Card,Mobile,0,0,0,0,1,3,2,0
9925,261,42,50000,Balanced,2025-05-18,8,Fashion,Swiggy,2929.8,UPI,Mobile,0,0,0,0,0,10,1,0
9926,422,22,15000,Aggressive,2025-07-03,9,Education,PhonePe,458.57,BNPL,Mobile,1,0,0,0,0,3,3,0
9927,115,24,15000,Conservative,2025-03-15,12,Investment,Groww,3816.64,Credit Card,Desktop,0,0,0,0,0,3,7,1
9928,406,42,35000,Conservative,2025-04-05,20,Rent,Flipkart,14985.58,BNPL,Desktop,1,0,0,0,0,4,10,1
9929,114,38,25000,Aggressive,2025-08-13,2,Rent,Flipkart,10561.63,Debit Card,Mobile,0,1,0,0,1,1,10,1
9930,85,20,50000,Balanced,2025-04-02,9,Investment,Netflix,4665.06,UPI,Mobile,1,0,0,0,1,6,1,0
9931,33,22,50000,Balanced,2025-01-16,20,Electronics,Swiggy,10642.69,UPI,Mobile,0,0,0,1,0,2,6,1
9932,493,18,35000,Conservative,2025-12-13,23,Education,Myntra,2633.55,UPI,Mobile,0,1,0,0,1,10,1,0
9933,427,41,50000,Conservative,2025-01-25,5,Entertainment,Paytm,355.35,Debit Card,Mobile,0,0,0,0,0,9,0,0
9934,72,43,100000,Balanced,2025-07-29,9,Entertainment,Zomato,851.46,Cash,Mobile,0,0,0,1,1,4,2,1
9935,366,43,35000,Conservative,2025-04-23,1,Health,Myntra,1798.82,Debit Card,Mobile,0,1,0,1,0,9,1,0
9936,441,33,50000,Aggressive,2025-02-14,3,Fashion,Groww,2874.83,Debit Card,Desktop,0,0,0,0,0,3,1,0
9937,155,39,25000,Conservative,2025-05-08,6,Investment,Myntra,3420.54,Debit Card,Mobile,0,0,1,0,0,1,2,0
9938,246,30,35000,Balanced,2025-09-07,2,EMI,Paytm,8414.94,Credit Card,Desktop,0,1,0,0,0,2,6,1
9939,80,42,50000,Conservative,2025-01-06,11,Entertainment,BigBasket,622.31,UPI,Mobile,0,0,0,1,0,9,0,0
9940,28,28,25000,Balanced,2025-10-21,7,Entertainment,Croma,189.05,Credit Card,Desktop,0,0,0,0,0,7,0,0
9941,60,23,25000,Balanced,2025-11-03,15,Investment,Netflix,3258.35,Debit Card,Mobile,1,0,1,0,0,9,2,0
9942,79,25,35000,Conservative,2025-03-31,15,Rent,Zomato,10539.96,Credit Card,Desktop,0,0,0,0,0,5,6,0
9943,384,33,75000,Balanced,2025-08-09,3,Fashion,Croma,100.0,UPI,Mobile,0,0,0,0,0,9,0,0
9944,174,20,25000,Balanced,2025-09-29,6,Entertainment,Croma,1055.5,UPI,Desktop,0,0,0,0,0,1,0,0
9945,213,31,50000,Conservative,2025-05-31,16,Education,Amazon,2367.12,Debit Card,Mobile,0,0,1,0,0,9,0,0
9946,291,40,15000,Conservative,2025-06-23,19,Electronics,Uber,3089.57,UPI,Mobile,0,0,0,1,0,6,4,0
9947,85,20,50000,Balanced,2025-10-23,4,Investment,Zomato,3231.85,Credit Card,Mobile,0,0,0,1,0,5,1,0
9948,187,29,15000,Conservative,2025-12-20,10,Electronics,BigBasket,2956.03,UPI,Desktop,0,0,1,0,0,4,5,1
9949,324,25,35000,Balanced,2025-03-17,12,Food Delivery,Flipkart,375.26,BNPL,Tablet,0,0,1,0,0,8,5,1
9950,27,18,25000,Conservative,2025-12-18,10,Travel,Swiggy,5937.44,Credit Card,Mobile,0,0,0,0,0,7,4,0
9951,50,25,35000,Balanced,2025-02-16,7,Utilities,Myntra,1582.24,Credit Card,Desktop,0,0,0,1,1,8,0,0
9952,143,20,25000,Balanced,2025-12-20,23,Electronics,Amazon,15545.3,UPI,Desktop,0,1,1,1,1,8,10,1
9953,112,37,15000,Conservative,2025-09-29,6,Food Delivery,Croma,449.85,Debit Card,Tablet,0,0,0,0,0,5,0,0
9954,103,28,50000,Balanced,2025-07-11,5,Utilities,Groww,1828.87,BNPL,Mobile,0,0,1,0,0,1,5,1
9955,108,31,75000,Conservative,2025-10-01,4,EMI,Flipkart,4200.59,UPI,Desktop,1,0,0,1,1,1,1,0
9956,25,30,15000,Aggressive,2025-05-03,2,Fashion,Paytm,2339.5,Credit Card,Mobile,1,1,0,1,0,5,5,1
9957,315,37,35000,Aggressive,2025-06-21,6,Electronics,Myntra,12001.98,Cash,Mobile,0,0,0,0,0,8,6,0
9958,396,41,25000,Conservative,2025-09-29,12,Groceries,Amazon,579.81,BNPL,Mobile,0,0,0,0,0,5,3,0
9959,184,18,35000,Balanced,2025-09-07,4,Utilities,Groww,3193.73,Credit Card,Mobile,0,0,0,0,1,2,1,0
9960,357,43,35000,Conservative,2025-05-01,11,Groceries,Uber,1124.51,UPI,Mobile,1,0,0,0,1,2,0,0
9961,452,36,50000,Balanced,2025-12-17,20,Groceries,Swiggy,1515.99,UPI,Mobile,0,0,0,0,0,6,0,0
9962,227,43,25000,Aggressive,2025-08-14,20,EMI,Swiggy,6390.4,BNPL,Mobile,0,0,0,0,0,5,8,0
9963,30,24,50000,Aggressive,2025-06-23,3,Health,Uber,2647.18,Credit Card,Desktop,0,0,0,0,0,1,1,0
9964,353,40,50000,Balanced,2025-04-02,12,Food Delivery,Myntra,229.93,Debit Card,Mobile,1,0,1,0,0,5,0,0
9965,325,30,25000,Balanced,2025-03-12,8,Entertainment,Zomato,1052.88,UPI,Mobile,0,0,1,0,1,3,2,1
9966,380,29,100000,Conservative,2025-08-12,5,Health,Netflix,1798.35,UPI,Desktop,0,0,0,1,0,8,0,0
9967,375,44,35000,Conservative,2025-01-24,18,Education,PhonePe,3066.39,UPI,Mobile,0,0,0,0,0,8,1,0
9968,14,42,100000,Aggressive,2025-01-22,23,Food Delivery,Netflix,606.87,Debit Card,Desktop,0,1,0,1,0,4,2,1
9969,447,21,35000,Balanced,2025-04-08,20,Health,Croma,2402.36,UPI,Mobile,0,0,0,0,0,10,1,0
9970,474,32,35000,Balanced,2025-03-19,2,EMI,Myntra,7222.52,Cash,Mobile,0,1,0,0,0,7,4,0
9971,224,28,15000,Balanced,2025-11-06,10,Entertainment,Paytm,1032.17,BNPL,Mobile,0,0,0,1,1,5,6,1
9972,29,20,50000,Conservative,2025-10-17,5,Education,PhonePe,3309.47,UPI,Desktop,0,0,0,0,0,1,1,0
9973,451,41,50000,Conservative,2025-07-05,2,Entertainment,Zomato,681.2,Credit Card,Mobile,1,1,0,1,0,8,2,1
9974,327,34,15000,Balanced,2025-11-27,17,EMI,Uber,7383.33,UPI,Mobile,0,0,1,0,1,4,10,1
9975,148,42,35000,Balanced,2025-11-12,8,Electronics,Flipkart,7057.9,Credit Card,Mobile,0,0,1,0,1,9,6,1
9976,285,25,25000,Balanced,2025-03-27,2,Rent,Flipkart,11954.78,UPI,Mobile,0,1,0,0,0,2,10,1
9977,414,22,50000,Conservative,2025-03-08,12,Utilities,Groww,1605.48,UPI,Mobile,0,0,0,0,0,10,0,0
9978,5,39,15000,Balanced,2025-10-07,10,Utilities,BigBasket,2075.29,UPI,Mobile,0,0,0,1,0,8,2,0
9979,62,23,25000,Balanced,2025-03-28,7,Electronics,Flipkart,11086.51,Credit Card,Mobile,0,0,1,0,0,9,10,1
9980,383,42,35000,Conservative,2025-09-21,1,Entertainment,Flipkart,1022.97,Credit Card,Tablet,0,1,0,1,0,7,2,1
9981,2,25,35000,Conservative,2025-01-17,4,Fashion,Amazon,2338.69,Debit Card,Mobile,0,0,0,1,0,5,1,0
9982,240,20,75000,Balanced,2025-07-05,15,Electronics,Uber,13323.35,BNPL,Mobile,1,0,1,1,0,1,8,1
9983,218,40,35000,Balanced,2025-02-28,10,Health,Paytm,1127.54,Credit Card,Mobile,0,0,0,1,0,1,0,0
9984,279,44,35000,Aggressive,2025-05-17,12,Health,Myntra,2152.13,Debit Card,Mobile,0,0,0,0,1,9,1,0
9985,489,36,15000,Conservative,2025-12-16,0,Education,Amazon,2275.81,Credit Card,Desktop,0,1,0,0,0,10,5,1
9986,306,27,50000,Conservative,2025-06-28,5,Health,Uber,3583.07,UPI,Mobile,0,0,1,1,0,8,1,0
9987,197,41,25000,Aggressive,2025-01-29,18,Travel,Flipkart,9262.53,UPI,Tablet,0,0,0,1,1,7,7,0
9988,445,40,15000,Aggressive,2025-07-14,5,Groceries,Amazon,1528.04,BNPL,Mobile,0,0,0,0,0,10,5,0
9989,236,37,25000,Conservative,2025-08-17,3,Electronics,Uber,5363.09,UPI,Mobile,0,0,0,0,0,10,4,0
9990,44,42,15000,Balanced,2025-11-19,9,Fashion,BigBasket,1149.93,UPI,Mobile,0,0,0,0,0,6,1,0
9991,70,42,15000,Aggressive,2025-02-10,21,Food Delivery,Swiggy,557.63,UPI,Mobile,0,0,0,1,1,2,2,1
9992,56,34,100000,Conservative,2025-01-14,15,Entertainment,Croma,588.02,Credit Card,Mobile,0,0,0,1,1,9,2,1
9993,55,24,35000,Conservative,2025-09-15,17,Entertainment,Croma,402.44,UPI,Mobile,0,0,0,0,1,10,0,0
9994,31,26,35000,Conservative,2025-04-24,12,Fashion,Swiggy,3795.79,UPI,Mobile,0,0,0,0,1,6,2,0
9995,236,37,25000,Conservative,2025-01-24,19,EMI,Zomato,5084.24,Debit Card,Desktop,0,0,0,0,0,9,4,0
9996,499,44,15000,Aggressive,2025-09-27,15,Food Delivery,Flipkart,363.24,Credit Card,Mobile,0,0,0,0,1,3,2,1
9997,29,20,50000,Conservative,2025-06-13,14,Food Delivery,Zomato,695.5,UPI,Desktop,0,0,0,0,0,4,0,0
9998,17,25,15000,Aggressive,2025-04-12,23,Utilities,Uber,590.2,UPI,Mobile,0,1,0,1,0,10,0,0
9999,92,34,15000,Aggressive,2025-07-17,4,Rent,Zomato,15209.25,UPI,Tablet,0,0,1,1,1,10,10,1
10000,492,27,50000,Aggressive,2025-02-23,20,Travel,Myntra,7210.12,UPI,Mobile,0,0,0,1,1,5,2,0
